Gene,Non-unique Gene name,Annotation,Number_pos_present_in,Number_neg_present_in,Number_pos_not_present_in,Number_neg_not_present_in,Sensitivity,Specificity,Odds_ratio,Naive_p,Bonferroni_p,Benjamini_H_p,Max_Pairwise_comparisons,Max_supporting_pairs,Max_opposing_pairs,Best_pairwise_comp_p,Worst_pairwise_comp_p
group_10205,,hypothetical protein,135,74,102,180,56.9620253164557,70.86614173228347,3.21939586645469,4.455077838604879e-10,2.5683523739557125e-06,1.1674328972525967e-07,69,50,24,0.0002443970165775,0.0154322974537012
group_8601,,hypothetical protein,119,61,118,193,50.210970464135016,75.98425196850394,3.1907474298416227,1.6841824443765932e-09,9.70931179183106e-06,3.596041404381874e-07,61,40,30,0.0204147137996349,0.9999999999999996
higB2_1,;higB-2_1,hypothetical protein;Toxin HigB-2,59,17,178,237,24.89451476793249,93.30708661417324,4.620951751487112,1.9126319344585657e-08,0.0001102632310215,1.680750108072126e-06,18,12,10,0.2378845214843748,0.8145294189453123
group_10462,,hypothetical protein,62,19,175,235,26.160337552742615,92.51968503937007,4.381954887218045,2.18657863149019e-08,0.0001260562581054,1.680750108072126e-06,17,12,8,0.1434631347656249,0.9999999999999998
group_6673,,putative protein;hypothetical protein,70,25,167,229,29.535864978902957,90.15748031496062,3.839520958083833,2.7469527300982896e-08,0.0001583618248901,2.056647076495667e-06,41,32,12,0.0004308570423745,0.011507789735333
ldrD_2,ldrD_2,Small toxic polypeptide LdrD,55,17,182,237,23.20675105485232,93.30708661417324,4.212992889463478,1.9397389585202557e-07,0.0011182595095869,1.202429580200997e-05,34,26,11,0.00293505564332,0.0576126729138196
group_5216,,hypothetical protein,61,21,176,233,25.73839662447257,91.73228346456692,3.845508658008658,2.224225198306292e-07,0.0012822658268235,1.3097862814476866e-05,15,9,10,0.3017578125000001,0.6072387695312501
cbeA_1~~~cbeA_2~~~cbeA_3~~~cbeA_4~~~cbeA~~~cbeA_5,;cbeA_1;cbeA_2;cbeA_3;cbeA_4;cbeA;cbeA_5,hypothetical protein;Cytoskeleton bundling-enhancing antitoxin CbeA,69,27,168,227,29.11392405063291,89.37007874015748,3.453042328042328,2.2377687819968435e-07,0.0012900737028211,1.3097862814476866e-05,44,30,17,0.0226288412059147,0.1741711472707265
group_6803,,hypothetical protein,80,35,157,219,33.755274261603375,86.22047244094489,3.18835304822566,2.2493822025256802e-07,0.001296768839756,1.3097862814476866e-05,43,32,18,0.0019139610012643,0.3603776529357672
higB_1~~~higB,higB_1;higB,mRNA interferase HigB,59,20,178,234,24.89451476793249,92.1259842519685,3.878089887640449,2.8625141171349746e-07,0.0016502393885283,1.571656560503155e-05,17,12,11,0.1434631347656249,0.332305908203125
group_5512,,hypothetical protein,74,31,163,223,31.223628691983123,87.79527559055119,3.265782703344548,2.985233709812882e-07,0.0017209872337071,1.6176093014836277e-05,46,28,22,0.1839248213769903,0.8829959121223956
group_412,,hypothetical protein,76,34,161,220,32.06751054852321,86.61417322834646,3.0544391669711364,8.41047022375823e-07,0.0048486360839966,3.673209154542894e-05,37,25,17,0.0470310274395159,0.7428293587290689
deoR_2~~~deoR_1,deoR_2;deoR_1,Deoxyribose operon repressor,119,73,118,181,50.210970464135016,71.25984251968504,2.5004643603436265,1.3601046804054295e-06,0.0078410034825373,5.091560702946301e-05,39,27,18,0.023702702470473,0.7492586247608415
xerC_5~~~xerC_1~~~xerC_4~~~xerC_3~~~xerC_2~~~xerC_6,xerC_5;xerC_1;xerC_4;xerC_3;xerC_2;xerC_6,Tyrosine recombinase XerC,63,25,174,229,26.58227848101265,90.15748031496062,3.316551724137931,1.7630287314388506e-06,0.0101638606367449,5.624510635172026e-05,21,14,14,0.1892471313476562,0.1892471313476562
group_495,,hypothetical protein,49,16,188,238,20.675105485232063,93.7007874015748,3.876994680851064,2.2437945675952942e-06,0.0129354756821868,6.467737841093436e-05,30,20,12,0.098737146705389,0.361594608053565
group_374,,hypothetical protein,99,56,138,198,41.77215189873418,77.95275590551181,2.5364906832298137,2.8736603820385177e-06,0.016566652102452,7.851493887418036e-05,41,25,21,0.2110235976088008,0.9999999999999998
group_8340,,hypothetical protein,50,17,187,237,21.09704641350211,93.30708661417324,3.727587291601132,3.020082649946664e-06,0.0174107764769425,8.098035570670938e-05,42,27,17,0.0884295469877543,0.2799562385289392
rrrD_4~~~rrrD_3~~~rrrD_1~~~rrrD_2~~~rrrD,rrrD_4;rrrD_3;rrrD_1;rrrD_2;rrrD;,Lysozyme RrrD;hypothetical protein,95,52,142,202,40.08438818565401,79.52755905511812,2.598862405200433,3.1062559711781927e-06,0.0179075656738422,8.252334411908885e-05,44,31,19,0.0095598788566348,0.4513808323961254
group_9302,,hypothetical protein,104,61,133,193,43.88185654008439,75.98425196850394,2.474053987427585,4.029522740811469e-06,0.0232301986007781,0.0001032453271145,43,25,26,0.2220528201560227,0.3603776529357672
fucP_2,;fucP_2,hypothetical protein;L-fucose-proton symporter,132,89,105,165,55.69620253164557,64.96062992125984,2.330658105939005,5.320635878656083e-06,0.0306734658404523,0.0001202881013351,43,28,22,0.065994034455798,0.9999999999999998
cbtA_2~~~cbtA_3~~~cbtA_1~~~cbtA_4,cbtA_2;cbtA_3;cbtA_1;cbtA_4,Cytoskeleton-binding toxin CbtA,64,28,173,226,27.004219409282697,88.9763779527559,2.985962014863749,5.579074048053356e-06,0.0321633618870276,0.0001240562827464,48,34,18,0.0055152014855011,0.1114028910610187
gntR_2,;gntR_2,hypothetical protein;HTH-type transcriptional regulator GntR,94,53,143,201,39.66244725738397,79.13385826771653,2.492941021242908,5.594906073562876e-06,0.0322546335140899,0.0001240562827464,23,18,14,0.0106220245361328,0.4048728942871095
phnR--group_5756--yihN_1~~~yihN_2~~~yihN_3~~~yihN,phnR----yihN_1;yihN_2;;yihN_3;yihN,Putative transcriptional regulator of 2-aminoethylphosphonate degradation operons--hypothetical protein--Inner membrane protein YihN;hypothetical protein,122,79,115,175,51.47679324894515,68.89763779527559,2.3500275178866263,6.276830663017788e-06,0.0361859287722975,0.0001365506746124,5,2,5,0.0625,1.0
group_239,,IS256 family transposase IS1414;IS256 family transposase IS285;IS256 family transposase ISEc39,56,22,181,232,23.62869198312236,91.33858267716536,3.262682069311904,6.511931105656355e-06,0.0375412828241088,0.0001411326421958,34,18,19,0.60759136127308,0.8641662404406815
group_9122,,hypothetical protein,92,51,145,203,38.81856540084388,79.92125984251969,2.5254901960784317,6.801970489293366e-06,0.0392133598707762,0.0001463185069805,43,23,27,0.1262894743854302,0.7607916425613435
group_298,,hypothetical protein,92,51,145,203,38.81856540084388,79.92125984251969,2.5254901960784317,6.801970489293366e-06,0.0392133598707762,0.0001463185069805,35,23,18,0.0895310789346694,1.0
group_11724,,hypothetical protein,87,47,150,207,36.70886075949368,81.49606299212599,2.554468085106383,7.261978498533537e-06,0.0418653060440458,0.0001500548603729,59,36,28,0.1174773502450585,0.7948436539828605
group_8961,,hypothetical protein,66,30,171,224,27.848101265822784,88.18897637795276,2.88187134502924,7.760275505781871e-06,0.0447379882908324,0.0001573344855459,36,24,15,0.0652453352231532,0.4050322461407633
group_11653,,hypothetical protein,55,22,182,232,23.20675105485232,91.33858267716536,3.1868131868131866,1.064513845212569e-05,0.0613692231765046,0.0002038844623804,17,11,8,0.332305908203125,0.9999999999999998
group_6280,ydfK;,Cold shock protein YdfK;hypothetical protein,97,57,140,197,40.92827004219409,77.55905511811024,2.3946115288220557,1.12804800864661e-05,0.065031967698477,0.0002153376413856,39,26,19,0.0532519140979275,0.9999999999999992
ulaC_2~~~ulaC_3,ulaC_2;ulaC_3,Ascorbate-specific PTS system EIIA component,93,53,144,201,39.24050632911392,79.13385826771653,2.4492924528301887,1.2356626249717538e-05,0.0712359503296216,0.0002320389261551,23,18,14,0.0106220245361328,0.4048728942871095
rbsK_2~~~rbsK_1~~~rbsK_3,rbsK_2;rbsK_1;rbsK_3,Ribokinase,133,92,104,162,56.118143459915615,63.77952755905512,2.25188127090301,1.2820243391741216e-05,0.0739087031533881,0.0002399633219265,45,28,25,0.1351564508456704,0.5514843298025199
group_2559,,hypothetical protein,53,21,184,233,22.36286919831224,91.73228346456692,3.195910973084886,1.3890477205380537e-05,0.0800786010890187,0.000258318068029,11,7,7,0.548828125,0.548828125
group_10611,,hypothetical protein,93,54,144,200,39.24050632911392,78.74015748031496,2.3919753086419755,1.41421083119073e-05,0.0815292544181455,0.0002604768511761,43,25,26,0.2220528201560227,0.3603776529357672
group_11794,,hypothetical protein;ISL3 family transposase ISEc38,79,42,158,212,33.33333333333333,83.46456692913385,2.523809523809524,1.645080229953255e-05,0.0948388752568051,0.0002927125779531,37,20,24,0.0988717495929449,0.7428293587290689
group_8971,,hypothetical protein,63,29,174,225,26.58227848101265,88.58267716535433,2.809155766944114,1.678629253397492e-05,0.0967729764583654,0.0002977630044872,40,29,17,0.0064265760956914,0.4295905078433862
group_2398,,hypothetical protein,80,43,157,211,33.755274261603375,83.07086614173228,2.500370315508813,1.813636684144281e-05,0.1045561548409177,0.0003149281772316,25,18,12,0.0432852506637573,0.9999999999999996
group_10305,,IS66 family transposase ISEc43;IS66 family transposase ISEc23;IS66 family transposase IS682,73,37,164,217,30.801687763713083,85.43307086614173,2.6105800922874094,2.076209854770931e-05,0.1196934981275441,0.0003572940242613,31,20,18,0.1496127843856811,0.4731296598911284
group_9040,,hypothetical protein,82,45,155,209,34.59915611814346,82.28346456692913,2.4570609318996417,2.1866700489781445e-05,0.12606152832359,0.0003718629154088,41,29,15,0.011507789735333,0.1172752059574123
group_7310--cspJ,--cspJ,hypothetical protein--Cold shock-like protein CspJ,88,50,149,204,37.130801687763714,80.31496062992126,2.409664429530201,2.220707565596728e-05,0.1280237911566513,0.0003747258116013,41,28,18,0.0275331558295874,0.5327092552361133
group_1902,,Tn3 family transposase ISYps3,91,53,146,201,38.39662447257383,79.13385826771653,2.3637890927888345,2.8202719969543367e-05,0.1625886806244175,0.0004618996608648,38,27,17,0.0138529652613215,0.6271025701571481
group_6625,,hypothetical protein,67,33,170,221,28.270042194092827,87.00787401574803,2.639393939393939,2.971082660782036e-05,0.1712829153940843,0.0004784438977488,41,31,12,0.0014504910141113,0.011507789735333
intQ_1~~~intQ,intQ_1;intQ,Putative defective protein IntQ,82,46,155,208,34.59915611814346,81.88976377952756,2.392145862552595,3.623730682050903e-05,0.2089080738202345,0.0005676849832071,40,28,16,0.0165890033749747,0.2681872510547691
group_8073,,hypothetical protein,77,42,160,212,32.48945147679325,83.46456692913385,2.4291666666666667,3.847094621495959e-05,0.221785004929242,0.0005961962498097,27,20,13,0.0191572904586791,1.0
group_6374,,hypothetical protein,77,42,160,212,32.48945147679325,83.46456692913385,2.4291666666666667,3.847094621495959e-05,0.221785004929242,0.0005961962498097,20,15,11,0.0413894653320312,0.8238029479980463
group_338,,IS3 family transposase ISEc16;IS3 family transposase IS3F;IS3 family transposase ISEc17;hypothetical protein,103,65,134,189,43.459915611814345,74.40944881889764,2.235017221584386,3.9931146910068455e-05,0.2302030619365446,0.0006090028093559,48,30,26,0.1114028910610187,0.6654658120766195
group_10096,,hypothetical protein;IS1 family transposase IS1R;IS1 family transposase IS1S;IS1 family transposase IS1X2;IS1 family transposase IS1F,70,36,167,218,29.535864978902957,85.8267716535433,2.538256819693945,4.335199205130245e-05,0.2499242341757586,0.0006525436923649,44,29,21,0.0487667659044746,0.8803958212806721
group_5264,,hypothetical protein,59,27,178,227,24.89451476793249,89.37007874015748,2.7867249271743653,4.4541504499406815e-05,0.2567817734390802,0.0006652377550235,40,27,20,0.0384773082842002,1.0
group_482,,hypothetical protein,59,27,178,227,24.89451476793249,89.37007874015748,2.7867249271743653,4.4541504499406815e-05,0.2567817734390802,0.0006652377550235,47,33,18,0.0079427265094835,0.143865088440549
group_8532,,hypothetical protein,120,82,117,172,50.63291139240506,67.71653543307087,2.1513445903689807,5.128140338810609e-05,0.2956372905324316,0.0007317754716149,56,36,34,0.0440465461021507,0.1408954235984807
group_375,,hypothetical protein,87,51,150,203,36.70886075949368,79.92125984251969,2.308627450980392,5.4080432756615865e-05,0.3117736948418904,0.0007604236459558,34,23,17,0.0576126729138196,1.0
rrrD~~~rrrD_3~~~rrrD_1~~~rrrD_2,rrrD;rrrD_3;rrrD_1;;rrrD_2,Lysozyme RrrD;hypothetical protein,63,31,174,223,26.58227848101265,87.79527559055119,2.604560622914349,5.453974481785876e-05,0.3144216288749557,0.0007617784040386,38,31,14,0.0001161670079454,0.1433066542958841
group_10795,,hypothetical protein,81,46,156,208,34.177215189873415,81.88976377952756,2.347826086956522,5.4504646527981615e-05,0.314219287233814,0.0007617784040386,33,20,20,0.2962063685990871,0.2962063685990871
group_953,,hypothetical protein,76,42,161,212,32.06751054852321,83.46456692913385,2.3827270038450163,5.8189465985291255e-05,0.335462271405204,0.0008032650481143,31,22,15,0.0294493734836578,0.9999999999999994
gnsA_2~~~gnsA_1,gnsA_2;gnsA_1,Protein GnsA,88,52,149,202,37.130801687763714,79.52755905511812,2.2942694889003614,5.824194104281197e-05,0.335764790111811,0.0008032650481143,43,28,20,0.065994034455798,0.7607916425613435
dltA_1~~~dltA_2,dltA_1;;dltA_2,D-alanine--D-alanyl carrier protein ligase;hypothetical protein,83,48,154,206,35.0210970464135,81.10236220472441,2.3130411255411256,6.398683030715424e-05,0.3688840767207442,0.0008569115357188,16,11,9,0.2101135253906249,0.8036193847656252
group_10387,,hypothetical protein;IS66 family transposase ISCro1;IS66 family transposase ISKox1;IS66 family transposase ISEc43;IS66 family transposase ISEc23,101,65,136,189,42.616033755274266,74.40944881889764,2.159389140271493,8.623426304032761e-05,0.4971405264274887,0.0010466116345841,42,24,24,0.4407990673425962,0.4407990673425962
group_11036,,hypothetical protein,63,32,174,222,26.58227848101265,87.4015748031496,2.511853448275862,9.496343292705348e-05,0.5474641908244634,0.0011172738588254,32,25,12,0.0021024015732109,0.2153271497227251
rrrD_1~~~rrrD_3~~~rrrD~~~rrrD_2,rrrD_1;rrrD_3;rrrD;rrrD_2,Lysozyme RrrD,135,100,102,154,56.9620253164557,60.629921259842526,2.038235294117647,0.0001025301121171,0.5910860963555206,0.0012038413367729,51,29,31,0.1607796018119883,0.4010619910279376
group_5473,,hypothetical protein,50,22,187,232,21.09704641350211,91.33858267716536,2.819640252795333,0.0001112316099323,0.641250231260161,0.0012799405813576,34,23,14,0.0576126729138196,0.3915283051319426
group_8360,,hypothetical protein,112,77,125,177,47.25738396624472,69.68503937007874,2.0596363636363635,0.0001379197915075,0.7951075980410168,0.0015290530731558,61,41,30,0.0098534481952592,0.9999999999999996
group_8581,,hypothetical protein,55,26,182,228,23.20675105485232,89.76377952755905,2.650042265426881,0.0001404597879486,0.8097506775241505,0.0015542239491826,22,15,11,0.1338005065917968,1.0
ydfR~~~ydfR_2,;ydfR;ydfR_2,hypothetical protein;putative protein YdfR,75,43,162,211,31.64556962025317,83.07086614173228,2.271748492678725,0.0001411813481705,0.813910472203132,0.0015592154639906,56,38,24,0.0104548183218921,0.3496819529836854
group_11189--group_11037,--,hypothetical protein--hypothetical protein,62,32,175,222,26.160337552742615,87.4015748031496,2.4578571428571427,0.0001441380630256,0.8309559333428851,0.0015857937659215,31,24,12,0.0033268928527832,0.2810415150597692
group_6811,,hypothetical protein,63,33,174,221,26.58227848101265,87.00787401574803,2.424764890282132,0.000161746349431,0.9324677044701108,0.001726792045315,42,30,21,0.0079158973348967,1.0
group_9085,,hypothetical protein,90,56,147,198,37.9746835443038,77.95275590551181,2.16472303206997,0.0001636795790621,0.9436127732932972,0.0017412301069863,51,37,16,0.0017691971837869,0.0109735628997205
group_3432,,IS3 family transposase IS1351,84,51,153,203,35.44303797468354,79.92125984251969,2.185313341022684,0.0001724460681213,0.994151582719826,0.0018274845270585,13,10,8,0.09228515625,0.5810546875
group_596,,hypothetical protein,84,51,153,203,35.44303797468354,79.92125984251969,2.185313341022684,0.0001724460681213,0.994151582719826,0.0018274845270585,13,10,8,0.09228515625,0.5810546875
lldD_2~~~hmo,lldD_2;;hmo,L-lactate dehydrogenase;Lactate 2-monooxygenase;4-hydroxymandelate oxidase,60,31,177,223,25.31645569620253,87.79527559055119,2.4384909786768727,0.000193596758242,1.0,0.0019859169239602,14,8,10,0.1795654296875,0.7905273437500004
group_10787--group_5976--fimD_6~~~htrE_1~~~htrE_2,yadV_2----fimD_6;htrE_1;htrE_2,putative fimbrial chaperone YadV--hypothetical protein--Outer membrane usher protein FimD;Outer membrane usher protein HtrE,60,31,177,223,25.31645569620253,87.79527559055119,2.4384909786768727,0.000193596758242,1.0,0.0019859169239602,15,9,11,0.1184692382812499,0.6072387695312501
group_8586,ydfR;,putative protein YdfR;hypothetical protein,70,39,167,215,29.535864978902957,84.64566929133859,2.310763089206203,0.000202958290907,1.0,0.0020672341821181,39,28,15,0.0094753042794764,0.1995908669196066
ulaB_2,ulaB_2,Ascorbate-specific PTS system EIIB component,50,23,187,231,21.09704641350211,90.94488188976378,2.6854219948849103,0.0002058428223717,1.0,0.0020854419806476,11,9,6,0.0654296874999999,0.9999999999999996
group_4464,,hypothetical protein,66,36,171,218,27.848101265822784,85.8267716535433,2.337231968810916,0.000223215324587,1.0,0.0022418751676733,45,27,27,0.2326931919083106,0.2326931919083106
group_10660,,hypothetical protein,96,63,141,191,40.50632911392405,75.19685039370079,2.064167510976022,0.0002383755481211,1.0,0.0023693707498591,61,37,29,0.1237314425380921,0.7981526273057182
group_6684,,hypothetical protein,51,24,186,230,21.518987341772156,90.5511811023622,2.627688172043011,0.0002418042359087,1.0,0.0023993139759279,20,11,12,0.5034446716308595,0.8238029479980463
group_5669,,hypothetical protein,55,27,182,227,23.20675105485232,89.37007874015748,2.540700040700041,0.0002487312695117,1.0,0.0024478026595424,37,22,19,0.3240086000878365,0.9999999999999992
group_3533,,IS481 family transposase ISErsp1,59,30,178,224,24.89451476793249,88.18897637795276,2.4749063670411986,0.0002490365349673,1.0,0.0024478026595424,16,9,11,0.2101135253906249,0.8036193847656252
srfAA_1~~~srfAA--ppsB~~~dltA_2~~~dltA_1~~~srfAB~~~tdh_1--fenF--dltA_2~~~tycC~~~dltA_3~~~angR~~~lgrD~~~grsB_1--ppsE_2~~~pksJ~~~ppsE--sfp--mepA_2--aam--mmgB~~~fadB_2~~~hbd--group_2760--flp--rcsA_1--group_2481--pikAV~~~lgrE~~~pikAV_1--dltC--group_1015--group_994--group_892--grsB,;srfAA_1;srfAA--ppsB;dltA_2;;dltA_1;srfAB;tdh_1--fenF--dltA_2;;tycC;dltA_3;angR;lgrD;grsB_1--ppsE_2;pksJ;ppsE--;sfp--mepA_2--aam--mmgB;;fadB_2;hbd----flp--rcsA_1----pikAV;lgrE;pikAV_1--;dltC--------grsB,hypothetical protein;Surfactin synthase subunit 1--Plipastatin synthase subunit B;D-alanine--D-alanyl carrier protein ligase;hypothetical protein;Surfactin synthase subunit 2;L-threonine 3-dehydrogenase--Malonyl CoA-acyl carrier protein transacylase--D-alanine--D-alanyl carrier protein ligase;hypothetical protein;Tyrocidine synthase 3;Anguibactin system regulator;Linear gramicidin synthase subunit D;Gramicidin S synthase 2--Phthiocerol synthesis polyketide synthase type I PpsE;Polyketide synthase PksJ--hypothetical protein;4'-phosphopantetheinyl transferase Sfp--Multidrug export protein MepA--Acylamidase--putative 3-hydroxybutyryl-CoA dehydrogenase;hypothetical protein;Fatty acid oxidation complex subunit alpha;3-hydroxybutyryl-CoA dehydrogenase--hypothetical protein;putative acyl-CoA dehydrogenase fadE25--Protein flp--Transcriptional regulatory protein RcsA--hypothetical protein--Thioesterase PikA5;Linear gramicidin dehydrogenase LgrE--hypothetical protein;D-alanyl carrier protein--hypothetical protein--IS3 family transposase IS1400--hypothetical protein--Gramicidin S synthase 2,84,52,153,202,35.44303797468354,79.52755905511812,2.132730015082956,0.0002665988851584,1.0,0.0025237152264997,12,9,8,0.14599609375,0.3876953125000001
group_10027,,hypothetical protein,48,22,189,232,20.253164556962027,91.33858267716536,2.6782106782106783,0.0002693485399745,1.0,0.0025455644802513,23,15,10,0.2100396156311034,0.6776394844055175
group_7404,,hypothetical protein,109,76,128,178,45.9915611814346,70.07874015748031,1.9944490131578947,0.0002750588358622,1.0,0.0025742113453667,54,35,27,0.0402235640957166,1.0
group_6546,,hypothetical protein,56,28,181,226,23.62869198312236,88.9763779527559,2.4972375690607733,0.0002860444018032,1.0,0.002625869389165,10,7,5,0.3437499999999999,1.0
toxA,;toxA,hypothetical protein;Dermonecrotic toxin,59,31,178,223,24.89451476793249,87.79527559055119,2.3843783979702797,0.0002907886677639,1.0,0.0026391280017871,17,9,12,0.1434631347656249,0.9999999999999998
betI_3,betI_3,HTH-type transcriptional regulator BetI,59,31,178,223,24.89451476793249,87.79527559055119,2.3843783979702797,0.0002907886677639,1.0,0.0026391280017871,15,8,11,0.1184692382812499,0.9999999999999996
group_18,,hypothetical protein,59,31,178,223,24.89451476793249,87.79527559055119,2.3843783979702797,0.0002907886677639,1.0,0.0026391280017871,15,8,11,0.1184692382812499,0.9999999999999996
group_8108,,hypothetical protein,59,31,178,223,24.89451476793249,87.79527559055119,2.3843783979702797,0.0002907886677639,1.0,0.0026391280017871,48,29,26,0.1934126528619373,0.6654658120766195
group_7333,,hypothetical protein,59,31,178,223,24.89451476793249,87.79527559055119,2.3843783979702797,0.0002907886677639,1.0,0.0026391280017871,15,8,11,0.1184692382812499,0.9999999999999996
group_4443,yphA_2,Inner membrane protein YphA,60,32,177,222,25.31645569620253,87.4015748031496,2.351694915254237,0.0003244877222014,1.0,0.0028735356658851,15,8,11,0.1184692382812499,0.9999999999999996
rusA_1~~~rusA_2~~~rusA~~~rusA_3,rusA_1;rusA_2;rusA;rusA_3,Crossover junction endodeoxyribonuclease RusA,116,83,121,171,48.9451476793249,67.32283464566929,1.9751070397291648,0.0003240183602457,1.0,0.0028735356658851,45,26,29,0.0724542601625444,0.3712980344710105
group_397,,hypothetical protein;IS3 family transposase ISEc16;IS3 family transposase IS3;IS3 family transposase ISEc17,88,56,149,198,37.130801687763714,77.95275590551181,2.0882070949185043,0.0003383944777066,1.0,0.0029875102051745,48,30,23,0.1114028910610187,0.8854334972865135
group_8907,,hypothetical protein,75,45,162,209,31.64556962025317,82.28346456692913,2.1502057613168724,0.0003513058585333,1.0,0.0030649601609971,26,15,15,0.5571970939636235,0.5571970939636235
traN~~~traN_2~~~traN_1,traN;traN_2;traN_1;,Mating pair stabilization protein TraN;hypothetical protein,71,41,166,213,29.957805907173,83.85826771653542,2.222009991184249,0.0003570291181252,1.0,0.0031044839607725,49,28,30,0.152407771961478,0.3916029105474903
xerD_3~~~xerD_2,xerD_3;xerD_2,Tyrosine recombinase XerD,50,24,187,230,21.09704641350211,90.5511811023622,2.5623885918003566,0.0003692540806621,1.0,0.0031963209835092,33,18,18,0.7283324808813629,0.7283324808813629
group_2604,,hypothetical protein,54,27,183,227,22.78481012658228,89.37007874015748,2.480874316939891,0.0003751936433457,1.0,0.0032331709325683,31,19,19,0.2810415150597692,0.2810415150597692
traA~~~traA_2~~~traA_1,traA;traA_2;traA_1,Pilin,122,90,115,164,51.47679324894515,64.56692913385827,1.9331400966183572,0.0003760432159842,1.0,0.0032356554330586,58,34,36,0.086948899729911,0.2370471147627196
group_10607,,hypothetical protein,108,76,129,178,45.56962025316456,70.07874015748031,1.960832313341493,0.0003893899747957,1.0,0.0033355619683467,60,34,36,0.1550019040032604,0.3662940067032911
group_8631,,hypothetical protein,126,94,111,160,53.16455696202531,62.99212598425197,1.932144910868315,0.0003905335716972,1.0,0.0033403947193389,59,36,37,0.0674446119007888,0.1174773502450585
group_7700,,hypothetical protein,55,28,182,226,23.20675105485232,88.9763779527559,2.439167974882261,0.0004287915912947,1.0,0.0035415236730861,39,26,20,0.0532519140979275,0.9999999999999992
group_5192,,hypothetical protein,68,39,169,215,28.691983122362867,84.64566929133859,2.2181763010165376,0.0004359961895464,1.0,0.0035754168317713,11,8,8,0.2265625,0.2265625
klcA_1~~~klcA_3~~~klcA_6~~~klcA_2~~~klcA_5,klcA_1;klcA_3;;klcA_6;klcA_2;klcA_5,Antirestriction protein KlcA;hypothetical protein,63,35,174,219,26.58227848101265,86.22047244094489,2.2655172413793103,0.000440505469383,1.0,0.0036021475616925,44,26,21,0.291215236545895,0.8803958212806721
group_5871,,IS66 family transposase ISEc43;IS66 family transposase IS682;hypothetical protein;IS66 family transposase ISEc23;IS66 family transposase ISEc47,63,35,174,219,26.58227848101265,86.22047244094489,2.2655172413793103,0.000440505469383,1.0,0.0036021475616925,23,11,15,0.2100396156311034,0.9999999999999998
group_8692,,hypothetical protein,79,49,158,205,33.33333333333333,80.70866141732283,2.091836734693877,0.0004567088072603,1.0,0.0037293573284075,30,20,17,0.098737146705389,0.5846647117286928
group_3876--group_1730,--,hypothetical protein--hypothetical protein,59,32,178,222,24.89451476793249,87.4015748031496,2.299508426966292,0.0004811885767695,1.0,0.0038635823747585,16,8,12,0.076812744140625,1.0
group_11505,,hypothetical protein,48,23,189,231,20.253164556962027,90.94488188976378,2.550724637681159,0.000483088560023,1.0,0.0038734430438564,22,10,15,0.1338005065917968,0.831811904907225
group_9120,,hypothetical protein,88,57,149,197,37.130801687763714,77.55905511811024,2.041210408571765,0.0005080153339422,1.0,0.0040284847320183,47,28,27,0.2429602172833256,0.3816933976632125
group_9704,,hypothetical protein,88,58,149,196,37.130801687763714,77.16535433070865,1.9958342976162928,0.0005545411733947,1.0,0.0043554902787749,54,38,24,0.003838265880326,0.496617435317934
apxIB_1~~~ltxB~~~apxIB~~~lagD~~~ltxB_2,apxIB_1;ltxB;apxIB;;lagD;ltxB_2,Toxin RTX-I translocation ATP-binding protein;Leukotoxin export ATP-binding protein LtxB;hypothetical protein;Lactococcin-G-processing and transport ATP-binding protein LagD,53,27,184,227,22.36286919831224,89.37007874015748,2.421698872785829,0.0005615451381926,1.0,0.0043806599752108,19,10,12,0.3592834472656249,1.0
group_6333,,hypothetical protein,71,42,166,212,29.957805907173,83.46456692913385,2.1589213998852554,0.0005612989569727,1.0,0.0043806599752108,43,27,21,0.1262894743854302,0.9999999999999998
group_7507,,hypothetical protein,71,42,166,212,29.957805907173,83.46456692913385,2.1589213998852554,0.0005612989569727,1.0,0.0043806599752108,45,24,29,0.0724542601625444,0.7659918242447937
group_10385,,hypothetical protein,61,34,176,220,25.73839662447257,86.61417322834646,2.242647058823529,0.0005865909627199,1.0,0.0045365760943692,45,30,20,0.0356978035551946,0.5514843298025199
group_10302,,hypothetical protein,61,34,176,220,25.73839662447257,86.61417322834646,2.242647058823529,0.0005865909627199,1.0,0.0045365760943692,25,14,15,0.4243562221527101,0.690037965774536
group_9985,,hypothetical protein,72,43,165,211,30.37974683544304,83.07086614173228,2.1412262156448203,0.0006074971220616,1.0,0.004572807468403,24,17,14,0.0639146566390991,0.5412561893463136
fruA_2~~~fruA_4~~~manP_2~~~manP_1~~~fruA_1,fruA_2;fruA_4;manP_2;manP_1;fruA_1,PTS system fructose-specific EIIABC component;PTS system mannose-specific EIIBCA component,72,43,165,211,30.37974683544304,83.07086614173228,2.1412262156448203,0.0006074971220616,1.0,0.004572807468403,9,7,6,0.1796875,0.5078125
group_8145,,hypothetical protein,114,83,123,171,48.10126582278481,67.32283464566929,1.909491625036732,0.0006368318120329,1.0,0.0046531500587707,60,36,37,0.0924609810729238,0.1550019040032604
group_5341--phoP_2,--phoP_2,hypothetical protein--Alkaline phosphatase synthesis transcriptional regulatory protein PhoP,62,35,175,219,26.160337552742615,86.22047244094489,2.2168163265306124,0.0006442592785196,1.0,0.0046836755872201,16,9,12,0.076812744140625,0.8036193847656252
group_8711,,hypothetical protein,51,26,186,228,21.518987341772156,89.76377952755905,2.404466501240695,0.0007344662388954,1.0,0.005279548462883,42,26,18,0.1641494017831066,0.4407990673425962
group_9020,,hypothetical protein,97,67,140,187,40.92827004219409,73.62204724409449,1.9337953091684437,0.0007853788647867,1.0,0.0056036004399701,45,27,25,0.2326931919083106,0.5514843298025199
flu_4~~~flu_1~~~flu_2~~~flu_3~~~flu,flu_4;;flu_1;flu_2;flu_3;flu,Antigen 43;hypothetical protein,48,24,189,230,20.253164556962027,90.5511811023622,2.433862433862434,0.0008402947210465,1.0,0.0059366410132762,28,15,16,0.571588188409805,0.8505540192127226
fruA_1~~~manP_2~~~manP_1--ysdC~~~ysdC_1,fruA_1;;manP_2;manP_1--ysdC;ysdC_1;,PTS system fructose-specific EIIB'BC component;hypothetical protein;PTS system mannose-specific EIIBCA component--Putative aminopeptidase YsdC;hypothetical protein,71,43,166,211,29.957805907173,83.07086614173228,2.098767161669936,0.0008674672904283,1.0,0.0060397933928978,10,7,7,0.3437499999999999,0.3437499999999999
group_11082,,hypothetical protein,115,85,122,169,48.52320675105485,66.53543307086615,1.8741562198649957,0.0009166602843661,1.0,0.0062882580569017,38,26,19,0.0335524396796245,1.0
group_10282,,hypothetical protein,72,44,165,210,30.37974683544304,82.67716535433071,2.0826446280991737,0.0009333913477495,1.0,0.0063605214181749,10,7,7,0.3437499999999999,0.3437499999999999
group_8285,,hypothetical protein,72,44,165,210,30.37974683544304,82.67716535433071,2.0826446280991737,0.0009333913477495,1.0,0.0063605214181749,29,19,16,0.1360459476709365,0.7110711038112639
intA_2~~~intS_1~~~intA_5~~~intA_4~~~intA_3~~~intA_1,intA_2;intS_1;intA_5;;intA_4;intA_3;intA_1,Prophage integrase IntA;Prophage integrase IntS;hypothetical protein,53,28,184,226,22.36286919831224,88.9763779527559,2.324922360248447,0.0009412183210255,1.0,0.0063911938995435,30,20,14,0.098737146705389,0.8555355519056318
elfG_2~~~elfG~~~lpfD,elfG_2;elfG;lpfD,putative fimbrial-like protein ElfG;putative minor fimbrial subunit LpfD,53,28,184,226,22.36286919831224,88.9763779527559,2.324922360248447,0.0009412183210255,1.0,0.0063911938995435,8,6,5,0.2890624999999999,0.7265625000000002
group_1731,,hypothetical protein,53,28,184,226,22.36286919831224,88.9763779527559,2.324922360248447,0.0009412183210255,1.0,0.0063911938995435,19,9,12,0.3592834472656249,1.0
prsE~~~hlyD_2,prsE;hlyD_2,Type I secretion system membrane fusion protein PrsE;Hemolysin secretion protein D chromosomal,49,25,188,229,20.675105485232063,90.15748031496062,2.387446808510638,0.0009594458741623,1.0,0.0064768213870562,12,7,7,0.7744140625000003,0.7744140625000003
group_6143,,hypothetical protein,49,25,188,229,20.675105485232063,90.15748031496062,2.387446808510638,0.0009594458741623,1.0,0.0064768213870562,21,11,12,0.6636238098144525,1.0
group_8723,,hypothetical protein,93,64,144,190,39.24050632911392,74.80314960629921,1.9173177083333333,0.0009829796846111,1.0,0.0066279273471147,63,37,30,0.2073678998568542,0.801306492504066
traV,traV;,Protein TraV;hypothetical protein,86,57,151,197,36.28691983122363,77.55905511811024,1.9683978157313813,0.0010019384863761,1.0,0.0067399946020522,56,31,38,0.0104548183218921,0.5044037600228253
group_11647,;insK,IS3 family transposase IS1203;IS3 family transposase IS629;hypothetical protein;IS3 family transposase ISEc25;Putative transposase InsK for insertion sequence element IS150,62,36,175,218,26.160337552742615,85.8267716535433,2.1453968253968254,0.0010191392633789,1.0,0.0068477131158271,45,27,24,0.2326931919083106,0.7659918242447937
group_5812,,hypothetical protein,68,41,169,213,28.691983122362867,83.85826771653542,2.0903449271179104,0.0010623022829522,1.0,0.0071294210258668,52,32,23,0.1263470758139213,0.4884556693798922
yedY1~~~yedY1_1,yedY1;yedY1_1,Putative protein-methionine-sulfoxide reductase subunit YedZ1,63,37,174,217,26.58227848101265,85.43307086614173,2.123485554520037,0.0011076692919833,1.0,0.0073908720697733,19,10,14,0.0635681152343749,1.0
group_9637,,hypothetical protein,108,79,129,175,45.56962025316456,68.89763779527559,1.854577568442744,0.0011254365160163,1.0,0.0075007416356464,62,32,38,0.0979544405195073,0.899076313652859
casA--group_5204,;casA--,hypothetical protein;CRISPR system Cascade subunit CasA--hypothetical protein,58,33,179,221,24.47257383966245,87.00787401574803,2.169967834772304,0.001132095042686,1.0,0.0075103888620079,10,8,6,0.109375,0.7539062500000002
group_10364,,IS3 family transposase ISKpn37;hypothetical protein,55,30,182,224,23.20675105485232,88.18897637795276,2.2564102564102564,0.0011809176515746,1.0,0.0077894625415649,16,9,11,0.2101135253906249,0.8036193847656252
group_7095,,hypothetical protein,51,27,186,227,21.518987341772156,89.37007874015748,2.305256869772999,0.0012280691619731,1.0,0.0080452485440629,41,23,25,0.2110235976088008,0.5327092552361133
tnpR_1~~~tnpR,tnpR_1;tnpR,Transposon Tn3 resolvase,59,34,178,220,24.89451476793249,86.61417322834646,2.144745538664904,0.0012363995763355,1.0,0.0080723030097109,57,36,26,0.0627366803558284,0.5966417603730824
group_8041,,hypothetical protein,60,35,177,219,25.31645569620253,86.22047244094489,2.121065375302664,0.0013460662158635,1.0,0.0084902316569508,18,13,8,0.0962524414062499,0.8145294189453123
cse3~~~casE,;cse3;casE,hypothetical protein;CRISPR-associated endoribonuclease Cse3;CRISPR system Cascade subunit CasE,60,35,177,219,25.31645569620253,86.22047244094489,2.121065375302664,0.0013460662158635,1.0,0.0084902316569508,11,8,7,0.2265625,0.548828125
group_5582,,hypothetical protein,92,64,145,190,38.81856540084388,74.80314960629921,1.8836206896551724,0.0013609523561419,1.0,0.0085747435335066,62,36,30,0.2528543941881107,0.899076313652859
group_10018,,hypothetical protein,66,40,171,214,27.848101265822784,84.25196850393701,2.0649122807017544,0.0013993133864734,1.0,0.0087590029023011,46,22,30,0.0540760318588695,0.8829959121223956
group_11644,,hypothetical protein,66,40,171,214,27.848101265822784,84.25196850393701,2.0649122807017544,0.0013993133864734,1.0,0.0087590029023011,31,16,20,0.1496127843856811,0.9999999999999994
group_6408,,hypothetical protein,48,25,189,229,20.253164556962027,90.15748031496062,2.326349206349206,0.0014196229128407,1.0,0.0088572793209166,17,9,11,0.332305908203125,0.9999999999999998
group_5870,,hypothetical protein,48,25,189,229,20.253164556962027,90.15748031496062,2.326349206349206,0.0014196229128407,1.0,0.0088572793209166,23,14,12,0.4048728942871095,0.9999999999999998
group_7575,,hypothetical protein,94,66,143,188,39.66244725738397,74.01574803149606,1.872430599703327,0.0014547970039081,1.0,0.0090376128529423,26,16,17,0.1686375439167022,0.326939582824707
group_7316,,hypothetical protein,53,29,184,225,22.36286919831224,88.58267716535433,2.2348200899550226,0.0015381554860947,1.0,0.0093145655224122,21,11,11,1.0,1.0
elfC_2~~~elfC_1~~~lpfC--focC_1~~~focC_2--group_5918,elfC_2;elfC_1;lpfC'--focC_1;;focC_2--fimA_2,putative outer membrane usher protein ElfC;putative outer membrane usher protein LpfC'--Chaperone protein FocC;hypothetical protein--Type-1 fimbrial protein A chain,53,29,184,225,22.36286919831224,88.58267716535433,2.2348200899550226,0.0015381554860947,1.0,0.0093145655224122,7,5,5,0.4531249999999996,0.4531249999999996
group_11095,,hypothetical protein,67,41,170,213,28.270042194092827,83.85826771653542,2.047489239598278,0.0015052160535291,1.0,0.0093145655224122,46,28,22,0.1839248213769903,0.8829959121223956
fepA_1~~~pfeA_2~~~pfeA_1~~~fepA_2~~~pfeA~~~btuB_3,fepA_1;pfeA_2;pfeA_1;fepA_2;pfeA;btuB_3,Ferrienterobactin receptor;Ferric enterobactin receptor;Vitamin B12 transporter BtuB,72,46,165,208,30.37974683544304,81.88976377952756,1.9731225296442687,0.0015426953551696,1.0,0.0093322546931302,29,18,19,0.1360459476709365,0.26493089646101
group_9314,,hypothetical protein,49,26,188,228,20.675105485232063,89.76377952755905,2.285597381342062,0.001600292125013,1.0,0.0096502971764647,28,21,11,0.0125409513711929,0.3449284508824348
group_2149,,hypothetical protein,49,26,188,228,20.675105485232063,89.76377952755905,2.285597381342062,0.001600292125013,1.0,0.0096502971764647,16,10,11,0.2101135253906249,0.454498291015625
group_487,,IS3 family transposase IS3411;IS3 family transposase IS629,57,33,180,221,24.050632911392405,87.00787401574803,2.1207070707070708,0.0016312257374639,1.0,0.0097552037100413,49,37,17,0.0004697573180081,0.0443841609871498
era_2~~~era_3~~~era_1,;era_2;era_3;era_1,hypothetical protein;GTPase Era,50,27,187,227,21.09704641350211,89.37007874015748,2.2479698950287186,0.0017939527297013,1.0,0.010596452342959,33,18,18,0.7283324808813629,0.7283324808813629
group_8938,,hypothetical protein,116,89,121,165,48.9451476793249,64.96062992125984,1.77732379979571,0.0018864361449151,1.0,0.0110073930925464,61,35,37,0.1237314425380921,0.3056774198631183
group_7946--casC,--casC;,hypothetical protein--CRISPR system Cascade subunit CasC;hypothetical protein,59,35,178,219,24.89451476793249,86.22047244094489,2.073996789727127,0.0019225761523185,1.0,0.0111500013038407,10,7,7,0.3437499999999999,0.3437499999999999
group_5583,,hypothetical protein,59,35,178,219,24.89451476793249,86.22047244094489,2.073996789727127,0.0019225761523185,1.0,0.0111500013038407,21,10,16,0.0266036987304687,1.0
klcA_2~~~klcA_3~~~klcA_1~~~klcA~~~klcA_4,klcA_2;klcA_3;klcA_1;;klcA;klcA_4,Antirestriction protein KlcA;hypothetical protein,120,93,117,161,50.63291139240506,63.38582677165354,1.7755720981527434,0.001951042212274,1.0,0.0112619552279293,71,45,35,0.0319271620832124,0.9999999999999992
fes_1~~~fes_2--group_6530--msbA_2,fes_1;;fes_2----msbA_2;,Enterochelin esterase;hypothetical protein--hypothetical protein--Lipid A export ATP-binding/permease protein MsbA;Multidrug efflux ATP-binding/permease protein,71,45,166,209,29.957805907173,82.28346456692913,1.986479250334672,0.0019718262127774,1.0,0.0113448883399822,28,17,18,0.1849333420395851,0.3449284508824348
nupX_1~~~nupX~~~nupX_2,nupX_1;nupX;nupX_2;,Putative nucleoside permease NupX;hypothetical protein,93,66,144,188,39.24050632911392,74.01574803149606,1.8396464646464648,0.0019934302015473,1.0,0.0114577518563516,5,4,3,0.375,1.0
group_8727,cspB,Cold shock-like protein CspB,56,32,181,222,23.62869198312236,87.4015748031496,2.146408839779005,0.0020825514725821,1.0,0.0118284820092963,42,26,22,0.1641494017831066,0.8776143287523163
elmGT_1~~~elmGT_2~~~elmGT,;elmGT_1;elmGT_2;elmGT,hypothetical protein;Elloramycin glycosyltransferase ElmGT,71,46,166,208,29.957805907173,81.88976377952756,1.9339968569931905,0.0021540020819408,1.0,0.0121982534404606,27,16,19,0.0522389858961105,0.442068338394165
group_2476,papG,Fimbrial adhesin PapG,52,29,185,225,21.9409282700422,88.58267716535433,2.180801491146319,0.0022205054975009,1.0,0.0125379179168391,22,15,12,0.1338005065917968,0.831811904907225
ygcB,ygcB;,CRISPR-associated endonuclease/helicase Cas3;hypothetical protein,61,37,176,217,25.73839662447257,85.43307086614173,2.032708845208845,0.0022403515185754,1.0,0.012607586519514,14,9,9,0.4239501953124999,0.4239501953124999
group_10140,,hypothetical protein,86,60,151,194,36.28691983122363,76.37795275590551,1.8415011037527595,0.002241591705551,1.0,0.012607586519514,50,25,29,0.3222363203575471,1.0
group_8367,,hypothetical protein,67,42,170,212,28.270042194092827,83.46456692913385,1.9893557422969188,0.0022636156209638,1.0,0.0127190487864096,54,30,27,0.496617435317934,1.0
group_32,,hypothetical protein,111,84,126,170,46.83544303797469,66.92913385826772,1.7828798185941044,0.0022911801186645,1.0,0.012861395700196,45,29,29,0.0724542601625444,0.0724542601625444
group_8090,,hypothetical protein,48,26,189,228,20.253164556962027,89.76377952755905,2.227106227106227,0.0023326382177548,1.0,0.0129484182936302,20,12,13,0.2631759643554687,0.5034446716308595
esiB_1~~~esiB,esiB_1;esiB,Secretory immunoglobulin A-binding protein EsiB,48,26,189,228,20.253164556962027,89.76377952755905,2.227106227106227,0.0023326382177548,1.0,0.0129484182936302,10,7,5,0.3437499999999999,1.0
group_6246,,hypothetical protein,114,87,123,167,48.10126582278481,65.74803149606299,1.7790860667227362,0.0024027580112581,1.0,0.0132681033859226,60,34,36,0.1550019040032604,0.3662940067032911
hlyD_2~~~hlyD,hlyD_2;hlyD,Hemolysin secretion protein D chromosomal,62,38,175,216,26.160337552742615,85.03937007874016,2.013834586466165,0.0024090496875086,1.0,0.0132901162186481,18,8,13,0.0962524414062499,0.8145294189453123
lexA_1~~~lexA_4~~~lexA_2,lexA_1;lexA_4;lexA_2,LexA repressor,81,55,156,199,34.177215189873415,78.34645669291339,1.8786713286713288,0.0024128288593413,1.0,0.0132982393633872,53,31,25,0.2716791660655032,0.7838463022094984
group_4980,,hypothetical protein,49,27,188,227,20.675105485232063,89.37007874015748,2.1912923561859734,0.0025987329465918,1.0,0.0140937868646305,29,19,13,0.1360459476709365,0.7110711038112639
vdcD--hosA,vdcD--hosA,Protein VdcD--Transcriptional regulator HosA,63,39,174,215,26.58227848101265,84.64566929133859,1.9960212201591512,0.0025842125612362,1.0,0.0140937868646305,6,4,2,0.6875000000000002,0.6875000000000002
group_10220,,hypothetical protein,69,44,168,210,29.11392405063291,82.67716535433071,1.9602272727272727,0.0025730618030546,1.0,0.0140937868646305,38,19,23,0.2558750795433297,1.0
group_8717,,hypothetical protein,69,44,168,210,29.11392405063291,82.67716535433071,1.9602272727272727,0.0025730618030546,1.0,0.0140937868646305,50,26,27,0.6718110337653654,0.8877248273407826
group_1011,,hypothetical protein,91,65,146,189,38.39662447257383,74.40944881889764,1.812328767123288,0.0026316650468701,1.0,0.01422904246191,64,37,32,0.2604354765766535,1.0
group_9136,,hypothetical protein,101,75,136,179,42.616033755274266,70.47244094488188,1.7724509803921569,0.0026343001791787,1.0,0.01422904246191,57,30,36,0.0627366803558284,0.7913664277791812
group_8789,,hypothetical protein,102,76,135,178,43.03797468354431,70.07874015748031,1.7695906432748538,0.0026853113180024,1.0,0.0144545469171651,52,32,28,0.1263470758139213,0.6778086391424606
group_3026,,hypothetical protein,54,31,183,223,22.78481012658228,87.79527559055119,2.122686409307245,0.0026993859822054,1.0,0.0144817926532422,41,23,23,0.5327092552361133,0.5327092552361133
group_2451,yedZ1,Putative protein-methionine-sulfoxide reductase subunit YedZ1,54,31,183,223,22.78481012658228,87.79527559055119,2.122686409307245,0.0026993859822054,1.0,0.0144817926532422,14,10,9,0.1795654296875,0.4239501953124999
group_4121,,hypothetical protein,70,45,167,209,29.535864978902957,82.28346456692913,1.946773120425815,0.0027353985834805,1.0,0.0145879489674057,58,34,30,0.2370471147627196,0.8956832138895912
pptA,pptA,Tautomerase PptA,59,36,178,218,24.89451476793249,85.8267716535433,2.0071785268414484,0.0029322137769101,1.0,0.0153674658398975,10,8,6,0.109375,0.7539062500000002
group_7770,,hypothetical protein,71,47,166,207,29.957805907173,81.49606299212599,1.8837477569853884,0.0031366536541405,1.0,0.0160593324299469,39,19,27,0.023702702470473,0.9999999999999992
hlyC--hlyB_1~~~hlyB_3~~~hlyB_2~~~hlyB--hlyA_2~~~hlyA_1~~~hlyA,hlyC--hlyB_1;hlyB_3;hlyB_2;hlyB--hlyA_2;hlyA_1;hlyA,Hemolysin-activating lysine-acyltransferase HlyC--Alpha-hemolysin translocation ATP-binding protein HlyB--Hemolysin chromosomal;Hemolysin plasmid,60,37,177,217,25.31645569620253,85.43307086614173,1.988089784699954,0.0031484198299008,1.0,0.0160767407611852,18,8,13,0.0962524414062499,0.8145294189453123
group_497,,hypothetical protein,86,61,151,193,36.28691983122363,75.98425196850394,1.8019758983823688,0.0031546754923436,1.0,0.0160944285073994,61,37,35,0.1237314425380921,0.3056774198631183
group_9317,,hypothetical protein,98,72,139,182,41.35021097046413,71.65354330708661,1.7821742605915267,0.0032030800176702,1.0,0.0162981079451622,41,27,25,0.0595838880180963,0.2110235976088008
tisB,tisB,Small toxic protein TisB,80,55,157,199,33.755274261603375,78.34645669291339,1.8436595251881875,0.0032947351132772,1.0,0.0165887754830071,2,2,1,0.5,1.0
group_7626,,hypothetical protein,116,91,121,163,48.9451476793249,64.1732283464567,1.7171918990100807,0.0034812351406561,1.0,0.0174515831181589,60,34,38,0.0518938959289213,0.3662940067032911
sasA~~~resE~~~kdpD_2~~~sasA_1,;sasA;resE;kdpD_2;sasA_1,hypothetical protein;Adaptive-response sensory-kinase SasA;Sensor histidine kinase ResE;Sensor protein KdpD,52,30,185,224,21.9409282700422,88.18897637795276,2.0987387387387386,0.0034934073805738,1.0,0.0174973879661233,15,8,11,0.1184692382812499,0.9999999999999996
shlB~~~shlB_1~~~shlB_2,shlB;shlB_1;;shlB_2,Hemolysin transporter protein ShlB;hypothetical protein,56,34,181,220,23.62869198312236,86.61417322834646,2.001949951251219,0.0035611372140897,1.0,0.0178056860704485,23,11,16,0.0931396484374999,0.9999999999999998
group_9109,,hypothetical protein,120,95,117,159,50.63291139240506,62.59842519685039,1.7165991902834008,0.0035832772200328,1.0,0.017885362054969,61,34,35,0.3056774198631183,0.4426260049464712
group_9741,,hypothetical protein,62,39,175,215,26.160337552742615,84.64566929133859,1.953113553113553,0.0036040405198504,1.0,0.0179423951614314,18,13,12,0.0962524414062499,0.2378845214843748
ecdB--edcC_1~~~edcC_2~~~edcC,ecdB--edcC_1;edcC_2;edcC,putative UbiX-like flavin prenyltransferase--Phenolic acid decarboxylase,62,39,175,215,26.160337552742615,84.64566929133859,1.953113553113553,0.0036040405198504,1.0,0.0179423951614314,7,4,3,0.9999999999999998,0.9999999999999998
scpC,;scpC,hypothetical protein;Propionyl-CoA:succinate CoA transferase,74,50,163,204,31.223628691983123,80.31496062992126,1.8522699386503068,0.0036127051309268,1.0,0.0179700130110383,6,3,4,0.6875000000000002,1.0
group_7810,,hypothetical protein,83,58,154,196,35.0210970464135,77.16535433070865,1.8213166144200628,0.0037195187812765,1.0,0.0184694451111624,47,29,25,0.143865088440549,0.7708669945730275
group_8450--group_6493--group_6130--group_3578--group_1239,--------,hypothetical protein--hypothetical protein--hypothetical protein--hypothetical protein--hypothetical protein,53,31,184,223,22.36286919831224,87.79527559055119,2.072054698457223,0.0038232944570956,1.0,0.0186813720785556,30,23,11,0.0052228793501853,0.2004884220659732
group_10391,,hypothetical protein,63,40,174,214,26.58227848101265,84.25196850393701,1.9370689655172413,0.0038432102836369,1.0,0.0186813720785556,19,14,13,0.0635681152343749,0.1670684814453124
group_7780,,hypothetical protein,77,53,160,201,32.48945147679325,79.13385826771653,1.8251179245283016,0.0041161725104541,1.0,0.019686264018917,2,2,1,0.5,1.0
sfmD~~~sfmD_2~~~sfmC,sfmD;sfmD_2;sfmC,Outer membrane usher protein SfmD;putative fimbrial chaperone SfmC,77,53,160,201,32.48945147679325,79.13385826771653,1.8251179245283016,0.0041161725104541,1.0,0.019686264018917,3,3,1,0.25,1.0
group_6712,,hypothetical protein,109,84,128,170,45.9915611814346,66.92913385826772,1.7234002976190477,0.0041193373422153,1.0,0.019686264018917,60,34,37,0.0924609810729238,0.3662940067032911
intS_1~~~intA_4~~~intA_2~~~intA_1,intS_1;intA_4;intA_2;intA_1,Prophage integrase IntS;Prophage integrase IntA,50,29,187,225,21.09704641350211,88.58267716535433,2.0744975106029875,0.0045139074921677,1.0,0.0210513255511766,25,16,12,0.2295229434967038,0.9999999999999996
ygbF,ygbF;,CRISPR-associated endoribonuclease Cas2;hypothetical protein,66,43,171,211,27.848101265822784,83.07086614173228,1.8939208486332109,0.0046044758189891,1.0,0.021304015326222,11,8,8,0.2265625,0.2265625
yfeW_1~~~yfeW_2~~~yfeW,yfeW_1;yfeW_2;yfeW,Putative D-alanyl-D-alanine carboxypeptidase,66,43,171,211,27.848101265822784,83.07086614173228,1.8939208486332109,0.0046044758189891,1.0,0.021304015326222,7,5,7,0.015625,0.4531249999999996
group_7542,,hypothetical protein,80,56,157,198,33.755274261603375,77.95275590551181,1.8016378525932664,0.0046447987721633,1.0,0.0214710379553715,51,32,30,0.0919145498158542,0.2624375357110435
intS_3~~~intA_1~~~intS_2~~~intS_1~~~intA_2,;intS_3;intA_1;intS_2;intS_1;intA_2,hypothetical protein;Prophage integrase IntS;Prophage integrase IntA,88,64,149,190,37.130801687763714,74.80314960629921,1.7533557046979866,0.0046480234810587,1.0,0.0214710379553715,19,13,10,0.1670684814453124,1.0
sfmM2--group_11142--group_11141--group_10934--acpP_1~~~acpP_3--group_10338--group_8605--fabF_2~~~fabF_1~~~fabF_3--group_7891--fabF_3~~~fabB_2~~~fabF_2--group_6809--group_5560--group_5145--group_4968--group_4067--lolA_1,sfmM2;--------acpP_1;acpP_3----fabG_2--fabF_2;fabF_1;fabF_3----fabF_3;fabB_2;fabF_2------------lolA_1,L-tyrosine C(3)-methyltransferase;hypothetical protein--hypothetical protein--hypothetical protein--hypothetical protein--Acyl carrier protein--hypothetical protein--3-oxoacyl-[acyl-carrier-protein] reductase FabG--3-oxoacyl-[acyl-carrier-protein] synthase 2--hypothetical protein--3-oxoacyl-[acyl-carrier-protein] synthase 2;3-oxoacyl-[acyl-carrier-protein] synthase 1--hypothetical protein;Undecaprenyl-phosphate mannosyltransferase--hypothetical protein--hypothetical protein--hypothetical protein--14-dihydroxy-2-naphthoyl-CoA hydrolase--Outer-membrane lipoprotein carrier protein,55,34,182,220,23.20675105485232,86.61417322834646,1.9553975436328377,0.0049836268536649,1.0,0.0222890681236448,21,9,17,0.0071973800659179,0.6636238098144525
group_3139,,hypothetical protein,73,50,164,204,30.801687763713083,80.31496062992126,1.8160975609756096,0.0049164061364719,1.0,0.0222890681236448,55,28,30,0.5900533317766368,1.0
group_7090,,hypothetical protein,82,58,155,196,34.59915611814346,77.16535433070865,1.7877641824249166,0.0050100016287725,1.0,0.0223896584417624,46,28,24,0.1839248213769903,0.8829959121223956
group_7786,,hypothetical protein,74,51,163,203,31.223628691983123,79.92125984251969,1.8070492000481173,0.0051285275881888,1.0,0.0228308583366091,54,31,28,0.3408909412200971,0.8919231511047496
group_9664,aidA;,Quorum-quenching protein AidA;hypothetical protein,83,59,154,195,35.0210970464135,76.77165354330708,1.7813119084305524,0.0051961587999855,1.0,0.0230962648280006,55,30,29,0.5900533317766368,0.787706189670044
group_10830,,hypothetical protein,105,81,132,173,44.303797468354425,68.11023622047244,1.6989337822671156,0.0052267746685217,1.0,0.0232144498952449,39,30,15,0.0010650196345522,0.1995908669196066
cbtA~~~cbtA_3~~~cbtA_2~~~cbtA_1~~~cbtA_5,cbtA;cbtA_3;cbtA_2;cbtA_1;cbtA_5,Cytoskeleton-binding toxin CbtA,96,72,141,182,40.50632911392405,71.65354330708661,1.7210401891252955,0.0057055956595968,1.0,0.0250707004402256,51,34,27,0.0240929076984493,0.7797679305530749
group_6466--dmlR_1,--;dmlR_1,hypothetical protein--hypothetical protein;HTH-type transcriptional regulator DmlR,77,54,160,200,32.48945147679325,78.74015748031496,1.7824074074074074,0.0057841861086855,1.0,0.0252619946337666,2,2,1,0.5,1.0
hycG_2~~~ndhK~~~hycG_1,;hycG_2;ndhK;hycG_1,hypothetical protein;Formate hydrogenlyase subunit 7;NAD(P)H-quinone oxidoreductase subunit K chloroplastic,77,54,160,200,32.48945147679325,78.74015748031496,1.7824074074074074,0.0057841861086855,1.0,0.0252619946337666,2,2,1,0.5,1.0
papF_1~~~papF~~~prsF,papF_1;papF;prsF,Fimbrial adapter PapF;Minor fimbrial protein PrsF,77,54,160,200,32.48945147679325,78.74015748031496,1.7824074074074074,0.0057841861086855,1.0,0.0252619946337666,33,17,19,0.4868502416647969,1.0
hicA,hicA,putative mRNA interferase toxin HicA,64,42,173,212,27.004219409282697,83.46456692913385,1.867327277731902,0.0059472533280438,1.0,0.0257015857842375,13,9,8,0.2668457031249998,0.5810546875
group_4877--group_4856,--,hypothetical protein--hypothetical protein,64,42,173,212,27.004219409282697,83.46456692913385,1.867327277731902,0.0059472533280438,1.0,0.0257015857842375,5,3,4,0.375,1.0
group_500,,hypothetical protein,49,29,188,225,20.675105485232063,88.58267716535433,2.022193690388848,0.0063544683883238,1.0,0.026896850410196,23,10,16,0.0931396484374999,0.6776394844055175
group_9383,,hypothetical protein,59,38,178,216,24.89451476793249,85.03937007874016,1.884092253104672,0.0064514052310074,1.0,0.0272471437045846,26,12,18,0.0755186975002289,0.8450189828872682
rrrD_6~~~rrrD~~~rrrD_2~~~rrrD_3~~~rrrD_4~~~rrrD_1,rrrD_6;rrrD;rrrD_2;rrrD_3;rrrD_4;rrrD_1;,Lysozyme RrrD;hypothetical protein,60,39,177,215,25.31645569620253,84.64566929133859,1.8687527162103432,0.0068440986113647,1.0,0.0286537607077108,47,29,25,0.143865088440549,0.7708669945730275
clpP_3~~~clpP_2,clpP_3;;clpP_2,ATP-dependent Clp protease proteolytic subunit;hypothetical protein,73,51,164,203,30.801687763713083,79.92125984251969,1.7717599234815875,0.0069098010145413,1.0,0.0288659440933557,56,28,31,0.5044037600228253,1.0
group_6329,,hypothetical protein,67,45,170,209,28.270042194092827,82.28346456692913,1.8304575163398693,0.0069799935027019,1.0,0.0291380612187374,22,14,14,0.2862787246704102,0.2862787246704102
yeeW_2~~~yeeW,;yeeW_2;yeeW,hypothetical protein;Protein YeeW,83,60,154,194,35.0210970464135,76.37795275590551,1.7426406926406923,0.0071719491083439,1.0,0.0297455299349659,46,35,21,0.0005355850721002,0.6587380770236559
group_7099,,hypothetical protein,74,52,163,202,31.223628691983123,79.52755905511812,1.7635677206229354,0.0071835715917342,1.0,0.0297723150441033,39,25,21,0.1081290214060573,0.7492586247608415
ydfJ_1~~~ynfP,ydfJ_1;;ynfP,Putative transporter YdfJ;hypothetical protein;Protein YnfP,51,31,186,223,21.518987341772156,87.79527559055119,1.9724245577523412,0.0074814592571479,1.0,0.0305052805072756,36,21,19,0.4050322461407633,0.8679394004284399
group_5569,,hypothetical protein,75,53,162,201,31.64556962025317,79.13385826771653,1.7557651991614256,0.0074607341476176,1.0,0.0305052805072756,3,2,2,1.0,1.0
setC~~~setC_2~~~setC_1,setC;;setC_2;setC_1,Sugar efflux transporter C;hypothetical protein,75,53,162,201,31.64556962025317,79.13385826771653,1.7557651991614256,0.0074607341476176,1.0,0.0305052805072756,3,3,2,0.25,1.0
hicB,hicB,Antitoxin HicB,75,53,162,201,31.64556962025317,79.13385826771653,1.7557651991614256,0.0074607341476176,1.0,0.0305052805072756,3,3,2,0.25,1.0
group_9015--group_9014--argR_2--arcA_2~~~arcA_1--group_2516,arcC1_3--argF--argR_2--arcA_2;arcA_1--,Carbamate kinase 1--Ornithine carbamoyltransferase--Arginine repressor--Arginine deiminase--hypothetical protein,110,87,127,167,46.41350210970464,65.74803149606299,1.6625938999004437,0.0074821277775,1.0,0.0305052805072756,7,5,7,0.015625,0.4531249999999996
gfcA,gfcA,Threonine-rich inner membrane protein GfcA,56,36,181,218,23.62869198312236,85.8267716535433,1.8735420503376303,0.0078415613991123,1.0,0.0308947622819613,13,9,6,0.2668457031249998,1.0
sfmD_1~~~sfmD~~~sfmD_2,sfmD_1;sfmD;sfmD_2,Outer membrane usher protein SfmD,76,54,161,200,32.06751054852321,78.74015748031496,1.7483321831147918,0.007741143331381,1.0,0.0308947622819613,3,2,2,1.0,1.0
ndhB_1~~~ndhB_2~~~ndhD~~~nuoL_2~~~mrpA~~~ndhB_3,ndhB_1;;ndhB_2;ndhD;nuoL_2;mrpA;ndhB_3,NAD(P)H-quinone oxidoreductase subunit 2 chloroplastic;hypothetical protein;NAD(P)H-quinone oxidoreductase chain 4;NADH-quinone oxidoreductase subunit L;Na(+)/H(+) antiporter subunit A,76,54,161,200,32.06751054852321,78.74015748031496,1.7483321831147918,0.007741143331381,1.0,0.0308947622819613,3,2,2,1.0,1.0
group_9912,,hypothetical protein,77,55,160,199,32.48945147679325,78.34645669291339,1.74125,0.0080246529301633,1.0,0.0308947622819613,3,2,2,1.0,1.0
lsrB_4~~~lsrB_2~~~lsrB_1,lsrB_4;lsrB_2;;lsrB_1,Autoinducer 2-binding protein LsrB;hypothetical protein,77,55,160,199,32.48945147679325,78.34645669291339,1.74125,0.0080246529301633,1.0,0.0308947622819613,3,2,2,1.0,1.0
ygiW_2~~~ygiW_1,ygiW_2;;ygiW_1,Protein YgiW;hypothetical protein,77,55,160,199,32.48945147679325,78.34645669291339,1.74125,0.0080246529301633,1.0,0.0308947622819613,3,2,2,1.0,1.0
ndhI_2~~~ndhI_1--hcaF--hcaC--hcaB_3~~~hcaB_2~~~hcaB_1~~~hcaB--hcaD--hcaE_3~~~hcaE_2~~~hcaE_1~~~hcaE--hcaR_1~~~hcaR_2~~~hcaR_3--group_11152--murR_3~~~murR_2~~~murR_1--icsA~~~bmaC~~~icsA_2~~~icsA_1--puuE_1~~~argD_3~~~puuE_2~~~puuE--puuB_1~~~puuB_2~~~puuB_3~~~puuB--ycaM_2~~~ycaM_1~~~ycaM--puuC_1~~~puuC_2~~~puuC_3~~~puuC--sopA--puuA_2~~~puuA_1~~~puuA--dmlA_3~~~dmlA_2~~~dmlA_1~~~dmlA--arsB_2~~~arsB~~~arsB_1--group_8528--curA~~~curA_2~~~curA_1--group_8049--ddpD--puuP~~~puuP_2~~~puuP_1--hyfB_7~~~hyfB_3~~~hyfB_4~~~hyfB_5~~~hyfB_6~~~hyfB_2~~~ndhB_4~~~hyfB~~~hyfB_1--yeaW_3~~~yeaW~~~yeaW_2~~~yeaW_1--ddpF~~~btuD_7--hyfG_1~~~ndhB_2~~~hyfG_2~~~hyfG~~~nuoC_2~~~ndhB_1~~~ndhB_3--group_4973--dosC~~~dosC_2~~~dosC_1~~~dosC_3--puuR_2~~~puuR_1~~~puuR--puuD--glvC~~~glvC_1~~~malP_1~~~glvC_2~~~malP_2~~~malP_3--hyfC_1~~~hyfC_2~~~hyfC--hyfA_5~~~hyfA_1~~~hyfA_2~~~hyfA_3--sfmA--caiT_1~~~caiT_2~~~betL~~~betT1~~~ectT--focB_1~~~focB_2~~~focB--hyfR_1~~~hyfR_2~~~hyfR_3~~~hyfR--group_31,ndhI_2;ndhI_1--hcaF--hcaC--hcaB_3;hcaB_2;hcaB_1;hcaB--hcaD--hcaE_3;hcaE_2;hcaE_1;hcaE--hcaR_1;hcaR_2;hcaR_3----murR_3;murR_2;murR_1--icsA;;bmaC;icsA_2;icsA_1--puuE_1;argD_3;puuE_2;puuE--puuB_1;puuB_2;puuB_3;puuB--ycaM_2;ycaM_1;ycaM--puuC_1;puuC_2;puuC_3;puuC--;sopA--puuA_2;puuA_1;;puuA--dmlA_3;dmlA_2;dmlA_1;dmlA--arsB_2;arsB;arsB_1----curA;curA_2;curA_1----ddpD;--puuP;puuP_2;puuP_1--hyfB_7;hyfB_3;hyfB_4;hyfB_5;hyfB_6;hyfB_2;ndhB_4;hyfB;hyfB_1--yeaW_3;yeaW;yeaW_2;yeaW_1--;ddpF;btuD_7--hyfG_1;ndhB_2;hyfG_2;hyfG;;nuoC_2;ndhB_1;ndhB_3--;mngR_2--dosC;dosC_2;;dosC_1;dosC_3--puuR_2;puuR_1;puuR--puuD--glvC;glvC_1;malP_1;glvC_2;malP_2;;malP_3--hyfC_1;hyfC_2;hyfC--;hyfA_5;hyfA_1;hyfA_2;hyfA_3--sfmA--caiT_1;caiT_2;betL;;betT1;ectT--focB_1;focB_2;;focB--hyfR_1;hyfR_2;hyfR_3;hyfR--,NAD(P)H-quinone oxidoreductase subunit I chloroplastic--3-phenylpropionate/cinnamic acid dioxygenase subunit beta--3-phenylpropionate/cinnamic acid dioxygenase ferredoxin subunit--3-phenylpropionate-dihydrodiol/cinnamic acid-dihydrodiol dehydrogenase--3-phenylpropionate/cinnamic acid dioxygenase ferredoxin--NAD(+) reductase component--3-phenylpropionate/cinnamic acid dioxygenase subunit alpha--Hca operon transcriptional activator HcaR--hypothetical protein--HTH-type transcriptional regulator MurR--Outer membrane protein IcsA autotransporter;hypothetical protein;Adhesin BmaC autotransporter--4-aminobutyrate aminotransferase PuuE;Acetylornithine/succinyldiaminopimelate aminotransferase--Gamma-glutamylputrescine oxidoreductase--Inner membrane transporter YcaM--NADP/NAD-dependent aldehyde dehydrogenase PuuC--hypothetical protein;E3 ubiquitin-protein ligase SopA--Gamma-glutamylputrescine synthetase PuuA;hypothetical protein--D-malate dehydrogenase [decarboxylating]--Arsenical pump membrane protein--hypothetical protein--NADPH-dependent curcumin reductase--hypothetical protein--putative DD-dipeptide transport ATP-binding protein DdpD;hypothetical protein--Putrescine importer PuuP--Hydrogenase-4 component B;NAD(P)H-quinone oxidoreductase subunit 2 chloroplastic--Carnitine monooxygenase oxygenase subunit--hypothetical protein;putative DD-dipeptide transport ATP-binding protein DdpF;Vitamin B12 import ATP-binding protein BtuD--Hydrogenase-4 component G;NAD(P)H-quinone oxidoreductase subunit 2 chloroplastic;hypothetical protein;NADH-quinone oxidoreductase subunit C/D--hypothetical protein;Mannosyl-D-glycerate transport/metabolism system repressor MngR--Diguanylate cyclase DosC;hypothetical protein--HTH-type transcriptional regulator PuuR--Gamma-glutamyl-gamma-aminobutyrate hydrolase PuuD--Phosphotransferase IIC component GlvC;PTS system maltose-specific EIICB component;hypothetical protein--Hydrogenase-4 component C--hypothetical protein;Hydrogenase-4 component A--putative fimbrial-like protein SfmA--L-carnitine/gamma-butyrobetaine antiporter;Glycine betaine transporter BetL;hypothetical protein;Osmo-independent choline transporter BetT1;Ectoine/hydroxyectoine transporter--putative formate transporter 2;hypothetical protein--DNA-binding transcriptional activator HyfR--hypothetical protein,77,55,160,199,32.48945147679325,78.34645669291339,1.74125,0.0080246529301633,1.0,0.0308947622819613,1,1,1,1.0,1.0
group_7696,,hypothetical protein,63,42,174,212,26.58227848101265,83.46456692913385,1.827586206896552,0.0080792579001092,1.0,0.0310719958599932,7,4,4,0.9999999999999998,0.9999999999999998
group_3912,,hypothetical protein,86,64,151,190,36.28691983122363,74.80314960629921,1.6908112582781456,0.008218991680062,1.0,0.0315462630063632,54,32,30,0.2203284941766112,0.496617435317934
group_2203,,hypothetical protein,69,48,168,206,29.11392405063291,81.10236220472441,1.7626488095238095,0.0082279025172605,1.0,0.0315594531018011,27,18,15,0.1220781207084655,0.7011080384254457
klcA_1~~~klcA~~~klcA_3~~~klcA_2~~~klcA_5~~~klcA_6,klcA_1;klcA;klcA_3;klcA_2;;klcA_5;klcA_6,Antirestriction protein KlcA;hypothetical protein,118,96,119,158,49.78902953586498,62.20472440944882,1.6320028011204482,0.0082936717767235,1.0,0.0317905703409648,59,43,25,0.0005843646280443,0.2975952082844288
dcuD_3~~~dcuD_1~~~dcuD_2,dcuD_3;dcuD_1;dcuD_2,Putative cryptic C4-dicarboxylate transporter DcuD,78,56,159,198,32.91139240506329,77.95275590551181,1.7345013477088949,0.0083111160781273,1.0,0.0318151289444916,3,2,2,1.0,1.0
group_823,,hypothetical protein,87,65,150,189,36.70886075949368,74.40944881889764,1.6864615384615385,0.0084251979093886,1.0,0.0322304352671701,24,16,17,0.0639146566390991,0.1515896320343017
group_2994--group_2202,--,hypothetical protein--hypothetical protein,70,49,167,205,29.535864978902957,80.70866141732283,1.7536355859709154,0.0085609050287081,1.0,0.0323842634452116,27,17,16,0.2477885633707048,0.442068338394165
intS~~~intS_1~~~intS_5~~~intS_4~~~intS_3~~~intS_2,intS;intS_1;intS_5;intS_4;intS_3;intS_2,Prophage integrase IntS,70,49,167,205,29.535864978902957,80.70866141732283,1.7536355859709154,0.0085609050287081,1.0,0.0323842634452116,42,25,24,0.2799562385289392,0.4407990673425962
pagN~~~pagN_2,pagN;pagN_2;,Outer membrane protein PagN;hypothetical protein,53,33,184,221,22.36286919831224,87.00787401574803,1.9290184453227928,0.0086906440077165,1.0,0.0326388250073098,30,23,11,0.0052228793501853,0.2004884220659732
group_7143,,hypothetical protein,65,44,172,210,27.42616033755274,82.67716535433071,1.803646934460888,0.0089471486262151,1.0,0.0328956070345218,47,29,20,0.143865088440549,0.3816933976632125
group_4521,traY,Relaxosome protein TraY,49,30,188,224,20.675105485232063,88.18897637795276,1.9460992907801415,0.0095890735281515,1.0,0.0342934298323783,34,20,18,0.3915283051319426,0.8641662404406815
ygbT,ygbT,CRISPR-associated endonuclease Cas1,67,46,170,208,28.270042194092827,81.88976377952756,1.782097186700767,0.009847619581501,1.0,0.0348719452625022,10,7,7,0.3437499999999999,0.3437499999999999
group_6715,,hypothetical protein,75,54,162,200,31.64556962025317,78.74015748031496,1.7146776406035664,0.0102824954968637,1.0,0.0360575343913744,4,2,3,0.625,1.0
group_10943,,hypothetical protein,68,47,169,207,28.691983122362867,81.49606299212599,1.7721264006043056,0.0103092633804537,1.0,0.0360855515411752,23,15,13,0.2100396156311034,0.6776394844055175
group_5487,,hypothetical protein,50,31,187,223,21.09704641350211,87.79527559055119,1.923408659651544,0.0103334565678311,1.0,0.0361482870834628,12,9,6,0.14599609375,1.0
aglB_1~~~aglB_2~~~aglB_3~~~aglB~~~aglB_4,aglB_1;aglB_2;aglB_3;aglB;aglB_4,6-phospho-alpha-glucosidase,76,55,161,199,32.06751054852321,78.34645669291339,1.7079616036137777,0.010636866677099,1.0,0.0362082598140103,2,1,2,0.5,1.0
cynR_3~~~hdfR_7~~~cynR_2--cynS--cynT,cynR_3;hdfR_7;cynR_2--cynS--cynT,HTH-type transcriptional regulator CynR;HTH-type transcriptional regulator HdfR--Cyanate hydratase--Carbonic anhydrase 1,76,55,161,199,32.06751054852321,78.34645669291339,1.7079616036137777,0.010636866677099,1.0,0.0362082598140103,2,1,2,0.5,1.0
mcbR~~~mcbR_1~~~mcbR_2,mcbR;mcbR_1;mcbR_2,HTH-type transcriptional regulator McbR,76,55,161,199,32.06751054852321,78.34645669291339,1.7079616036137777,0.010636866677099,1.0,0.0362082598140103,2,1,2,0.5,1.0
lsrK_5~~~lsrK_4~~~lsrK_3~~~lsrK_2~~~lsrK_1--hyfE_1~~~hyfE~~~hyfE_2--lsrC_2~~~lsrC_1~~~lsrC--lsrD_2~~~lsrD_1,lsrK_5;lsrK_4;lsrK_3;lsrK_2;lsrK_1--hyfE_1;;hyfE;hyfE_2--lsrC_2;lsrC_1;lsrC--lsrD_2;lsrD_1,Autoinducer-2 kinase--Hydrogenase-4 component E;hypothetical protein--Autoinducer 2 import system permease protein LsrC--Autoinducer 2 import system permease protein LsrD,76,55,161,199,32.06751054852321,78.34645669291339,1.7079616036137777,0.010636866677099,1.0,0.0362082598140103,2,1,2,0.5,1.0
yeaX_2~~~yeaX~~~yeaX_1,yeaX_2;yeaX;yeaX_1,Carnitine monooxygenase reductase subunit,76,55,161,199,32.06751054852321,78.34645669291339,1.7079616036137777,0.010636866677099,1.0,0.0362082598140103,2,1,2,0.5,1.0
thiH_2~~~thiH_1~~~thiH,thiH_2;thiH_1;thiH,2-iminoacetate synthase,76,55,161,199,32.06751054852321,78.34645669291339,1.7079616036137777,0.010636866677099,1.0,0.0362082598140103,5,2,4,0.375,1.0
group_8279--ddpB_1~~~ddpB_2~~~ddpB--ddpX~~~ddpX_1~~~ddpX_2--ddpA_1~~~ddpA_2~~~ddpA_3~~~ddpA,;ddpC--ddpB_1;ddpB_2;ddpB--ddpX;ddpX_1;ddpX_2--ddpA_1;ddpA_2;ddpA_3;;ddpA,hypothetical protein;putative DD-dipeptide transport system permease protein DdpC--putative DD-dipeptide transport system permease protein DdpB--D-alanyl-D-alanine dipeptidase--putative DD-dipeptide-binding periplasmic protein DdpA;hypothetical protein,76,55,161,199,32.06751054852321,78.34645669291339,1.7079616036137777,0.010636866677099,1.0,0.0362082598140103,2,1,2,0.5,1.0
group_9547,,hypothetical protein,84,63,153,191,35.44303797468354,75.19685039370079,1.6644880174291938,0.0105533976520852,1.0,0.0362082598140103,58,33,33,0.3581433018061377,0.3581433018061377
lsrF_4~~~lsrF_3~~~lsrF_2~~~lsrF_1~~~lsrF--lsrG~~~lsrG_2~~~lsrG_1,lsrF_4;lsrF_3;lsrF_2;lsrF_1;lsrF--lsrG;lsrG_2;lsrG_1,3-hydroxy-5-phosphonooxypentane-24-dione thiolase--(4S)-4-hydroxy-5-phosphonooxypentane-23-dione isomerase,77,56,160,198,32.48945147679325,77.95275590551181,1.7015625,0.0109941685081174,1.0,0.0369140253053565,4,2,3,0.625,1.0
group_6937,,hypothetical protein,77,56,160,198,32.48945147679325,77.95275590551181,1.7015625,0.0109941685081174,1.0,0.0369140253053565,2,1,2,0.5,1.0
tfaE_1~~~tfaE_2~~~tfaE,tfaE_1;tfaE_2;tfaE;,Prophage tail fiber assembly protein TfaE;hypothetical protein,77,56,160,198,32.48945147679325,77.95275590551181,1.7015625,0.0109941685081174,1.0,0.0369140253053565,46,25,31,0.0258960817932347,0.6587380770236559
group_6735,,hypothetical protein,69,49,168,205,29.11392405063291,80.70866141732283,1.7182944606413997,0.0114106821802492,1.0,0.0380466065755563,7,6,5,0.125,0.4531249999999996
group_5243,,hypothetical protein,63,43,174,211,26.58227848101265,83.07086614173228,1.7766639935846031,0.0114316719348468,1.0,0.0380945599447353,8,4,5,0.7265625000000002,1.0
cspE_1~~~cspG_2,cspE_1;cspG_2,Cold shock-like protein CspE;Cold shock-like protein CspG,52,33,185,221,21.9409282700422,87.00787401574803,1.8823914823914825,0.0118890981117345,1.0,0.0383743303068512,40,22,22,0.6358280026288411,0.6358280026288411
yehB_2~~~yehB_1~~~yehB_3,yehB_2;yehB_1;yehB_3,Outer membrane usher protein YehB,71,51,166,203,29.957805907173,79.92125984251969,1.7024568863690055,0.0122579799334089,1.0,0.0383743303068512,5,4,4,0.375,0.375
group_11409,,IS3 family transposase IS3F;IS3 family transposase IS3;IS3 family transposase ISEc17;IS3 family transposase ISEc16;hypothetical protein,58,39,179,215,24.47257383966245,84.64566929133859,1.7862770376736856,0.0125815136658377,1.0,0.0391221285240316,38,19,24,0.1433066542958841,1.0
group_7998,,hypothetical protein,66,46,171,208,27.848101265822784,81.88976377952756,1.7452326468344774,0.0131120898468366,1.0,0.0405763693756938,54,29,30,0.496617435317934,0.6834892282353376
papD_2~~~papD~~~papD_1--group_11204--papC_1~~~papC_2~~~papC_4~~~papC_3~~~papC_6--ybgD~~~ybgD_2,papD_2;papD;papD_1----papC_1;papC_2;papC_4;papC_3;;papC_6--ybgD;ybgD_2;,Chaperone protein PapD--hypothetical protein--Outer membrane usher protein PapC;hypothetical protein--putative fimbrial-like protein YbgD;hypothetical protein,73,53,164,201,30.801687763713083,79.13385826771653,1.6881040036815462,0.0131195754581601,1.0,0.0405763693756938,2,2,2,0.5,0.5
traJ_2,traJ_2,Protein TraJ,48,30,189,224,20.253164556962027,88.18897637795276,1.8962962962962964,0.0131961587040429,1.0,0.0407913431253659,35,20,18,0.4995598332025108,1.0
group_7173,,hypothetical protein,59,40,178,214,24.89451476793249,84.25196850393701,1.773314606741573,0.0132300658710883,1.0,0.0408523458740354,46,31,19,0.0258960817932347,0.3019956131896606
group_10415,,hypothetical protein,95,74,142,180,40.08438818565401,70.86614173228347,1.6273315569090216,0.0133618124360947,1.0,0.0412150073269589,64,39,34,0.1034218783160808,0.7079807541347635
group_10734,,hypothetical protein,74,54,163,200,31.223628691983123,78.74015748031496,1.681436037264258,0.0135551879106308,1.0,0.0415935735474776,29,20,15,0.0614283457398414,0.9999999999999996
group_118,,hypothetical protein,74,54,163,200,31.223628691983123,78.74015748031496,1.681436037264258,0.0135551879106308,1.0,0.0415935735474776,7,3,5,0.4531249999999996,0.9999999999999998
group_5866,,hypothetical protein,60,41,177,213,25.31645569620253,83.85826771653542,1.7610582885489872,0.0138891214246032,1.0,0.0425004166734808,13,6,8,0.5810546875,1.0
sfmF--sfmH_2~~~sfmH_1~~~sfmH,sfmF;--sfmH_2;sfmH_1;sfmH,putative fimbrial-like protein SfmF;hypothetical protein--putative fimbrial-like protein SfmH,75,55,162,199,31.64556962025317,78.34645669291339,1.6750841750841752,0.0139937215743673,1.0,0.0426871510605914,3,1,3,0.25,1.0
appY~~~gadX_1~~~rhaR_6,appY;;gadX_1;rhaR_6,HTH-type transcriptional regulator AppY;hypothetical protein;HTH-type transcriptional regulator GadX;HTH-type transcriptional activator RhaR,75,55,162,199,31.64556962025317,78.34645669291339,1.6750841750841752,0.0139937215743673,1.0,0.0426871510605914,3,1,3,0.25,1.0
ybiU_1~~~ybiU_2~~~ybiU~~~ybiU_3,ybiU_1;ybiU_2;ybiU;ybiU_3,putative protein YbiU,75,55,162,199,31.64556962025317,78.34645669291339,1.6750841750841752,0.0139937215743673,1.0,0.0426871510605914,4,2,3,0.625,1.0
group_5445,,hypothetical protein,75,55,162,199,31.64556962025317,78.34645669291339,1.6750841750841752,0.0139937215743673,1.0,0.0426871510605914,3,1,3,0.25,1.0
yycB~~~nimT_2,yycB;;nimT_2,putative transporter YycB;hypothetical protein;2-nitroimidazole transporter,76,56,161,198,32.06751054852321,77.95275590551181,1.6690328305235138,0.0144349623665819,1.0,0.0431418462622008,3,1,3,0.25,1.0
glmU_1~~~glmU_3,glmU_1;glmU_3,Bifunctional protein GlmU,76,56,161,198,32.06751054852321,77.95275590551181,1.6690328305235138,0.0144349623665819,1.0,0.0431418462622008,31,20,15,0.1496127843856811,0.9999999999999994
srmB_3~~~srmB_1~~~srmB_2,;srmB_3;srmB_1;srmB_2,hypothetical protein;ATP-dependent RNA helicase SrmB,77,57,160,197,32.48945147679325,77.55905511811024,1.6632675438596491,0.0148786983348556,1.0,0.0441006148588396,3,1,3,0.25,1.0
group_3508,,hypothetical protein,77,57,160,197,32.48945147679325,77.55905511811024,1.6632675438596491,0.0148786983348556,1.0,0.0441006148588396,9,5,6,0.5078125,1.0
group_478,,hypothetical protein,68,49,169,205,28.691983122362867,80.70866141732283,1.6833715734814636,0.0150903727246592,1.0,0.0446820743490808,61,32,34,0.4426260049464712,0.7981526273057182
traM_1~~~traM_2~~~traM,traM_1;traM_2;traM,Relaxosome protein TraM,50,32,187,222,21.09704641350211,87.4015748031496,1.8549465240641712,0.015127249249265,1.0,0.0447525991267818,36,21,20,0.4050322461407633,0.6177193170296958
group_141,,hypothetical protein,63,44,174,210,26.58227848101265,82.67716535433071,1.7280564263322884,0.0159240323428191,1.0,0.0464820488386594,14,9,10,0.1795654296875,0.4239501953124999
gfcB_1~~~gfcB_2,gfcB_1;gfcB_2,putative lipoprotein GfcB,56,38,181,216,23.62869198312236,85.03937007874016,1.758650770572841,0.0160497090270663,1.0,0.0468251885329136,12,8,6,0.3876953125000001,1.0
dinI_1~~~dinI_3~~~dinI_2,;dinI_1;dinI_3;dinI_2,hypothetical protein;DNA damage-inducible protein I,51,33,186,221,21.518987341772156,87.00787401574803,1.8362658846529811,0.0161273655470473,1.0,0.047027952644779,36,19,21,0.4050322461407633,0.8679394004284399
abgT_1~~~abgT_2~~~abgT_3~~~abgT--tsaR_1--abgB_1~~~abgB_2~~~abgB_3~~~abgB--abgA_1~~~abgA_2~~~abgA,abgT_1;abgT_2;;abgT_3;abgT--;tsaR_1--abgB_1;abgB_2;abgB_3;abgB--abgA_1;abgA_2;abgA,p-aminobenzoyl-glutamate transport protein;hypothetical protein--hypothetical protein;HTH-type transcriptional regulator TsaR--p-aminobenzoyl-glutamate hydrolase subunit B--p-aminobenzoyl-glutamate hydrolase subunit A,80,60,157,194,33.755274261603375,76.37795275590551,1.6475583864118897,0.0162227935849544,1.0,0.0471630887631177,5,3,4,0.375,1.0
ompX_2~~~ail~~~ompX_1~~~ompX_3~~~ompX_4,ompX_2;ail;ompX_1;ompX_3;ompX_4;,Outer membrane protein X;Attachment invasion locus protein;hypothetical protein,71,52,166,202,29.957805907173,79.52755905511812,1.661492122335496,0.016667441505501,1.0,0.0483339035609727,50,30,27,0.2026387510645406,0.6718110337653654
group_4596,,hypothetical protein,71,52,166,202,29.957805907173,79.52755905511812,1.661492122335496,0.016667441505501,1.0,0.0483339035609727,4,3,4,0.125,0.625
group_371,,hypothetical protein,57,39,180,215,24.050632911392405,84.64566929133859,1.7457264957264955,0.0168482842934874,1.0,0.0484324799910996,7,6,4,0.125,0.9999999999999998
group_11070,,hypothetical protein,111,91,126,163,46.83544303797469,64.1732283464567,1.577969649398221,0.0169381598469115,1.0,0.0484848517961494,61,32,38,0.0721774385009224,0.7981526273057182
group_5826,,hypothetical protein,72,53,165,201,30.37974683544304,79.13385826771653,1.6548885077186963,0.0171994191278366,1.0,0.0486529201530805,7,3,5,0.4531249999999996,0.9999999999999998
group_11381,,hypothetical protein,73,54,164,200,30.801687763713083,78.74015748031496,1.6485998193315266,0.0177341134233531,1.0,0.049629691206617,3,2,3,0.25,1.0
group_6032,,hypothetical protein,73,54,164,200,30.801687763713083,78.74015748031496,1.6485998193315266,0.0177341134233531,1.0,0.049629691206617,5,2,4,0.375,1.0
prn,;prn,hypothetical protein;Pertactin autotransporter,73,54,164,200,30.801687763713083,78.74015748031496,1.6485998193315266,0.0177341134233531,1.0,0.049629691206617,3,2,3,0.25,1.0
