"Org","Gene_Count","Group"
"rUTI_ERR14226055",4657,"rUTI"
"rUTI_ERR14226056",4775,"rUTI"
"rUTI_ERR14226057",4514,"rUTI"
"rUTI_ERR14226058",4739,"rUTI"
"rUTI_ERR14226059",4487,"rUTI"
"rUTI_ERR14226060",4674,"rUTI"
"rUTI_ERR14226062",4732,"rUTI"
"rUTI_ERR14226063",4779,"rUTI"
"rUTI_ERR14226064",4721,"rUTI"
"rUTI_ERR14226065",4789,"rUTI"
"rUTI_ERR14226068",4811,"rUTI"
"rUTI_ERR14226069",4848,"rUTI"
"rUTI_ERR14226070",4597,"rUTI"
"rUTI_ERR14226071",4840,"rUTI"
"rUTI_ERR14226072",4470,"rUTI"
"rUTI_ERR14226073",4619,"rUTI"
"rUTI_ERR14226074",4370,"rUTI"
"rUTI_ERR14226076",4503,"rUTI"
"rUTI_ERR14226077",4505,"rUTI"
"rUTI_ERR14226078",4876,"rUTI"
"rUTI_ERR14226079",4508,"rUTI"
"rUTI_ERR14226081",4577,"rUTI"
"rUTI_ERR14226082",4581,"rUTI"
"rUTI_ERR14226083",4572,"rUTI"
"rUTI_ERR14226084",4564,"rUTI"
"rUTI_ERR14226085",4549,"rUTI"
"rUTI_ERR14226086",4368,"rUTI"
"rUTI_ERR14226087",4358,"rUTI"
"rUTI_ERR14226088",4427,"rUTI"
"rUTI_ERR14226089",4368,"rUTI"
"rUTI_ERR14226090",4404,"rUTI"
"rUTI_ERR14226091",4403,"rUTI"
"rUTI_ERR14226093",4729,"rUTI"
"rUTI_ERR14226094",4576,"rUTI"
"rUTI_ERR14226096",4720,"rUTI"
"rUTI_ERR14226097",4659,"rUTI"
"rUTI_ERR14226098",5006,"rUTI"
"rUTI_ERR14226099",4378,"rUTI"
"rUTI_ERR14226100",4615,"rUTI"
"rUTI_ERR14226101",4621,"rUTI"
"rUTI_ERR14226102",4622,"rUTI"
"rUTI_ERR14226103",4875,"rUTI"
"rUTI_ERR14226104",4861,"rUTI"
"rUTI_ERR14226105",4825,"rUTI"
"rUTI_ERR14226106",4739,"rUTI"
"rUTI_ERR14226107",4863,"rUTI"
"rUTI_ERR14226108",4825,"rUTI"
"rUTI_ERR14226109",4751,"rUTI"
"rUTI_ERR14226110",4919,"rUTI"
"rUTI_ERR14226111",4575,"rUTI"
"rUTI_ERR14226112",4504,"rUTI"
"rUTI_ERR14226113",4816,"rUTI"
"rUTI_ERR14226114",4546,"rUTI"
"rUTI_ERR14226115",4868,"rUTI"
"rUTI_ERR14226116",4700,"rUTI"
"rUTI_ERR14226118",4685,"rUTI"
"rUTI_ERR14226121",4616,"rUTI"
"rUTI_ERR14226122",4634,"rUTI"
"rUTI_ERR14226124",4631,"rUTI"
"rUTI_ERR14226126",4288,"rUTI"
"rUTI_ERR14226127",4737,"rUTI"
"rUTI_ERR14226128",4522,"rUTI"
"rUTI_ERR14226129",4781,"rUTI"
"rUTI_ERR14226130",4489,"rUTI"
"rUTI_ERR14226131",4452,"rUTI"
"rUTI_ERR14226132",4452,"rUTI"
"rUTI_ERR14226133",4484,"rUTI"
"rUTI_ERR14226134",4494,"rUTI"
"rUTI_ERR14226135",4538,"rUTI"
"rUTI_ERR14226136",4430,"rUTI"
"rUTI_ERR14226137",4559,"rUTI"
"rUTI_ERR14226140",4715,"rUTI"
"rUTI_ERR14226141",4726,"rUTI"
"rUTI_ERR14226142",4408,"rUTI"
"rUTI_ERR14226143",4787,"rUTI"
"rUTI_ERR14226144",4780,"rUTI"
"rUTI_ERR14226145",4786,"rUTI"
"rUTI_ERR14226147",4844,"rUTI"
"rUTI_ERR14226149",4831,"rUTI"
"rUTI_ERR14226151",4412,"rUTI"
"rUTI_ERR14226152",4631,"rUTI"
"rUTI_ERR14226153",4711,"rUTI"
"rUTI_ERR14226154",4633,"rUTI"
"rUTI_ERR14226155",4404,"rUTI"
"rUTI_ERR14226157",5020,"rUTI"
"rUTI_ERR14226158",4953,"rUTI"
"rUTI_ERR14226159",5031,"rUTI"
"rUTI_ERR14226160",5018,"rUTI"
"rUTI_ERR14226161",5028,"rUTI"
"rUTI_ERR14226162",4948,"rUTI"
"rUTI_ERR14226163",4312,"rUTI"
"rUTI_ERR14226164",4427,"rUTI"
"rUTI_ERR14226165",4774,"rUTI"
"rUTI_ERR14226166",4986,"rUTI"
"rUTI_ERR14226167",4574,"rUTI"
"rUTI_ERR14226168",4986,"rUTI"
"rUTI_ERR14226169",4395,"rUTI"
"rUTI_ERR14226171",4852,"rUTI"
"rUTI_ERR14226172",4864,"rUTI"
"rUTI_ERR14226173",4964,"rUTI"
"rUTI_ERR14226175",4703,"rUTI"
"rUTI_ERR14226176",4521,"rUTI"
"rUTI_ERR14226177",4797,"rUTI"
"rUTI_ERR14226179",4710,"rUTI"
"rUTI_ERR14226180",4601,"rUTI"
"rUTI_ERR14226181",4511,"rUTI"
"rUTI_ERR14226182",4550,"rUTI"
"rUTI_ERR14226183",4716,"rUTI"
"rUTI_ERR14226184",4682,"rUTI"
"rUTI_ERR14226185",4694,"rUTI"
"rUTI_ERR14226187",4627,"rUTI"
"rUTI_ERR14226188",4526,"rUTI"
"rUTI_ERR14226190",4512,"rUTI"
"rUTI_ERR14226191",4497,"rUTI"
"rUTI_ERR14226192",4543,"rUTI"
"rUTI_ERR14226194",4628,"rUTI"
"rUTI_ERR14226195",4852,"rUTI"
"rUTI_ERR14226196",4349,"rUTI"
"rUTI_ERR14226197",4672,"rUTI"
"rUTI_ERR14226198",4623,"rUTI"
"rUTI_ERR14226200",4625,"rUTI"
"rUTI_ERR14226201",4475,"rUTI"
"rUTI_ERR14226202",4478,"rUTI"
"rUTI_ERR14226203",4340,"rUTI"
"rUTI_ERR14226204",4307,"rUTI"
"rUTI_ERR14226205",4942,"rUTI"
"rUTI_ERR14226207",4683,"rUTI"
"rUTI_ERR14226208",4910,"rUTI"
"rUTI_ERR14226209",4875,"rUTI"
"rUTI_ERR14226211",4630,"rUTI"
"rUTI_ERR14226213",4453,"rUTI"
"rUTI_ERR14226214",4819,"rUTI"
"rUTI_ERR14226215",4703,"rUTI"
"rUTI_ERR14226216",4704,"rUTI"
"rUTI_ERR14226217",4696,"rUTI"
"rUTI_ERR14226218",4676,"rUTI"
"rUTI_ERR14226219",4705,"rUTI"
"rUTI_ERR14226220",4711,"rUTI"
"rUTI_ERR14226222",4796,"rUTI"
"rUTI_ERR14226223",4672,"rUTI"
"rUTI_ERR14226224",4846,"rUTI"
"rUTI_ERR14226225",4900,"rUTI"
"rUTI_ERR14226227",4679,"rUTI"
"rUTI_ERR14226228",4339,"rUTI"
"rUTI_ERR14226229",4656,"rUTI"
"rUTI_ERR14226230",4665,"rUTI"
"rUTI_ERR14226231",4681,"rUTI"
"rUTI_ERR14226232",4698,"rUTI"
"rUTI_ERR14226233",4513,"rUTI"
"rUTI_ERR14226234",4531,"rUTI"
"rUTI_ERR14226235",4538,"rUTI"
"rUTI_ERR14226236",4680,"rUTI"
"rUTI_ERR14226237",4534,"rUTI"
"rUTI_ERR14226238",4540,"rUTI"
"rUTI_ERR14226239",4434,"rUTI"
"rUTI_ERR14226244",4559,"rUTI"
"rUTI_ERR14226245",4777,"rUTI"
"rUTI_ERR4556420",4563,"rUTI"
"rUTI_ERR4556422",4653,"rUTI"
"rUTI_ERR4556424",4826,"rUTI"
"rUTI_ERR4556426",4930,"rUTI"
"rUTI_ERR4556428",4641,"rUTI"
"rUTI_ERR4556429",4726,"rUTI"
"rUTI_ERR4556430",4726,"rUTI"
"rUTI_ERR4556435",4571,"rUTI"
"rUTI_ERR4556436",4277,"rUTI"
"rUTI_ERR4556439",4345,"rUTI"
"rUTI_ERR4556449",4642,"rUTI"
"rUTI_ERR4556461",4729,"rUTI"
"rUTI_ERR4556462",4801,"rUTI"
"rUTI_ERR4556464",4681,"rUTI"
"rUTI_ERR4556465",4889,"rUTI"
"rUTI_ERR4556466",4616,"rUTI"
"rUTI_GCA_001442495.1",4495,"rUTI"
"rUTI_GCA_004135165.1",4984,"rUTI"
"rUTI_GCA_004135915.1",4984,"rUTI"
"rUTI_GCA_004141955.1",5085,"rUTI"
"rUTI_GCA_004193755.1",4799,"rUTI"
"rUTI_GCA_010092965.1",4819,"rUTI"
"rUTI_GCA_011064575.1",4264,"rUTI"
"rUTI_GCA_011751215.1",4568,"rUTI"
"rUTI_GCA_011751245.1",4393,"rUTI"
"rUTI_GCA_011751285.1",4586,"rUTI"
"rUTI_GCA_011751305.1",5002,"rUTI"
"rUTI_GCA_011751325.1",4857,"rUTI"
"rUTI_GCA_011751345.1",4560,"rUTI"
"rUTI_GCA_011751355.1",4463,"rUTI"
"rUTI_GCA_011751375.1",4609,"rUTI"
"rUTI_GCA_011751405.1",4849,"rUTI"
"rUTI_GCA_011751425.1",4597,"rUTI"
"rUTI_GCA_013372305.1",4880,"rUTI"
"rUTI_GCA_013372325.1",4881,"rUTI"
"rUTI_GCA_013372345.1",4518,"rUTI"
"rUTI_GCA_013372365.1",4454,"rUTI"
"rUTI_GCA_013372385.1",4697,"rUTI"
"rUTI_GCA_013372405.1",4792,"rUTI"
"rUTI_GCA_013372425.1",4844,"rUTI"
"rUTI_GCA_017352035.1",4630,"rUTI"
"rUTI_GCA_017352055.1",4329,"rUTI"
"rUTI_GCA_017352075.1",4670,"rUTI"
"rUTI_GCA_019443605.1",4839,"rUTI"
"rUTI_GCA_019443685.1",4755,"rUTI"
"rUTI_GCA_021383885.1",4696,"rUTI"
"rUTI_GCA_021383905.1",4695,"rUTI"
"rUTI_GCA_021496405.1",4782,"rUTI"
"rUTI_GCA_021496425.1",4275,"rUTI"
"rUTI_GCA_021496445.1",4809,"rUTI"
"rUTI_GCA_023376095.1",4965,"rUTI"
"rUTI_GCA_026968065.1",4869,"rUTI"
"rUTI_GCA_026968085.1",4661,"rUTI"
"rUTI_GCA_026968105.1",4782,"rUTI"
"rUTI_GCA_027474255.1",4623,"rUTI"
"rUTI_GCA_027474265.1",4977,"rUTI"
"rUTI_GCA_027474275.1",4743,"rUTI"
"rUTI_GCA_027474285.1",4807,"rUTI"
"rUTI_GCA_030707855.1",4979,"rUTI"
"rUTI_GCA_030707875.1",5036,"rUTI"
"rUTI_GCA_030707895.1",4998,"rUTI"
"rUTI_GCA_030707915.1",4940,"rUTI"
"rUTI_GCA_030707935.1",4911,"rUTI"
"rUTI_GCA_030707955.1",4899,"rUTI"
"rUTI_GCA_030707975.1",5008,"rUTI"
"rUTI_GCA_030707995.1",5234,"rUTI"
"rUTI_GCA_030708015.1",5149,"rUTI"
"rUTI_GCA_030708035.1",5223,"rUTI"
"rUTI_GCA_030708055.1",4896,"rUTI"
"rUTI_GCA_030708535.1",5110,"rUTI"
"rUTI_GCA_034640615.1",4331,"rUTI"
"rUTI_GCA_034641715.1",4342,"rUTI"
"rUTI_GCA_034642615.1",5125,"rUTI"
"rUTI_GCA_034642855.1",4951,"rUTI"
"rUTI_GCA_034642955.1",4693,"rUTI"
"rUTI_GCA_034643255.1",4577,"rUTI"
"rUTI_GCA_034643695.1",4699,"rUTI"
"rUTI_GCA_034643955.1",4347,"rUTI"
"rUTI_GCA_034644215.1",4869,"rUTI"
"rUTI_GCA_034644455.1",4929,"rUTI"
"UTI_GCA_000776035.1",4759,"UTI"
"UTI_GCA_000776045.1",4297,"UTI"
"UTI_GCA_000776055.1",4663,"UTI"
"UTI_GCA_000776065.1",4426,"UTI"
"UTI_GCA_000776115.1",4660,"UTI"
"UTI_GCA_000776195.1",4545,"UTI"
"UTI_GCA_000776235.1",4628,"UTI"
"UTI_GCA_000776315.1",4816,"UTI"
"UTI_GCA_000776375.1",4682,"UTI"
"UTI_GCA_000776395.1",4904,"UTI"
"UTI_GCA_000776435.1",4283,"UTI"
"UTI_GCA_000776565.1",4696,"UTI"
"UTI_GCA_000776635.1",4525,"UTI"
"UTI_GCA_000776655.1",4760,"UTI"
"UTI_GCA_000776675.1",4252,"UTI"
"UTI_GCA_000776715.1",4646,"UTI"
"UTI_GCA_000776745.1",4624,"UTI"
"UTI_GCA_000776815.1",4536,"UTI"
"UTI_GCA_000776965.1",4673,"UTI"
"UTI_GCA_000777025.1",4901,"UTI"
"UTI_GCA_000777065.1",4522,"UTI"
"UTI_GCA_000777135.1",4577,"UTI"
"UTI_GCA_000777195.1",4407,"UTI"
"UTI_GCA_000777285.1",4382,"UTI"
"UTI_GCA_000777355.1",4293,"UTI"
"UTI_GCA_000777535.1",4361,"UTI"
"UTI_GCA_000777695.1",4665,"UTI"
"UTI_GCA_000777945.1",4734,"UTI"
"UTI_GCA_000778015.1",4737,"UTI"
"UTI_GCA_000778035.1",4824,"UTI"
"UTI_GCA_000778235.1",4610,"UTI"
"UTI_GCA_000778275.1",4216,"UTI"
"UTI_GCA_000778315.1",4327,"UTI"
"UTI_GCA_000778355.1",4765,"UTI"
"UTI_GCA_000778375.1",4642,"UTI"
"UTI_GCA_000778395.1",4689,"UTI"
"UTI_GCA_000778475.1",4648,"UTI"
"UTI_GCA_000778545.1",4477,"UTI"
"UTI_GCA_000778565.1",4449,"UTI"
"UTI_GCA_000778685.1",4706,"UTI"
"UTI_GCA_000778725.1",4526,"UTI"
"UTI_GCA_000778785.1",4433,"UTI"
"UTI_GCA_000778935.1",4604,"UTI"
"UTI_GCA_000778955.1",4706,"UTI"
"UTI_GCA_000779055.1",4448,"UTI"
"UTI_GCA_000779215.1",4313,"UTI"
"UTI_GCA_000779255.1",4809,"UTI"
"UTI_GCA_000779295.1",4379,"UTI"
"UTI_GCA_000779425.1",4627,"UTI"
"UTI_GCA_000779475.1",4697,"UTI"
"UTI_GCA_000779515.1",4354,"UTI"
"UTI_GCA_000779635.1",4474,"UTI"
"UTI_GCA_000779675.1",4769,"UTI"
"UTI_GCA_000779695.1",4714,"UTI"
"UTI_GCA_000779715.1",4691,"UTI"
"UTI_GCA_000779875.1",4710,"UTI"
"UTI_GCA_000779895.1",4963,"UTI"
"UTI_GCA_000779915.1",4638,"UTI"
"UTI_GCA_000779955.1",4436,"UTI"
"UTI_GCA_000779995.1",4791,"UTI"
"UTI_GCA_000780015.1",4636,"UTI"
"UTI_GCA_000780095.1",4727,"UTI"
"UTI_GCA_000780115.1",4997,"UTI"
"UTI_GCA_000780155.1",4729,"UTI"
"UTI_GCA_000780235.1",4693,"UTI"
"UTI_GCA_000780315.1",4686,"UTI"
"UTI_GCA_000780415.1",4393,"UTI"
"UTI_GCA_000780615.1",4809,"UTI"
"UTI_GCA_000780655.1",4726,"UTI"
"UTI_GCA_000780695.1",4890,"UTI"
"UTI_GCA_000780735.1",4649,"UTI"
"UTI_GCA_000780755.1",4647,"UTI"
"UTI_GCA_000780775.1",4759,"UTI"
"UTI_GCA_000780815.1",4575,"UTI"
"UTI_GCA_000780845.1",4613,"UTI"
"UTI_GCA_000780875.1",4648,"UTI"
"UTI_GCA_000780895.1",4390,"UTI"
"UTI_GCA_000780915.1",4399,"UTI"
"UTI_GCA_000780995.1",4602,"UTI"
"UTI_GCA_000781035.1",4603,"UTI"
"UTI_GCA_000781075.1",4246,"UTI"
"UTI_GCA_000781195.1",4560,"UTI"
"UTI_GCA_000781215.1",4934,"UTI"
"UTI_GCA_000781235.1",4503,"UTI"
"UTI_GCA_000781295.1",4672,"UTI"
"UTI_GCA_000781315.1",4733,"UTI"
"UTI_GCA_000781355.1",4715,"UTI"
"UTI_GCA_000781385.1",4656,"UTI"
"UTI_GCA_000781415.1",4719,"UTI"
"UTI_GCA_000781435.1",4384,"UTI"
"UTI_GCA_000781455.1",4446,"UTI"
"UTI_GCA_000785325.1",4546,"UTI"
"UTI_GCA_002855655.1",4476,"UTI"
"UTI_GCA_003856995.1",5195,"UTI"
"UTI_GCA_004100965.1",4589,"UTI"
"UTI_GCA_004101045.1",4758,"UTI"
"UTI_GCA_004101155.1",4805,"UTI"
"UTI_GCA_004101165.1",4871,"UTI"
"UTI_GCA_004101205.1",4882,"UTI"
"UTI_GCA_005508805.1",4911,"UTI"
"UTI_GCA_013402855.1",5033,"UTI"
"UTI_GCA_013402895.1",4919,"UTI"
"UTI_GCA_015693455.1",4599,"UTI"
"UTI_GCA_016092415.1",4483,"UTI"
"UTI_GCA_016092455.1",4664,"UTI"
"UTI_GCA_016092465.1",4600,"UTI"
"UTI_GCA_016092535.1",4630,"UTI"
"UTI_GCA_017869465.1",5314,"UTI"
"UTI_GCA_017903455.1",5058,"UTI"
"UTI_GCA_018390445.1",4742,"UTI"
"UTI_GCA_019508785.1",4464,"UTI"
"UTI_GCA_019508905.1",4519,"UTI"
"UTI_GCA_019509385.1",4467,"UTI"
"UTI_GCA_019509565.1",4779,"UTI"
"UTI_GCA_019884625.1",9551,"UTI"
"UTI_GCA_020085175.1",4897,"UTI"
"UTI_GCA_020085215.1",4919,"UTI"
"UTI_GCA_020085235.1",4841,"UTI"
"UTI_GCA_020085255.1",4730,"UTI"
"UTI_GCA_020085275.1",4919,"UTI"
"UTI_GCA_020085295.1",4848,"UTI"
"UTI_GCA_020085485.1",4756,"UTI"
"UTI_GCA_020085575.1",4720,"UTI"
"UTI_GCA_020085595.1",4768,"UTI"
"UTI_GCA_020085615.1",4645,"UTI"
"UTI_GCA_020085635.1",4776,"UTI"
"UTI_GCA_020085675.1",4804,"UTI"
"UTI_GCA_020085695.1",4778,"UTI"
"UTI_GCA_020085735.1",4739,"UTI"
"UTI_GCA_020085745.1",4766,"UTI"
"UTI_GCA_020085775.1",4757,"UTI"
"UTI_GCA_020085795.1",4724,"UTI"
"UTI_GCA_020085855.1",4684,"UTI"
"UTI_GCA_020085875.1",4717,"UTI"
"UTI_GCA_020086185.1",4829,"UTI"
"UTI_GCA_020086225.1",4741,"UTI"
"UTI_GCA_020086245.1",4712,"UTI"
"UTI_GCA_020086405.1",4654,"UTI"
"UTI_GCA_022758865.1",4665,"UTI"
"UTI_GCA_023024425.1",5361,"UTI"
"UTI_GCA_029080245.1",4557,"UTI"
"UTI_GCA_029080255.1",4561,"UTI"
"UTI_GCA_029080445.1",4671,"UTI"
"UTI_GCA_029080695.1",4497,"UTI"
"UTI_GCA_029080785.1",4574,"UTI"
"UTI_GCA_029080905.1",4740,"UTI"
"UTI_GCA_029080945.1",4577,"UTI"
"UTI_GCA_029082055.1",4587,"UTI"
"UTI_GCA_029082075.1",4659,"UTI"
"UTI_GCA_029082445.1",4660,"UTI"
"UTI_GCA_029082465.1",4661,"UTI"
"UTI_GCA_029082625.1",4691,"UTI"
"UTI_GCA_029082695.1",4486,"UTI"
"UTI_GCA_029082765.1",4762,"UTI"
"UTI_GCA_029109395.1",4239,"UTI"
"UTI_GCA_029109835.1",4596,"UTI"
"UTI_GCA_029109865.1",4600,"UTI"
"UTI_GCA_029111085.1",4677,"UTI"
"UTI_GCA_029111125.1",4650,"UTI"
"UTI_GCA_029111265.1",4656,"UTI"
"UTI_GCA_029112195.1",4780,"UTI"
"UTI_GCA_029112505.1",4368,"UTI"
"UTI_GCA_029112895.1",4612,"UTI"
"UTI_GCA_029113525.1",4409,"UTI"
"UTI_GCA_029113885.1",4471,"UTI"
"UTI_GCA_029113915.1",4475,"UTI"
"UTI_GCA_029113945.1",4445,"UTI"
"UTI_GCA_029114525.1",4750,"UTI"
"UTI_GCA_029114735.1",4338,"UTI"
"UTI_GCA_029115025.1",4557,"UTI"
"UTI_GCA_029115065.1",4402,"UTI"
"UTI_GCA_029115885.1",4739,"UTI"
"UTI_GCA_029115995.1",4504,"UTI"
"UTI_GCA_029116275.1",4417,"UTI"
"UTI_GCA_029116805.1",4785,"UTI"
"UTI_GCA_029117025.1",4721,"UTI"
"UTI_GCA_029117105.1",4717,"UTI"
"UTI_GCA_029117115.1",4735,"UTI"
"UTI_GCA_029117905.1",4578,"UTI"
"UTI_GCA_029117995.1",4570,"UTI"
"UTI_GCA_029118025.1",4574,"UTI"
"UTI_GCA_029118045.1",4582,"UTI"
"UTI_GCA_029118055.1",4576,"UTI"
"UTI_GCA_029118085.1",4575,"UTI"
"UTI_GCA_029118315.1",4745,"UTI"
"UTI_GCA_029118345.1",4744,"UTI"
"UTI_GCA_029118425.1",4725,"UTI"
"UTI_GCA_029118485.1",4745,"UTI"
"UTI_GCA_029118655.1",4742,"UTI"
"UTI_GCA_029118795.1",4662,"UTI"
"UTI_GCA_029118805.1",4655,"UTI"
"UTI_GCA_029118925.1",4665,"UTI"
"UTI_GCA_029118945.1",4630,"UTI"
"UTI_GCA_029119005.1",4664,"UTI"
"UTI_GCA_029119195.1",4296,"UTI"
"UTI_GCA_029119255.1",4298,"UTI"
"UTI_GCA_029119325.1",4301,"UTI"
"UTI_GCA_029119725.1",4802,"UTI"
"UTI_GCA_029119885.1",4742,"UTI"
"UTI_GCA_029119935.1",4843,"UTI"
"UTI_GCA_029119965.1",4843,"UTI"
"UTI_GCA_029119975.1",4843,"UTI"
"UTI_GCA_029120005.1",4842,"UTI"
"UTI_GCA_029120015.1",4846,"UTI"
"UTI_GCA_029120065.1",4842,"UTI"
"UTI_GCA_029120105.1",4846,"UTI"
"UTI_GCA_029120125.1",4844,"UTI"
"UTI_GCA_029120135.1",4841,"UTI"
"UTI_GCA_029120385.1",4626,"UTI"
"UTI_GCA_029120395.1",4626,"UTI"
"UTI_GCA_029120455.1",4624,"UTI"
"UTI_GCA_029120495.1",4624,"UTI"
"UTI_GCA_029120565.1",4626,"UTI"
"UTI_GCA_029120815.1",4674,"UTI"
"UTI_GCA_029120865.1",4679,"UTI"
"UTI_GCA_029120885.1",4681,"UTI"
"UTI_GCA_029120925.1",4659,"UTI"
"UTI_GCA_029120965.1",4662,"UTI"
"UTI_GCA_029120975.1",4652,"UTI"
"UTI_GCA_029121045.1",4659,"UTI"
"UTI_GCA_029121105.1",4662,"UTI"
"UTI_GCA_029122665.1",4719,"UTI"
"UTI_GCA_029122705.1",4563,"UTI"
"UTI_GCA_029122985.1",4761,"UTI"
"UTI_GCA_029124545.1",4414,"UTI"
"UTI_GCA_029125075.1",4780,"UTI"
"UTI_GCA_029125105.1",4830,"UTI"
"UTI_GCA_029125125.1",4826,"UTI"
"UTI_GCA_029125145.1",4826,"UTI"
"UTI_GCA_029125265.1",4710,"UTI"
"UTI_GCA_029125385.1",4783,"UTI"
"UTI_GCA_029369645.2",5570,"UTI"
"UTI_GCA_030988725.1",4678,"UTI"
"UTI_GCA_030988825.1",4726,"UTI"
"UTI_GCA_030988915.1",4731,"UTI"
"UTI_GCA_030991405.1",4821,"UTI"
"UTI_GCA_030991425.1",4963,"UTI"
"UTI_GCA_033843365.1",5090,"UTI"
"UTI_GCA_036422055.1",5065,"UTI"
"UTI_GCA_037081975.1",4986,"UTI"
"UTI_GCA_037081985.1",5271,"UTI"
"UTI_GCA_037082015.1",5210,"UTI"
"UTI_GCA_037100245.1",4799,"UTI"
"UTI_GCA_041251595.1",5240,"UTI"
"UTI_GCA_041254635.1",5215,"UTI"
"UTI_GCA_041257715.1",4818,"UTI"
"UTI_GCA_041262745.1",4458,"UTI"
"UTI_GCA_041262755.1",4800,"UTI"
"UTI_GCA_049219625.1",4859,"UTI"
"UTI_GCA_049748155.1",4440,"UTI"
"UTI_GCA_049748375.1",4553,"UTI"
"UTI_GCA_049748455.1",4513,"UTI"
"UTI_GCA_049748475.1",4472,"UTI"
"UTI_GCA_049748595.1",4515,"UTI"
