ST,rUTI_Count,UTI_Count,Enriched_In,Odds_Ratio,P_value,Significant
1193,5,50,UTI,0.08793103448275862,8.133532168202503e-11,YES
73,22,5,rUTI,5.095813953488372,0.0005039158314951331,YES
58,11,1,rUTI,12.314159292035399,0.0023222874953796394,YES
69,14,4,rUTI,3.9237668161434978,0.014495361007778096,YES
404,9,2,rUTI,4.973684210526316,0.031373201861563484,YES
-,15,10,rUTI,1.6486486486486487,0.30450431044024695,NO
131,45,57,UTI,0.8100328947368421,0.37415484285256734,NO
127,7,10,UTI,0.7426086956521739,0.6265766843866798,NO
10,6,7,UTI,0.9165120593692022,1.0,NO
95,16,17,UTI,1.009315943571999,1.0,NO
