Isolate,Species,ST
rUTI_ERR14226056.fasta,ecoli,69
rUTI_ERR14226060.fasta,ecoli,73
rUTI_ERR14226073.fasta,ecoli,69
rUTI_ERR14226081.fasta,ecoli,73
rUTI_ERR14226082.fasta,ecoli,73
rUTI_ERR14226083.fasta,ecoli,73
rUTI_ERR14226093.fasta,ecoli,69
rUTI_ERR14226098.fasta,ecoli,69
rUTI_ERR14226099.fasta,ecoli,58
rUTI_ERR14226105.fasta,ecoli,69
rUTI_ERR14226107.fasta,ecoli,69
rUTI_ERR14226108.fasta,ecoli,69
rUTI_ERR14226110.fasta,ecoli,69
rUTI_ERR14226111.fasta,ecoli,58
rUTI_ERR14226116.fasta,ecoli,58
rUTI_ERR14226118.fasta,ecoli,58
rUTI_ERR14226124.fasta,ecoli,73
rUTI_ERR14226133.fasta,ecoli,73
rUTI_ERR14226134.fasta,ecoli,73
rUTI_ERR14226151.fasta,ecoli,58
rUTI_ERR14226157.fasta,ecoli,404
rUTI_ERR14226158.fasta,ecoli,404
rUTI_ERR14226159.fasta,ecoli,404
rUTI_ERR14226160.fasta,ecoli,404
rUTI_ERR14226161.fasta,ecoli,404
rUTI_ERR14226162.fasta,ecoli,404
rUTI_ERR14226171.fasta,ecoli,404
rUTI_ERR14226172.fasta,ecoli,404
rUTI_ERR14226179.fasta,ecoli,73
rUTI_ERR14226180.fasta,ecoli,58
rUTI_ERR14226181.fasta,ecoli,58
rUTI_ERR14226182.fasta,ecoli,58
rUTI_ERR14226183.fasta,ecoli,73
rUTI_ERR14226184.fasta,ecoli,73
rUTI_ERR14226185.fasta,ecoli,73
rUTI_ERR14226195.fasta,ecoli,69
rUTI_ERR14226211.fasta,ecoli,73
rUTI_ERR14226224.fasta,ecoli,73
rUTI_ERR14226232.fasta,ecoli,69
rUTI_ERR4556420.fasta,ecoli,73
rUTI_ERR4556426.fasta,ecoli,404
rUTI_ERR4556429.fasta,ecoli,73
rUTI_ERR4556430.fasta,ecoli,73
rUTI_ERR4556464.fasta,ecoli,73
rUTI_GCA_011751215.1.fna,ecoli,58
rUTI_GCA_011751305.1.fna,ecoli,69
rUTI_GCA_011751405.1.fna,ecoli,69
rUTI_GCA_011751425.1.fna,ecoli,73
rUTI_GCA_013372385.1.fna,ecoli,73
rUTI_GCA_013372425.1.fna,ecoli,73
rUTI_GCA_017352075.1.fna,ecoli,58
rUTI_GCA_034642855.1.fna,ecoli,73
rUTI_GCA_034643255.1.fna,ecoli,73
rUTI_GCA_034643695.1.fna,ecoli,69
rUTI_GCA_034643955.1.fna,ecoli,58
rUTI_GCA_034644455.1.fna,ecoli,69
