Sample,no of contigs,TotalLength,N50,L50,GC,Check_Completeness,Contamination,Coverage,Phenotype
GCA_005508805.1_ASM550880v1,2,5376648,5287472,1,50.5,99.46,1.1,196,UTI
GCA_013402895.1_ASM1340289v1,4,5292065,5078198,1,51,98.2,0.54,626,UTI
GCA_013402855.1_ASM1340285v1,3,5344123,5146040,1,51,98.87,1.72,195,UTI
GCA_041257715.1_ASM4125771v1,5,5155846,4943094,1,50.5,99.27,0.58,169,UTI
GCA_041254635.1_ASM4125463v1,5,5494325,5141310,1,51,98.98,1.94,194,UTI
GCA_041262745.1_ASM4126274v1,1,4941165,4941165,1,50.5,98.5,0.3,221,UTI
GCA_041262755.1_ASM4126275v1,1,5236915,5236915,1,50.5,99.23,0.44,59,UTI
GCA_041251595.1_ASM4125159v1,4,5545516,5018305,1,50.5,99.45,1.99,97,UTI
GCA_023024425.1_ASM2302442v1,9,5667876,5091593,1,50.5,99.56,2.96,100,UTI
GCA_036422055.1_ASM3642205v1,42,5380170,244983,8,50.5,98.89,0.51,148,UTI
GCA_003856995.1_ASM385699v1,6,5585941,4828837,1,50.5,98.86,1.81,185.73,UTI
GCA_002855655.1_ASM285565v1,67,4920191,243450,7,50.5,99.24,1.05,250,UTI
GCA_029369645.2_ASM2936964v2,2,5295306,5054179,1,50.5,78.52,0.34,280,UTI
GCA_049219625.1_ASM4921962v1,49,5245755,904296,2,50.5,99.15,0.38,30,UTI
GCA_019509565.1_ASM1950956v1,75,5072816,234571,7,50.5,95.89,0.25,225,UTI
GCA_019508905.1_ASM1950890v1,93,4822748,181658,9,50.5,95.34,0.83,119,UTI
GCA_019508785.1_ASM1950878v1,96,4793847,190068,9,51,96.49,0.62,383,UTI
GCA_019509385.1_ASM1950938v1,94,4701903,157823,11,50.5,95.89,1.18,412,UTI
GCA_037082015.1_ASM3708201v1,4,5393955,5244433,1,50.5,96.3,0.54,287,UTI
GCA_037081975.1_ASM3708197v1,3,5364507,5142226,1,50.5,98.08,0.26,149,UTI
GCA_037081985.1_ASM3708198v1,3,5482036,5284507,1,50.5,96.79,0.9,140,UTI
GCA_037100245.1_ASM3710024v1,4,5077252,4865867,1,51,97.26,0.6,35,UTI
GCA_017869465.1_ASM1786946v1,4,5417778,5025396,1,50.5,91.97,1.42,50,UTI
GCA_017903455.1_ASM1790345v1,6,5321746,4781220,1,50.5,99.2,2.18,100,UTI
GCA_033843365.1_ASM3384336v1,26,5369689,125025,14,50.5,98.89,0.53,43,UTI
GCA_016092415.1_ASM1609241v1,86,4888870,238820,7,50.5,98.39,0.83,12,UTI
GCA_016092455.1_ASM1609245v1,67,5052632,268100,6,50.5,99.18,1.07,12,UTI
GCA_016092465.1_ASM1609246v1,65,4973549,407639,5,50.5,98.97,0.18,12,UTI
GCA_016092535.1_ASM1609253v1,70,5071428,507064,5,50.5,99.24,0.22,12,UTI
GCA_015693455.1_ASM1569345v1,92,4993547,192112,10,50.5,99.24,0.55,200,UTI
GCA_022758865.1_ASM2275886v1,66,5079400,442030,3,50.5,98.89,0.3,34.7303,UTI
GCA_049748475.1_ASM4974847v1,79,4870379,322338,4,51,99.56,0.83,20,UTI
GCA_049748155.1_ASM4974815v1,66,4781218,193175,9,51,98.41,0.38,20,UTI
GCA_049748455.1_ASM4974845v1,99,4877961,240806,8,50.5,98.75,0.74,20,UTI
GCA_049748595.1_ASM4974859v1,85,4883222,171858,10,50.5,99.56,0.74,20,UTI
GCA_049748375.1_ASM4974837v1,98,4886063,224861,8,51,98.77,0.82,20,UTI
GCA_000781385.1_ASM78138v1,99,5069719,105222,15,50.5,99.19,0.43,34,UTI
GCA_000778955.1_ASM77895v1,83,5147861,102128,15,50.5,99.2,0.38,87,UTI
GCA_000780115.1_ASM78011v1,92,5388004,159514,12,50.5,98.85,0.6,32,UTI
GCA_000777535.1_ASM77753v1,66,4693285,106522,15,50.5,99.1,0.21,73,UTI
GCA_000778395.1_ASM77839v1,99,5091434,101705,16,50.5,99.08,0.56,40,UTI
GCA_000779255.1_ASM77925v1,85,5227464,133035,13,50.5,97.93,0.33,110,UTI
GCA_000779295.1_ASM77929v1,58,4794340,154652,10,50.5,99.22,0.24,37,UTI
GCA_000778355.1_ASM77835v1,70,5149265,128644,13,50.5,98.87,0.78,103,UTI
GCA_000776565.1_ASM77656v1,97,5101495,139726,12,50.5,99.22,0.41,44,UTI
GCA_000780995.1_ASM78099v1,84,5169665,108928,16,50.5,99.43,1.26,25,UTI
GCA_000780095.1_ASM78009v1,73,5258494,112940,11,50.5,99.22,2.2,62,UTI
GCA_000781215.1_ASM78121v1,66,5368010,206060,9,50.5,99,4.96,36,UTI
GCA_000781235.1_ASM78123v1,69,4929988,119644,13,50.5,98.83,0.43,42,UTI
GCA_000780415.1_ASM78041v1,65,4897490,151591,9,50.5,98.93,0.74,47,UTI
GCA_000776815.1_ASM77681v1,54,4923831,179852,8,50.5,98.86,0.56,44,UTI
GCA_000776115.1_ASM77611v1,43,5023958,167446,11,50.5,99.13,0.49,62,UTI
GCA_000777695.1_ASM77769v1,86,5073686,97555,15,51,98.71,0.93,27,UTI
GCA_000776655.1_ASM77665v1,68,5145071,136403,13,50.5,98.9,0.78,55,UTI
GCA_000779475.1_ASM77947v1,81,5200264,148879,13,50.5,99.56,4.76,49,UTI
GCA_000778235.1_ASM77823v1,79,5026988,156781,11,50.5,99.09,0.4,19,UTI
GCA_000776435.1_ASM77643v1,63,4724527,77947,18,50.5,98.72,0.3,26,UTI
GCA_000776675.1_ASM77667v1,30,4630305,152429,9,50.5,99.24,0.83,51,UTI
GCA_000778035.1_ASM77803v1,77,5183443,168458,11,50.5,98.6,0.74,28,UTI
GCA_000778565.1_ASM77856v1,36,4796647,160044,9,50.5,99.24,0.18,83,UTI
GCA_000778725.1_ASM77872v1,62,5023122,114590,14,50.5,98.81,0.4,21,UTI
GCA_000776395.1_ASM77639v1,98,5310061,156049,13,50.5,98.86,0.7,33,UTI
GCA_000780655.1_ASM78065v1,76,5152943,109403,13,50.5,99.02,0.72,47,UTI
GCA_000778015.1_ASM77801v1,77,5096042,143130,11,50.5,98.96,0.33,30,UTI
GCA_000777135.1_ASM77713v1,61,5006562,129621,13,50.5,98.32,0.25,26,UTI
GCA_000776715.1_ASM77671v1,90,5171438,138998,13,50.5,99.2,0.22,40,UTI
GCA_000779675.1_ASM77967v1,74,5165554,69974,21,50.5,98.95,0.36,22,UTI
GCA_000779215.1_ASM77921v1,65,4699876,60083,26,50.5,97.84,0.38,15,UTI
GCA_000777065.1_ASM77706v1,54,4951195,185212,10,50.5,98.81,1.88,31,UTI
GCA_000780755.1_ASM78075v1,62,5021481,124225,13,50.5,98.19,0.7,49,UTI
GCA_000781415.1_ASM78141v1,73,5186753,133980,13,50.5,99.53,1.44,37,UTI
GCA_000779425.1_ASM77942v1,51,5029533,128640,13,50.5,99.06,1.06,109,UTI
GCA_000777945.1_ASM77794v1,75,5177389,114474,15,50.5,98.97,2.46,48,UTI
GCA_000779055.1_ASM77905v1,26,4798904,116300,14,50.5,99.17,0.18,36,UTI
GCA_000781355.1_ASM78135v1,86,5208910,138349,12,50.5,99.24,0.38,62,UTI
GCA_000778475.1_ASM77847v1,90,5092915,77729,23,50.5,99.02,1.18,34,UTI
GCA_000785325.1_ASM78532v1,96,4993261,101186,15,51,98.94,0.7,74,UTI
GCA_000781315.1_ASM78131v1,70,5150493,79463,22,50.5,98.42,1.2,38,UTI
GCA_000776035.1_ASM77603v1,96,5218030,92743,21,50.5,99.14,0.39,37,UTI
GCA_000779635.1_ASM77963v1,58,4906476,178696,9,50.5,98.87,0.33,29,UTI
GCA_000780315.1_ASM78031v1,43,5091074,168899,10,50.5,98.12,0.8,32,UTI
GCA_000776065.1_ASM77606v1,93,4900434,134841,10,50.5,99.02,0.19,40,UTI
GCA_000776375.1_ASM77637v1,72,5093116,109743,13,50.5,98.95,0.78,31,UTI
GCA_000780775.1_ASM78077v1,88,5205225,70945,23,50.5,99.1,0.39,25,UTI
GCA_000777285.1_ASM77728v1,59,4803481,150618,12,51,99.48,0.3,52,UTI
GCA_000780015.1_ASM78001v1,85,5013581,67103,24,50.5,98.46,0.85,25,UTI
GCA_000779695.1_ASM77969v1,99,5086233,167912,10,50.5,98.95,0.41,37,UTI
GCA_000781295.1_ASM78129v1,65,5094941,127273,12,50.5,98.7,0.34,36,UTI
GCA_000779955.1_ASM77995v1,86,4873971,112393,16,51,98.94,0.93,33,UTI
GCA_000780735.1_ASM78073v1,72,5129787,94968,18,50.5,99.17,0.4,50,UTI
GCA_000776235.1_ASM77623v1,62,5039743,149645,11,50.5,99.05,0.23,40,UTI
GCA_000780695.1_ASM78069v1,87,5300829,128062,14,50.5,98.31,0.48,23,UTI
GCA_000778275.1_ASM77827v1,61,4651321,64274,25,50.5,97.43,0.36,74,UTI
GCA_000778545.1_ASM77854v1,54,4905280,181830,11,50.5,99.35,0.4,40,UTI
GCA_000780915.1_ASM78091v1,40,4819668,113070,14,50.5,98.86,2.31,16,UTI
GCA_000776055.1_ASM77605v1,96,5071741,112968,14,50.5,98.99,0.56,47,UTI
GCA_000777355.1_ASM77735v1,88,4696465,45348,31,50.5,97.52,0.5,15,UTI
GCA_000779515.1_ASM77951v1,53,4785949,159019,11,50.5,99.24,0.33,80,UTI
GCA_000780895.1_ASM78089v1,66,4811056,52247,28,50.5,99.33,1.64,19,UTI
GCA_000778935.1_ASM77893v1,79,4972791,84759,20,50.5,98.64,0.41,64,UTI
GCA_000777025.1_ASM77702v1,92,5260431,137061,12,50.5,99.06,0.79,46,UTI
GCA_000781455.1_ASM78145v1,44,4918134,158998,11,50.5,99.39,0.36,24,UTI
GCA_000779875.1_ASM77987v1,62,5068144,97384,20,50.5,99.02,0.53,86,UTI
GCA_000776745.1_ASM77674v1,69,5073685,147455,12,50.5,98.84,2.28,65,UTI
GCA_000778785.1_ASM77878v1,63,4953466,154490,11,50.5,99.47,0.35,90,UTI
GCA_000780815.1_ASM78081v1,92,4993809,143798,12,50.5,98.93,0.91,39,UTI
GCA_000779715.1_ASM77971v1,60,5115556,138649,11,50.5,99.02,0.69,74,UTI
GCA_000779915.1_ASM77991v1,76,5108085,79869,16,50.5,99.21,1.1,33,UTI
GCA_000776195.1_ASM77619v1,70,4936829,94411,15,50.5,98.47,0.75,30,UTI
GCA_000776635.1_ASM77663v1,42,4905922,227375,7,50.5,98.88,0.59,40,UTI
GCA_000781195.1_ASM78119v1,58,4929087,68488,23,50.5,97.17,0.56,15,UTI
GCA_000776965.1_ASM77696v1,84,5077470,109810,13,50.5,98.82,0.78,40,UTI
GCA_000780845.1_ASM78084v1,66,5039114,105822,13,50.5,99.17,0.44,25,UTI
GCA_000778375.1_ASM77837v1,97,5058743,141045,11,50.5,99.03,0.56,72,UTI
GCA_000780615.1_ASM78061v1,94,5169729,147917,13,50.5,98.95,0.67,50,UTI
GCA_000777195.1_ASM77719v1,51,4922514,197578,8,50.5,98.91,0.26,38,UTI
GCA_000778315.1_ASM77831v1,72,4737594,103184,15,51,99.56,0.26,54,UTI
GCA_000781435.1_ASM78143v1,50,4777929,159795,11,50.5,99.44,0.2,40,UTI
GCA_000781075.1_ASM78107v1,54,4650793,159134,11,51,99.02,0.29,37,UTI
GCA_000779995.1_ASM77999v1,86,5260474,149166,12,50.5,99.08,0.77,27,UTI
GCA_000781035.1_ASM78103v1,71,4989236,69242,20,50.5,97.97,0.91,15,UTI
GCA_000776315.1_ASM77631v1,65,5188858,170939,10,50.5,98.95,0.8,30,UTI
GCA_000778685.1_ASM77868v1,91,5153084,111961,15,50.5,98.84,0.47,59,UTI
GCA_000780235.1_ASM78023v1,83,5159989,92882,19,50.5,99.1,0.41,27,UTI
GCA_000780875.1_ASM78087v1,74,5028009,118299,13,50.5,98.19,0.7,43,UTI
GCA_000779895.1_ASM77989v1,88,5450951,112318,16,51,98.84,3.68,32,UTI
GCA_000776045.1_ASM77604v1,64,4688977,66642,23,50.5,99.18,0.57,27,UTI
GCA_000780155.1_ASM78015v1,76,5196659,83763,20,50.5,99.04,0.38,58,UTI
GCA_018390445.1_ASM1839044v1,23,5084229,3623175,1,50.5,99.33,0.35,249,UTI
GCA_029115995.1_ASM2911599v1,97,4922155,155968,11,50.5,,,119.902,UTI
GCA_029118315.1_ASM2911831v1,99,5070978,136520,12,50.5,,,78.2846,UTI
GCA_029080905.1_ASM2908090v1,99,5064660,172330,9,50.5,98.64,0.29,90.1888,UTI
GCA_029082465.1_ASM2908246v1,99,5038400,152539,10,50.5,98.89,0.51,72.1205,UTI
GCA_029120885.1_ASM2912088v1,98,5021175,182265,11,51,,,136.688,UTI
GCA_029120385.1_ASM2912038v1,98,4986588,183463,10,50.5,,,164.632,UTI
GCA_029118795.1_ASM2911879v1,78,5035515,178439,11,50.5,,,66.241,UTI
GCA_029120135.1_ASM2912013v1,93,5165087,158855,11,50.5,,,138.802,UTI
GCA_029118025.1_ASM2911802v1,98,4972935,136772,11,50.5,,,126.768,UTI
GCA_029111085.1_ASM2911108v1,99,5046857,183767,9,50.5,98.97,0.38,118.726,UTI
GCA_029117995.1_ASM2911799v1,93,4923896,172855,10,50.5,,,54.8051,UTI
GCA_029113525.1_ASM2911352v1,86,4866635,202499,7,50.5,99.54,0.18,124.843,UTI
GCA_029080695.1_ASM2908069v1,78,4946362,186482,8,50.5,99.1,0.49,97.8956,UTI
GCA_029120925.1_ASM2912092v1,90,5007883,173732,11,50.5,,,105.28,UTI
GCA_029117105.1_ASM2911710v1,98,5066567,187113,10,50.5,,,123.171,UTI
GCA_029120125.1_ASM2912012v1,86,5165311,187629,10,50.5,,,162.04,UTI
GCA_029119325.1_ASM2911932v1,55,4657061,262844,6,50.5,,,72.0765,UTI
GCA_029119885.1_ASM2911988v1,97,5088874,166785,11,50.5,,,67.1864,UTI
GCA_029122705.1_ASM2912270v1,99,4934401,152656,10,50.5,,,146.452,UTI
GCA_029125125.1_ASM2912512v1,95,5236012,212598,8,50.5,,,164.864,UTI
GCA_029109835.1_ASM2910983v1,76,4911150,262491,7,50.5,99.1,0.18,157.317,UTI
GCA_029080945.1_ASM2908094v1,98,4929183,183543,9,50.5,98.64,0.29,60.9875,UTI
GCA_029111125.1_ASM2911112v1,86,4996447,262578,7,50.5,98.92,0.38,131.227,UTI
GCA_029082765.1_ASM2908276v1,92,5109702,246365,7,50.5,98.95,0.82,109.746,UTI
GCA_029112195.1_ASM2911219v1,93,5103912,165107,10,50.5,99.01,1.08,307.492,UTI
GCA_029120395.1_ASM2912039v1,91,4986304,197068,9,50.5,,,105.777,UTI
GCA_029122665.1_ASM2912266v1,98,5067021,152542,11,50.5,,,333.346,UTI
GCA_029118085.1_ASM2911808v1,94,4923771,172499,10,50.5,,,58.1077,UTI
GCA_029080245.1_ASM2908024v1,93,4919169,138980,13,51,98.7,0.57,164.91,UTI
GCA_029080785.1_ASM2908078v1,86,4975614,201085,9,50.5,98.64,0.25,238.682,UTI
GCA_029119965.1_ASM2911996v1,89,5165259,186346,11,50.5,,,147.945,UTI
GCA_029113885.1_ASM2911388v1,97,4869830,177911,9,50.5,98.88,1.02,129.793,UTI
GCA_029118655.1_ASM2911865v1,92,5072808,136520,12,50.5,,,94.064,UTI
GCA_029119725.1_ASM2911972v1,69,5152339,272063,6,50.5,,,52.7747,UTI
GCA_029116275.1_ASM2911627v1,78,4853711,223302,8,50.5,,,124.828,UTI
GCA_029119935.1_ASM2911993v1,90,5165171,186469,10,50.5,,,117.479,UTI
GCA_029121105.1_ASM2912110v1,90,5010379,182366,10,50.5,,,244.016,UTI
GCA_029117905.1_ASM2911790v1,85,4928424,187962,9,50.5,,,138.707,UTI
GCA_029120495.1_ASM2912049v1,83,4983990,187962,9,50.5,,,100.21,UTI
GCA_029117025.1_ASM2911702v1,96,5064012,173021,11,50.5,,,116.301,UTI
GCA_029118045.1_ASM2911804v1,85,4928299,172777,10,50.5,,,304.63,UTI
GCA_029082625.1_ASM2908262v1,82,5057018,221965,7,50.5,98.89,0.51,54.6783,UTI
GCA_029113915.1_ASM2911391v1,83,4870069,214021,8,50.5,98.88,1.02,154.055,UTI
GCA_029115885.1_ASM2911588v1,92,5072179,218042,8,50.5,98.65,0.53,72.8835,UTI
GCA_029114735.1_ASM2911473v1,55,4701360,206423,7,51,99.46,0.37,136.634,UTI
GCA_029125145.1_ASM2912514v1,85,5232683,212367,8,50.5,,,108.507,UTI
GCA_029118055.1_ASM2911805v1,91,4925613,183539,9,50.5,,,63.0473,UTI
GCA_029115025.1_ASM2911502v1,99,4921418,172777,9,50.5,98.97,0.38,242.904,UTI
GCA_029118945.1_ASM2911894v1,89,4994254,216040,8,50.5,,,64.061,UTI
GCA_029109865.1_ASM2910986v1,57,4909843,262444,7,50.5,99.1,0.19,161.409,UTI
GCA_029118345.1_ASM2911834v1,98,5071841,136520,13,50.5,,,79.7992,UTI
GCA_029122985.1_ASM2912298v1,97,5083986,169026,10,50.5,,,162.345,UTI
GCA_029119255.1_ASM2911925v1,69,4659238,274176,6,50.5,,,150.116,UTI
GCA_029120065.1_ASM2912006v1,93,5166100,158854,11,50.5,,,133.552,UTI
GCA_029120975.1_ASM2912097v1,96,5008748,160528,11,50.5,,,117.028,UTI
GCA_029115065.1_ASM2911506v1,98,4782791,194407,10,51,99.56,0.3,214.524,UTI
GCA_029118425.1_ASM2911842v1,98,5051764,136520,12,50.5,,,70.429,UTI
GCA_029117115.1_ASM2911711v1,99,5127865,186472,9,50.5,,,83.2004,UTI
GCA_029120005.1_ASM2912000v1,94,5165253,158855,10,50.5,,,115.02,UTI
GCA_029120455.1_ASM2912045v1,99,4988702,172499,11,50.5,,,118.601,UTI
GCA_029116805.1_ASM2911680v1,95,5114462,181489,10,50.5,,,128.89,UTI
GCA_029109395.1_ASM2910939v1,73,4591615,206297,8,50.5,99.56,0.37,162.576,UTI
GCA_029119005.1_ASM2911900v1,77,5035757,180070,10,50.5,,,122.975,UTI
GCA_029120015.1_ASM2912001v1,88,5166520,173730,11,50.5,,,204.192,UTI
GCA_029114525.1_ASM2911452v1,91,5084938,218162,8,50.5,99.02,0.67,119.338,UTI
GCA_029080445.1_ASM2908044v1,99,5004919,150677,12,51,98.37,0.57,210.975,UTI
GCA_029119195.1_ASM2911919v1,47,4652079,262490,7,50.5,,,135.994,UTI
GCA_029112505.1_ASM2911250v1,71,4800222,191816,8,50.5,99.31,0.32,107.121,UTI
GCA_029121045.1_ASM2912104v1,84,5006656,182367,11,50.5,,,113.141,UTI
GCA_029113945.1_ASM2911394v1,88,4929472,194729,7,51,99.41,1.56,139.331,UTI
GCA_029125385.1_ASM2912538v1,81,5107041,158855,12,51,,,133.825,UTI
GCA_029120965.1_ASM2912096v1,85,5009578,138977,12,50.5,,,162.485,UTI
GCA_029080255.1_ASM2908025v1,99,4918480,134525,13,51,98.7,0.57,121.773,UTI
GCA_029111265.1_ASM2911126v1,91,4993293,172500,10,50.5,98.9,0.38,159.555,UTI
GCA_029125105.1_ASM2912510v1,77,5233964,207152,8,50.5,,,134.384,UTI
GCA_029125265.1_ASM2912526v1,99,5157181,207151,8,50.5,,,162.176,UTI
GCA_029120815.1_ASM2912081v1,86,5020044,180874,11,51,,,118.463,UTI
GCA_029082055.1_ASM2908205v1,99,4934938,196632,8,50.5,98.64,0.29,91.2958,UTI
GCA_029112895.1_ASM2911289v1,87,5016652,305590,7,50.5,99.18,0.3,72.7948,UTI
GCA_029120865.1_ASM2912086v1,95,5024839,182265,10,51,,,121.422,UTI
GCA_029125075.1_ASM2912507v1,99,5107192,153725,11,51,,,171.505,UTI
GCA_029082695.1_ASM2908269v1,79,4877242,257504,7,50.5,99.24,0.5,233.754,UTI
GCA_029124545.1_ASM2912454v1,71,4898666,220292,7,50.5,,,198.268,UTI
GCA_029082075.1_ASM2908207v1,92,4979890,190189,9,50.5,98.56,0.29,75.8239,UTI
GCA_029082445.1_ASM2908244v1,99,5038508,221966,8,50.5,98.89,0.51,88.572,UTI
GCA_029118485.1_ASM2911848v1,98,5071982,134523,13,50.5,,,134.216,UTI
GCA_029118925.1_ASM2911892v1,83,5035567,191771,9,50.5,,,123.986,UTI
GCA_029118805.1_ASM2911880v1,88,5034209,180070,11,50.5,,,80.8676,UTI
GCA_029120105.1_ASM2912010v1,90,5166075,173730,10,50.5,,,128.02,UTI
GCA_029120565.1_ASM2912056v1,85,4985272,178550,9,50.5,,,101.433,UTI
GCA_029119975.1_ASM2911997v1,95,5164696,186390,11,50.5,,,121.83,UTI
GCA_020085875.1_ASM2008587v1,96,5088925,160983,11,50.5,98.83,0.98,156,UTI
GCA_020085695.1_ASM2008569v1,86,5114405,173325,9,50.5,98.81,0.98,167.3,UTI
GCA_020085255.1_ASM2008525v1,84,5132939,235615,7,50.5,99.04,0.8,216.7,UTI
GCA_020085235.1_ASM2008523v1,70,5206509,235732,9,50.5,98.86,0.59,304.3,UTI
GCA_020085575.1_ASM2008557v1,99,5072976,150740,13,50.5,98.94,0.91,107.7,UTI
GCA_020085615.1_ASM2008561v1,88,5022510,169689,9,50.5,98.88,1.32,213,UTI
GCA_030991425.1_ASM3099142v1,4,5269697,5082313,1,50.5,98.97,0.33,97,UTI
GCA_020086225.1_ASM2008622v1,87,5098341,169964,10,50.5,98.96,0.35,346.4,UTI
GCA_020085215.1_ASM2008521v1,81,5216451,205894,8,50.5,98.91,0.62,170.6,UTI
GCA_020086185.1_ASM2008618v1,96,5147622,140621,15,50.5,98.63,0.75,224.9,UTI
GCA_020085295.1_ASM2008529v1,51,5225594,345083,7,50.5,98.77,1.16,145.3,UTI
GCA_020086245.1_ASM2008624v1,95,5060476,146602,12,50.5,98.64,0.35,314.1,UTI
GCA_020085675.1_ASM2008567v1,98,5150819,168462,9,50.5,98.94,1.06,150.3,UTI
GCA_020085735.1_ASM2008573v1,89,5104434,173244,9,50.5,98.95,0.87,194,UTI
GCA_020085595.1_ASM2008559v1,78,5107166,238823,7,50.5,98.94,0.66,217.1,UTI
GCA_020085275.1_ASM2008527v1,72,5295095,305496,6,50.5,98.52,0.74,188.9,UTI
GCA_020085775.1_ASM2008577v1,89,5131362,169135,9,50.5,98.97,1.42,134.9,UTI
GCA_030988725.1_ASM3098872v1,4,5035042,4935580,1,50.5,98.64,0.41,276,UTI
GCA_020085795.1_ASM2008579v1,79,5084569,310423,7,50.5,98.93,1.14,189,UTI
GCA_030988825.1_ASM3098882v1,5,5090654,4939743,1,50.5,98.97,0.41,196,UTI
GCA_030988915.1_ASM3098891v1,3,5076785,4976233,1,50.5,98.97,0.74,184,UTI
GCA_020085855.1_ASM2008585v1,72,5035733,217560,7,50.5,98.64,0.75,159.9,UTI
GCA_020085175.1_ASM2008517v1,75,5244630,302486,8,50.5,98.58,0.75,202.7,UTI
GCA_020085485.1_ASM2008548v1,90,5117390,171051,10,50.5,98.95,1.16,193.3,UTI
GCA_020085745.1_ASM2008574v1,87,5111183,223688,6,50.5,98.64,0.74,154.3,UTI
GCA_020085635.1_ASM2008563v1,81,5132124,194084,6,50.5,98.97,1.09,165.2,UTI
GCA_030991405.1_ASM3099140v1,7,5146662,5023252,1,50.5,98.97,0.74,177,UTI
GCA_020086405.1_ASM2008640v1,89,5021502,166887,12,50.5,98.76,0.66,350.3,UTI
GCA_019884625.1_ASM1988462v1,3,5007669,4779543,1,51,13.84,0.65,316,UTI
GCA_004101045.1_ASM410104v1,81,5079932,166733,9,50.5,98.86,0.51,130.414,UTI
GCA_004101165.1_ASM410116v1,84,5187166,203424,9,50.5,99.02,0.51,93.9677,UTI
GCA_004101205.1_ASM410120v1,98,5191085,169798,11,51,99.02,0.58,108.823,UTI
GCA_004101155.1_ASM410115v1,77,5121704,190962,8,51,98.99,0.67,130.497,UTI
GCA_004100965.1_ASM410096v1,70,4923328,178566,9,51,99.02,0.18,127.213,UTI
GCA_034640615.1_ASM3464061v1,1,4743726,4743726,1,51,117,99.42,0.23,rUTI
GCA_034641715.1_ASM3464171v1,1,4870101,4870101,1,50.5,106,99.44,0.21,rUTI
GCA_034642615.1_ASM3464261v1,2,5455756,5293947,1,50.5,116,98.94,0.59,rUTI
GCA_034642855.1_ASM3464285v1,2,5319087,5184850,1,50.5,107,98.08,0.5,rUTI
GCA_034642955.1_ASM3464295v1,2,5088100,4960613,1,50.5,109,98.91,0.34,rUTI
GCA_034643255.1_ASM3464325v1,4,5074368,4638488,1,50.5,96,99.09,1.43,rUTI
GCA_034643695.1_ASM3464369v1,2,5144463,4938057,1,50.5,78,99.06,0.32,rUTI
GCA_034643955.1_ASM3464395v1,1,4736141,4736141,1,50.5,101,99.33,0.39,rUTI
GCA_034644215.1_ASM3464421v1,3,5224179,5050178,1,50.5,106,98.94,0.38,rUTI
GCA_034644455.1_ASM3464445v1,2,5306115,5154153,1,51,108,98.94,0.27,rUTI
GCA_001442495.1_ASM144249v1,1,4863501,4863501,1,50.5,124,99.15,0.27,rUTI
GCA_011064575.1_ASM1106457v1,1,4707626,4707626,1,51,148,99.56,0.29,rUTI
GCA_011751215.1_ASM1175121v1,4,4988939,4836570,1,51,694,98.91,0.23,rUTI
GCA_011751245.1_ASM1175124v1,2,4812446,4701595,1,50.5,153,99.24,0.87,rUTI
GCA_011751285.1_ASM1175128v1,2,5004340,4886821,1,50.5,308,99.02,0.27,rUTI
GCA_011751305.1_ASM1175130v1,8,5371141,5207331,1,50.5,392,98.94,0.2,rUTI
GCA_011751325.1_ASM1175132v1,5,5259992,5000521,1,50.5,444,98.95,0.83,rUTI
GCA_011751345.1_ASM1175134v1,3,5070125,4876647,1,50.5,197,99.54,0.81,rUTI
GCA_011751355.1_ASM1175135v1,4,4929132,4918113,1,51,789,98.72,0.24,rUTI
GCA_011751375.1_ASM1175137v1,2,4923625,4775135,1,51,401,98.51,0.76,rUTI
GCA_011751405.1_ASM1175140v1,7,5259066,5154989,1,50.5,190,98.94,0.2,rUTI
GCA_011751425.1_ASM1175142v1,2,5059220,5052227,1,50.5,198,99.09,0.22,rUTI
GCA_004141955.1_ASM414195v1,9,5384821,5018242,1,51,80,98.65,0.88,rUTI
GCA_004135165.1_ASM413516v1,7,5300616,5061273,1,51,120,98.65,0.82,rUTI
GCA_004135915.1_ASM413591v1,7,5300575,5061272,1,51,109,98.58,0.82,rUTI
GCA_004193755.1_ASM419375v1,7,5128015,4928938,1,51,108,98.21,0.67,rUTI
GCA_010092965.1_ASM1009296v1,1,5195374,5195374,1,50.5,140,98.67,0.75,rUTI
GCA_019443605.1_ASM1944360v1,6,5192928,5003672,1,50.5,286.563,98.99,0.39,rUTI
GCA_019443685.1_ASM1944368v1,5,5107728,4993321,1,50.5,189.523,98.99,0.33,rUTI
GCA_023376095.1_UTI-2_GENOME,7,5301911,5016451,1,50.5,208.905,99.55,0.64,rUTI
GCA_021496405.1_ASM2149640v1,2,5128168,5048620,1,51,242,98.97,0.51,rUTI
GCA_021496425.1_ASM2149642v1,2,5172258,5023946,1,51,125,97.53,0.51,rUTI
GCA_021496445.1_ASM2149644v1,3,5169622,5007059,1,51,274,98.59,0.59,rUTI
GCA_013372305.1_ASM1337230v1,5,5210779,5025664,1,50.5,,98.99,0.33,rUTI
GCA_013372325.1_ASM1337232v1,5,5232916,5010549,1,50.5,,99.02,0.51,rUTI
GCA_013372345.1_ASM1337234v1,3,4851525,4721932,1,51,,98.43,2.04,rUTI
GCA_013372365.1_ASM1337236v1,3,4938634,4796742,1,50.5,,99.52,0.58,rUTI
GCA_013372385.1_ASM1337238v1,2,5137006,5129852,1,50.5,,98.43,0.41,rUTI
GCA_013372405.1_ASM1337240v1,4,5131782,4996527,1,50.5,,98.89,0.22,rUTI
GCA_013372425.1_ASM1337242v1,3,5280618,5147412,1,50.5,,98.84,0.38,rUTI
GCA_017352035.1_ASM1735203v1,2,5111999,5013302,1,50.5,,99.24,0.5,rUTI
GCA_017352055.1_ASM1735205v1,3,4622527,4560454,1,50.5,,97.31,0.23,rUTI
GCA_017352075.1_ASM1735207v1,3,5076468,4828326,1,51,,98.95,0.3,rUTI
GCA_021383885.1_ASM2138388v1,1,5109337,217177,6,51,248,99.02,0.51,rUTI
GCA_021383905.1_ASM2138390v1,1,5109228,191399,7,51,215,99.02,0.51,rUTI
GCA_030707855.1_ASM3070785v1,2,5308215,5120420,1,51,1429,99.02,0.59,rUTI
GCA_030707875.1_ASM3070787v1,2,5352431,5228698,1,50.5,431,98.8,0.18,rUTI
GCA_030707895.1_ASM3070789v1,7,5357694,5120131,1,50.5,392,99.02,0.51,rUTI
GCA_030707915.1_ASM3070791v1,2,5266854,5128182,1,51,1444,98.94,0.51,rUTI
GCA_030707935.1_ASM3070793v1,8,5276398,5100590,1,50.5,338,99.02,1.45,rUTI
GCA_030707955.1_ASM3070795v1,2,5245954,5096686,1,51,1481,99.02,0.65,rUTI
GCA_030707975.1_ASM3070797v1,4,5363779,5118568,1,50.5,1474,99.02,1.45,rUTI
GCA_030707995.1_ASM3070799v1,4,5575248,5297994,1,50.5,371,98.85,0.55,rUTI
GCA_030708015.1_ASM3070801v1,2,5444223,5325420,1,50.5,354,98.91,0.51,rUTI
GCA_030708035.1_ASM3070803v1,4,5509526,5283900,1,50.5,338,98.59,0.51,rUTI
GCA_030708055.1_ASM3070805v1,4,5266470,5095314,1,51,1378,99.02,1.14,rUTI
GCA_030708535.1_ASM3070853v1,4,5432600,5230650,1,50.5,554,98.75,1.01,rUTI
GCA_026968065.1_ASM2696806v1,8,5239268,3505008,1,50.5,288,99.04,0.39,rUTI
GCA_026968085.1_ASM2696808v1,4,5044943,4910688,1,50.5,414,99.02,0.27,rUTI
GCA_026968105.1_ASM2696810v1,3,5144037,5015183,1,50.5,288,98.9,0.51,rUTI
GCA_027474255.1_ASM2747425v1,7,5028260,4871255,1,50.5,270,97.66,0.4,rUTI
GCA_027474265.1_ASM2747426v1,19,5345564,4434301,1,50.5,291,98.6,0.92,rUTI
GCA_027474275.1_ASM2747427v1,34,5168492,2589798,1,50.5,285,99.13,0.38,rUTI
GCA_027474285.1_ASM2747428v1,7,5209862,4918849,1,50.5,510,98.64,0.97,rUTI
ERR14226055,65,5030193,203751,8,50.54,99.95,0.08,142.46,rUTI
ERR14226056,95,5232820,140193,10,50.68,99.97,0.09,142.01,rUTI
ERR14226057,91,4989646,126567,11,50.53,99.97,0.26,139.67,rUTI
ERR14226058,66,5158242,364251,5,50.39,99.97,0.07,126.71,rUTI
ERR14226059,55,4868372,200194,8,50.77,99.93,0.1,128.91,rUTI
ERR14226060,77,5096874,317300,7,50.52,99.37,0.12,155.28,rUTI
ERR14226062,86,5117524,201086,9,50.67,99.97,0.37,140,rUTI
ERR14226063,100,5162960,234732,7,50.57,99.97,0.42,138.77,rUTI
ERR14226064,87,5113632,295552,5,50.56,99.59,0.42,100.2,rUTI
ERR14226065,93,5166932,277513,7,50.57,99.97,0.42,121.89,rUTI
ERR14226068,92,5200213,223029,8,50.66,99.35,0.35,155.96,rUTI
ERR14226069,95,5230580,237746,7,50.63,99.95,0.35,48.55,rUTI
ERR14226070,68,5016193,204630,8,50.7,99.97,0.37,117.29,rUTI
ERR14226071,87,5236823,300211,6,50.63,99.95,0.35,129.93,rUTI
ERR14226072,51,4869128,266192,6,50.49,99.97,0.33,87.76,rUTI
ERR14226073,89,5054600,177911,9,50.68,99.97,0.09,136.36,rUTI
ERR14226074,85,4778859,184511,9,50.63,99.52,0.36,142.7,rUTI
ERR14226076,70,4910229,239686,8,50.71,99.97,0.39,102.45,rUTI
ERR14226077,74,4927029,246032,8,50.71,99.97,0.39,141.57,rUTI
ERR14226078,87,5240557,230162,8,50.43,99.94,0.39,119.9,rUTI
ERR14226079,50,4845644,184885,8,50.65,99.93,0.26,150.58,rUTI
ERR14226081,55,5016919,473577,4,50.53,99.97,0.08,146.61,rUTI
ERR14226082,55,5019034,412345,6,50.53,99.97,0.08,94.25,rUTI
ERR14226083,66,5015646,345281,6,50.53,99.97,0.08,112.51,rUTI
ERR14226084,84,4994038,239686,7,50.7,99.97,0.37,131.69,rUTI
ERR14226085,85,4984628,269714,7,50.69,99.97,0.37,110.57,rUTI
ERR14226086,67,4726944,178239,8,50.72,98.71,0.12,167.92,rUTI
ERR14226087,52,4761002,312050,5,50.62,99.97,0.16,123.1,rUTI
ERR14226088,54,4816981,291006,6,50.52,99.97,0.16,130.68,rUTI
ERR14226089,77,4727267,124449,12,50.6,99.82,0.04,119.73,rUTI
ERR14226090,70,4833845,225357,9,50.69,99.97,0.37,116.34,rUTI
ERR14226091,72,4834167,256835,8,50.69,99.97,0.37,147.26,rUTI
ERR14226093,91,5153762,174802,10,50.6,99.97,0.09,101.66,rUTI
ERR14226094,79,4958235,158721,10,50.56,99.97,0.04,65.74,rUTI
ERR14226096,91,5138236,105525,16,50.66,99.67,0.73,112.19,rUTI
ERR14226097,95,5089163,112292,15,50.64,99.37,1.33,87.17,rUTI
ERR14226098,90,5358594,129609,12,50.59,99.97,0.38,135.5,rUTI
ERR14226099,92,4802293,108947,12,50.72,99.93,0.1,105.08,rUTI
ERR14226100,45,4984926,563014,4,50.55,99.97,0.39,155.7,rUTI
ERR14226101,33,4986992,563562,4,50.56,99.97,0.39,111.94,rUTI
ERR14226102,33,4988345,563562,4,50.56,99.97,0.39,98.68,rUTI
ERR14226103,90,5331864,172533,11,50.33,99.97,0.19,137.03,rUTI
ERR14226104,93,5252479,137028,11,50.39,99.93,0.18,134.28,rUTI
ERR14226105,94,5287648,204730,8,50.53,99.97,0.15,133.32,rUTI
ERR14226106,84,5164597,325384,6,50.27,99.97,0.08,160.74,rUTI
ERR14226107,91,5270894,143219,12,50.65,99.97,0.22,110.87,rUTI
ERR14226108,93,5288011,294759,8,50.53,99.97,0.15,136.63,rUTI
ERR14226109,76,5166425,365391,6,50.27,99.97,0.08,106.85,rUTI
ERR14226111,92,4914044,105047,17,50.75,99.93,0.33,123.84,rUTI
ERR14226112,62,4931056,235856,7,50.6,99.97,0.04,141.73,rUTI
ERR14226113,84,5250187,440865,4,50.53,99.97,0.08,151.48,rUTI
ERR14226114,62,4956549,235741,7,50.59,99.97,0.04,145.7,rUTI
ERR14226115,78,5281828,421301,5,50.51,99.97,0.08,120.47,rUTI
ERR14226116,94,5049769,134333,13,50.82,99.93,0.18,119.86,rUTI
ERR14226118,95,5037100,134333,12,50.82,99.93,0.18,150.73,rUTI
ERR14226121,77,5102330,192301,9,50.46,99.93,0.1,104.32,rUTI
ERR14226122,77,5122241,192301,10,50.4,99.93,0.18,147.38,rUTI
ERR14226123,98,5077355,136584,13,50.39,99.97,0.04,121.21,rUTI
ERR14226124,85,5091342,192743,8,50.48,99.97,0.11,137.78,rUTI
ERR14226126,73,4698450,130314,10,50.59,99.97,0.04,189.32,rUTI
ERR14226127,93,5176378,235937,8,50.37,99.97,0.08,102.91,rUTI
ERR14226128,53,4879840,333293,5,50.66,99.93,0.1,115.76,rUTI
ERR14226129,52,5152628,295954,6,50.57,99.97,0.39,158.73,rUTI
ERR14226130,52,4876090,338034,5,50.65,99.93,0.1,146.79,rUTI
ERR14226131,37,4906841,290924,6,50.6,99.37,0.16,138.9,rUTI
ERR14226132,38,4906230,248451,8,50.61,99.37,0.16,142.63,rUTI
ERR14226133,87,4972659,205034,8,50.48,99.97,0.08,130.83,rUTI
ERR14226134,78,4974082,322103,6,50.48,99.97,0.08,131.77,rUTI
ERR14226135,97,4913468,143572,13,50.53,99.97,0.04,100.1,rUTI
ERR14226136,50,4923984,215840,7,50.63,99.97,0.04,139.53,rUTI
ERR14226137,53,4957556,401992,5,50.56,99.97,0.04,146.85,rUTI
ERR14226140,83,5119585,262371,6,50.39,99.97,0.11,89.56,rUTI
ERR14226141,79,5130003,254295,8,50.41,99.97,0.11,140.01,rUTI
ERR14226142,63,4873698,305130,6,50.59,99.97,0.08,134.94,rUTI
ERR14226143,41,5152767,560973,4,50.59,99.97,0.39,150.04,rUTI
ERR14226144,44,5141884,560973,4,50.59,99.97,0.39,133.97,rUTI
ERR14226145,44,5151798,560973,4,50.59,99.97,0.39,156.28,rUTI
ERR14226147,93,5240424,162450,10,50.46,99.97,0.78,137.44,rUTI
ERR14226149,98,5248546,291259,7,50.66,99.97,0.08,119.63,rUTI
ERR14226151,94,4826733,104380,15,50.79,99.93,0.1,180.42,rUTI
ERR14226152,92,5027916,215228,9,50.71,99.97,0.37,117.73,rUTI
ERR14226153,89,5210629,346031,6,50.51,99.97,0.19,107.77,rUTI
ERR14226154,41,4964525,366016,4,50.43,99.97,0.04,154.02,rUTI
ERR14226155,39,4830755,320224,6,50.69,99.07,0.15,117.16,rUTI
ERR14226157,95,5384160,332989,7,50.58,99.97,0.12,135.84,rUTI
ERR14226158,97,5329295,247189,8,50.64,99.97,0.12,163.61,rUTI
ERR14226159,97,5385216,333946,7,50.58,99.97,0.12,78.64,rUTI
ERR14226160,98,5382326,333806,7,50.58,99.97,0.12,85.17,rUTI
ERR14226161,93,5384739,247195,7,50.57,99.97,0.12,116.29,rUTI
ERR14226162,96,5322505,258554,8,50.63,99.97,0.12,108.31,rUTI
ERR14226163,67,4747847,207597,8,50.63,99.97,0.12,151.35,rUTI
ERR14226164,63,4797949,185207,9,50.79,98.71,0.1,169.63,rUTI
ERR14226165,31,5110430,618050,4,50.55,99.97,0.39,86.22,rUTI
ERR14226166,95,5356299,185421,11,50.58,99.97,0.38,145.15,rUTI
ERR14226167,48,4974474,260229,6,50.58,99.97,0.63,145.7,rUTI
ERR14226168,97,5362691,185244,10,50.6,99.97,0.38,146.07,rUTI
ERR14226169,67,4827335,200983,9,50.72,99.97,0.37,91.92,rUTI
ERR14226171,87,5218567,305626,8,50.62,99.97,0.09,155.12,rUTI
ERR14226172,89,5233281,264990,8,50.59,99.97,0.09,129.11,rUTI
ERR14226173,93,5359221,185243,11,50.59,99.97,0.38,130.09,rUTI
ERR14226175,71,5048476,237085,6,50.58,99.97,0.39,140.81,rUTI
ERR14226176,96,4945617,178999,11,50.64,99.97,0.37,133.92,rUTI
ERR14226177,72,5219744,250424,6,50.44,99.97,0.08,151.96,rUTI
ERR14226179,96,5191762,325532,6,50.42,99.97,0.11,122.53,rUTI
ERR14226180,92,4986438,135510,12,50.82,99.93,0.1,140.35,rUTI
ERR14226181,98,4881755,146578,11,50.82,99.52,0.1,126.08,rUTI
ERR14226182,92,4929661,140317,11,50.8,99.93,0.1,135.83,rUTI
ERR14226183,86,5173637,304152,5,50.45,99.97,0.08,104.31,rUTI
ERR14226184,65,5119089,363227,5,50.62,99.97,0.04,125.81,rUTI
ERR14226185,79,5136421,363227,5,50.63,99.97,0.04,101.86,rUTI
ERR14226187,89,4990431,182986,10,50.62,99.93,0.26,105.26,rUTI
ERR14226188,88,4857458,137292,12,50.55,99.97,0.04,123.34,rUTI
ERR14226190,49,4953407,364658,5,50.46,99.97,0.07,134.08,rUTI
ERR14226191,73,4958364,262451,7,50.47,99.97,0.07,133.07,rUTI
ERR14226192,76,4956483,239686,7,50.74,99.97,0.37,133.55,rUTI
ERR14226194,68,5037036,201234,8,50.51,99.37,0.04,126.7,rUTI
ERR14226195,100,5279345,134610,12,50.66,99.97,0.09,112.19,rUTI
ERR14226196,61,4780905,509946,4,50.44,99.97,0.14,145.7,rUTI
ERR14226197,56,5037728,312101,6,50.46,99.37,0.08,124.62,rUTI
ERR14226198,72,5022315,197570,8,50.58,98.71,0.87,84.42,rUTI
ERR14226200,72,5025206,219052,7,50.59,98.1,0.87,107.17,rUTI
ERR14226201,75,4840243,161718,10,50.43,99.97,0.19,138.02,rUTI
ERR14226202,70,4839564,161724,11,50.42,99.97,0.19,98.82,rUTI
ERR14226203,33,4753031,257483,5,50.61,99.97,0.04,103.94,rUTI
ERR14226204,33,4714680,244185,5,50.59,99.07,0.04,152.74,rUTI
ERR14226205,100,5318653,244383,7,50.52,99.97,0.75,113.76,rUTI
ERR14226207,90,5068669,220826,8,50.55,99.97,0.39,140.9,rUTI
ERR14226208,65,5240948,234275,8,50.7,99.97,0.39,129.43,rUTI
ERR14226209,68,5246714,224611,8,50.72,99.83,0.39,104.62,rUTI
ERR14226211,75,5099890,361969,5,50.56,99.97,0.08,130.85,rUTI
ERR14226213,49,4873673,550852,4,50.42,99.97,0.14,141.44,rUTI
ERR14226214,82,5153488,258510,7,50.54,99.97,0.07,84.54,rUTI
ERR14226215,93,5128608,202436,8,50.47,99.97,0.04,137.54,rUTI
ERR14226216,98,5126330,229743,7,50.48,99.97,0.04,112.3,rUTI
ERR14226217,99,5126311,251051,8,50.48,99.97,0.04,93.02,rUTI
ERR14226218,92,5089874,287044,6,50.51,99.97,0.04,124.88,rUTI
ERR14226219,100,5129516,307357,6,50.48,99.97,0.04,137.09,rUTI
ERR14226220,91,5131441,270881,7,50.48,99.97,0.04,122.64,rUTI
ERR14226222,98,5206690,179519,10,50.56,99.37,0.33,138.22,rUTI
ERR14226223,80,5097989,385156,5,50.51,99.97,0.08,132.1,rUTI
ERR14226224,97,5284008,302137,7,50.49,99.97,0.08,137.41,rUTI
ERR14226225,59,5238654,286205,6,50.56,99.97,0.39,141.87,rUTI
ERR14226227,48,5029995,276607,5,50.41,99.97,0.33,147.85,rUTI
ERR14226228,52,4782147,194149,7,50.62,99.93,0.22,142.77,rUTI
ERR14226229,91,5046388,187415,10,50.72,99.97,0.37,145.67,rUTI
ERR14226230,97,5051181,162792,13,50.69,99.97,0.37,132.73,rUTI
ERR14226231,50,5080737,271597,6,50.53,99.97,0.38,123.34,rUTI
ERR14226232,90,5180848,143078,13,50.73,99.97,0.18,121.35,rUTI
ERR14226233,65,4839449,148547,10,50.6,99.52,0.5,123.61,rUTI
ERR14226234,48,4930959,268573,6,50.62,99.97,0.08,170.93,rUTI
ERR14226235,43,4931474,314997,5,50.62,99.97,0.08,137.9,rUTI
ERR14226236,52,5081391,236543,8,50.53,99.97,0.38,122.72,rUTI
ERR14226237,42,4930619,314883,5,50.62,99.97,0.08,109.93,rUTI
ERR14226238,34,4931654,412342,5,50.64,99.97,0.08,130.51,rUTI
ERR14226239,68,4806211,168949,9,50.78,99.93,0.26,134.14,rUTI
ERR14226244,67,5011229,293318,7,50.52,99.97,0.14,128.3,rUTI
ERR14226245,40,5125002,563506,4,50.65,99.97,0.39,135.07,rUTI
ERR4556420,56,5006291,315356,5,50.53,99.97,0.22,67.37,rUTI
ERR4556422,40,5055188,393943,6,50.55,99.97,0.37,71.44,rUTI
ERR4556424,89,5179469,175792,10,50.64,99.97,0.37,54.05,rUTI
ERR4556426,93,5299864,185268,10,50.58,99.97,0.38,90.52,rUTI
ERR4556428,70,5110618,359388,6,50.36,99.97,0.18,65.94,rUTI
ERR4556429,91,5152201,301206,7,50.53,99.97,0.5,59.17,rUTI
ERR4556430,91,5180658,164400,10,50.42,99.97,0.08,49.38,rUTI
ERR4556435,76,5006957,388487,6,50.4,99.97,0.08,60.52,rUTI
ERR4556436,94,4699433,113465,12,50.79,99.97,0.38,62.99,rUTI
ERR4556439,92,4714365,131817,11,50.72,99.97,0.08,56.07,rUTI
ERR4556449,80,5107990,228274,7,50.36,99.97,0.08,54.92,rUTI
ERR4556461,98,5143507,202436,7,50.48,99.97,0.26,58.08,rUTI
ERR4556462,78,5230208,340419,7,50.52,99.97,0.14,61.22,rUTI
ERR4556464,98,5146242,169153,8,50.44,99.97,0.39,54.4,rUTI
ERR4556465,98,5412281,186379,11,50.71,99.97,0.14,50.44,rUTI
ERR4556466,92,5020599,130527,12,50.68,99.97,0.39,56.37,rUTI
