gene,chi2_score,p_value
ant1,6.497706293852834,0.010801375097368608
apxIB_1~~~apxIB,5.701762603185705,0.016947884979057765
arcA_1~~~arcA_2~~~arcA,5.346023354232635,0.0207695885477441
argI~~~argF,5.346023354232635,0.0207695885477441
argR,5.346023354232635,0.0207695885477441
atm1_1~~~atm1,6.710900473933648,0.009582532426965723
cat_3~~~cat_2~~~cat,5.364406779661017,0.02055177738753296
cea_4~~~cea_3~~~cea~~~cea_1~~~cea_2,13.582250783195438,0.00022833428546300326
cma,6.275222909470639,0.012243771799763475
cmi,4.315920957506627,0.03775732794287352
cnl,8.318358101052294,0.003924637923573188
crcB,5.472005783597075,0.019323436060140173
cvaC,7.145398224757008,0.007515658373012992
deoR,5.281241310701509,0.021556374336829436
dinG,3.964308848185702,0.04647459705276341
emrE,5.364406779661017,0.02055177738753296
eno,6.156699876034763,0.013091523624689298
fepE,5.592417061611374,0.018038388706502557
finO~~~finO_2,4.15499419449536,0.0415119161766892
flmC,4.182281161685124,0.04084868389685931
flmC~~~flmC_1,5.701762603185705,0.016947884979057765
fucP,6.087121168653823,0.013617078129350235
glmU~~~fdtC,5.722236480939795,0.016751379853189023
gntR,6.904759418427184,0.008596659322289929
group_101,9.64702502338574,0.0018965849767058967
group_1012,4.520855088762149,0.03348409225603948
group_1015,11.107594987549202,0.000859749079217753
group_1023,3.8811508850848266,0.04883107333611181
group_1026,7.624952807454413,0.0057566176003826
group_1031,14.786730023786312,0.00012037963163222082
group_1036,5.212469375050205,0.022425461810804424
group_1039,4.470338983050848,0.03448814873350461
group_1040,34.177814414851426,5.02991360255805e-09
group_1042,22.393550493706634,2.2211865176741837e-06
group_1050,5.592417061611374,0.018038388706502557
group_1060,5.472005783597075,0.019323436060140173
group_1065,17.06346056293239,3.615121445007287e-05
group_1072,4.109438509117197,0.042644518184163635
group_110,6.26364768254478,0.01232402006194748
group_1104,10.711871100757765,0.0010645032230519444
group_1105,4.109438509117197,0.042644518184163635
group_1114,5.864397919984121,0.015450142459858705
group_1125,10.426148686641497,0.0012424355792737534
group_1126,10.123766505805222,0.0014636958083292975
group_113,12.303317535545023,0.0004521538929068925
group_1141,21.454646496165903,3.6229702828359714e-06
group_1142,4.470338983050848,0.03448814873350461
group_1146,6.840007229496345,0.008913847832798284
group_1148,8.355941622350167,0.0038442820108184725
group_1149,9.557079089582047,0.001991797894455962
group_1156,4.315920957506627,0.03775732794287352
group_1158,5.2470311127464555,0.021984249737373816
group_1172,15.359048297334816,8.889418469132249e-05
group_1185,9.107080792070672,0.0025462190103310786
group_1189,13.821911861935153,0.00020097863585830718
group_1210,6.330187163627603,0.011869978992433835
group_1212,5.1733744179850945,0.02293562203553846
group_1214,4.315920957506627,0.03775732794287352
group_1220,5.510788153597714,0.018899528414097356
group_1222,6.840007229496345,0.008913847832798284
group_1224,7.899378111342928,0.0049451796309379365
group_1225,7.152542372881356,0.007485779796490355
group_1246,24.50732026668809,7.402805113739762e-07
group_1251,3.8659756807775727,0.04927453644095204
group_1252,19.003495801330963,1.3047918657915308e-05
group_126,11.681661441840612,0.0006311914359925895
group_1268,5.364406779661017,0.02055177738753296
group_1269,5.472005783597075,0.019323436060140173
group_1274,21.778444984106585,3.060189076854844e-06
group_1307,14.643460937061556,0.00012988448436258604
group_131,4.179168655171926,0.04092377037454972
group_1312,7.152542372881356,0.007485779796490355
group_1317,6.411387552121749,0.011339077290752826
group_1365,5.346023354232635,0.0207695885477441
group_1382,6.710900473933648,0.009582532426965723
group_1411,4.470338983050848,0.03448814873350461
group_1412,4.470338983050848,0.03448814873350461
group_1463,4.614829373408722,0.0316966484538191
group_1479,4.917610995719681,0.026584253140808423
group_1485,4.165638662887438,0.04125185802324994
group_1520,5.8145500307922955,0.015894119378407637
group_1555,6.710900473933648,0.009582532426965723
group_1640,4.470338983050848,0.03448814873350461
group_1664,9.249725060063245,0.0023553078401913935
group_1673,8.901753065550922,0.0028489700873097806
group_1679,6.601446453253411,0.01018959564088803
group_169,6.15376040367147,0.01311329902321116
group_1713,8.041476366432187,0.004571826066393885
group_1750,4.470338983050848,0.03448814873350461
group_177,10.902120652261228,0.0009605423035302343
group_1787,4.470338983050848,0.03448814873350461
group_1809,5.288493416776813,0.021466783590541216
group_1818,6.583832471265367,0.01029090892822893
group_184,5.346023354232635,0.0207695885477441
group_1846,6.710900473933648,0.009582532426965723
group_1853,4.470338983050848,0.03448814873350461
group_1857,6.710900473933648,0.009582532426965723
group_1866,6.131857008854185,0.01327673478404829
group_1875,19.141084716552633,1.2140323429758552e-05
group_1883,22.118740862719896,2.5629540187807087e-06
group_193,9.378242132008184,0.0021957600995832875
group_2014,6.710900473933648,0.009582532426965723
group_2020,4.470338983050848,0.03448814873350461
group_2049,4.109438509117197,0.042644518184163635
group_2059,6.258474576271187,0.01236005846296252
group_2082,4.7043135994859036,0.030087014040290492
group_2130,7.829383886255924,0.005140361845807156
group_2143,3.8659756807775727,0.04927453644095204
group_217,20.892768010725135,4.8572497192419375e-06
group_218,4.655077461806886,0.03096183549891639
group_2220,3.9960599903343352,0.04560675743660701
group_2227,4.470338983050848,0.03448814873350461
group_2291,7.349122419471443,0.0067095499902610715
group_2367,5.364406779661017,0.02055177738753296
group_237,4.470338983050848,0.03448814873350461
group_24,11.68573899155614,0.0006298096653806947
group_240,7.522343771282479,0.0060938342238906875
group_2403,8.180250594840743,0.004234890940788885
group_2423,4.470338983050848,0.03448814873350461
group_2448,15.664850088360517,7.561648920028228e-05
group_2456,6.275222909470639,0.012243771799763475
group_246,6.156699876034763,0.013091523624689298
group_2460,12.807787774118403,0.00034517948382935856
group_2461,7.152542372881356,0.007485779796490355
group_2462,4.470338983050848,0.03448814873350461
group_2478,7.39869226443891,0.006527131062682586
group_2479,7.39869226443891,0.006527131062682586
group_2481,7.39869226443891,0.006527131062682586
group_2508,9.229658746817444,0.0023812602436507854
group_2519,4.165638662887438,0.04125185802324994
group_254,5.104748875411678,0.023860432855311024
group_2545,7.522343771282479,0.0060938342238906875
group_2568,4.109438509117197,0.042644518184163635
group_2569,4.109438509117197,0.042644518184163635
group_2576,4.470338983050848,0.03448814873350461
group_258,10.47035698754366,0.0012130527539690465
group_261,19.28668969395133,1.124877951058306e-05
group_263,3.8873099847377315,0.04865229076639929
group_2657,5.592417061611374,0.018038388706502557
group_2658,10.577061684399624,0.0011449950294609651
group_2660,5.364406779661017,0.02055177738753296
group_2673,11.597927042332719,0.0006602537365856328
group_2692,7.39869226443891,0.006527131062682586
group_2696,12.516949152542374,0.0004032768539112392
group_2705,13.171847265877041,0.00028418645113565435
group_2724,4.165638662887438,0.04125185802324994
group_2743,5.212469375050205,0.022425461810804424
group_2758,4.960418507510642,0.025933930118027335
group_2767,4.8120996522956485,0.028260591925924606
group_2794,7.731951361555145,0.005425208547536037
group_280,4.917610995719681,0.026584253140808423
group_2856,4.165638662887438,0.04125185802324994
group_2858,5.116082186750516,0.023705077216648513
group_2867,5.472005783597075,0.019323436060140173
group_2872,4.357293381998553,0.036850810293491416
group_2895,4.9450099262132365,0.026166088568927878
group_2899,6.2556892119848975,0.01237950750111815
group_292,22.57069052259535,2.0255125209785967e-06
group_2924,4.470338983050848,0.03448814873350461
group_2946,9.229658746817444,0.0023812602436507854
group_295,4.165638662887438,0.04125185802324994
group_2953,3.8659756807775727,0.04927453644095204
group_296,6.411387552121749,0.011339077290752826
group_2971,6.611796630251424,0.010130540303797168
group_2972,5.364406779661017,0.02055177738753296
group_2987,3.8659756807775727,0.04927453644095204
group_30,6.156699876034763,0.013091523624689298
group_3008,4.470338983050848,0.03448814873350461
group_3014,4.960418507510642,0.025933930118027335
group_3022,5.364406779661017,0.02055177738753296
group_3033,4.470338983050848,0.03448814873350461
group_3058,4.470338983050848,0.03448814873350461
group_3064,7.031491948689115,0.008008860222082585
group_3065,5.592417061611374,0.018038388706502557
group_3069,5.592417061611374,0.018038388706502557
group_3071,13.761183737758161,0.0002075812549101944
group_3072,19.68753535702261,9.119426176075407e-06
group_308,3.8514517007167073,0.04970295378204705
group_3085,4.470338983050848,0.03448814873350461
group_309,8.431128093530695,0.003688514407312724
group_3150,5.592417061611374,0.018038388706502557
group_3151,5.592417061611374,0.018038388706502557
group_3171,6.761085227729137,0.009316708345511406
group_3179,4.470338983050848,0.03448814873350461
group_3180,4.470338983050848,0.03448814873350461
group_3200,6.411387552121749,0.011339077290752826
group_3201,4.470338983050848,0.03448814873350461
group_3236,16.98772415455057,3.762228166119616e-05
group_3245,4.470338983050848,0.03448814873350461
group_3251,3.9598450965654166,0.04659799124016169
group_3254,9.480879510526849,0.0020762440748814436
group_3256,7.152542372881356,0.007485779796490355
group_326,16.498325531806127,4.869305833645226e-05
group_3271,8.491107719495542,0.003568864507161158
group_3273,4.468959508641408,0.03451600449302102
group_3285,8.5670110521516,0.003423086544089453
group_3288,4.470338983050848,0.03448814873350461
group_3307,5.8145500307922955,0.015894119378407637
group_3313,9.890384769861036,0.0016614462536732894
group_3319,4.607303953978385,0.03183604758767814
group_3340,6.411387552121749,0.011339077290752826
group_3341,6.411387552121749,0.011339077290752826
group_3356,7.522343771282479,0.0060938342238906875
group_3360,5.364406779661017,0.02055177738753296
group_3381,7.39869226443891,0.006527131062682586
group_3400,10.255764572085692,0.0013625814958726403
group_3410,23.61285013729804,1.1779823192353681e-06
group_3415,9.480879510526849,0.0020762440748814436
group_3422,8.940677966101696,0.002788891892315053
group_3465,5.346023354232635,0.0207695885477441
group_3499,9.984377109671286,0.0015787395089322052
group_3506,4.470338983050848,0.03448814873350461
group_3524,3.956366977267251,0.04669437838482429
group_3550,11.320199212788179,0.0007666848758743842
group_3559,4.454140894850992,0.03481672498620736
group_3572,12.632504710126408,0.0003790968969853061
group_3594,5.553797493774601,0.0184406365508521
group_3610,13.411016949152543,0.000250150760584387
group_3621,6.167917905052615,0.013008762321894704
group_3639,5.346023354232635,0.0207695885477441
group_364,4.520855088762149,0.03348409225603948
group_3645,13.171847265877041,0.00028418645113565435
group_3646,4.470338983050848,0.03448814873350461
group_3649,6.4458924117717356,0.011120916451261969
group_3654,7.441894178247248,0.006372278820734927
group_3697,4.730020885211666,0.029640525350598378
group_3698,8.453181287344679,0.003644054646437883
group_370,13.171847265877041,0.00028418645113565435
group_3702,6.939956020563903,0.008429118562653092
group_3705,7.943933586696059,0.004824884201199766
group_3706,7.943933586696059,0.004824884201199766
group_371,7.669021190616128,0.0056176922783140164
group_3717,3.8659756807775727,0.04927453644095204
group_3719,5.212469375050205,0.022425461810804424
group_3727,5.84286949577807,0.015640299375372212
group_3770,4.470338983050848,0.03448814873350461
group_3810,26.820678896212346,2.2323575766489714e-07
group_3819,6.904759418427184,0.008596659322289929
group_3827,5.787175985714024,0.016143502009578845
group_3850,6.904759418427184,0.008596659322289929
group_3874,5.212469375050205,0.022425461810804424
group_3940,4.109438509117197,0.042644518184163635
group_3943,3.8659756807775727,0.04927453644095204
group_3953,4.7043135994859036,0.030087014040290492
group_3956,3.8659756807775727,0.04927453644095204
group_3966,16.02120166407976,6.263710760813522e-05
group_3968,4.470338983050848,0.03448814873350461
group_3978,8.940677966101696,0.002788891892315053
group_398,10.942464099680539,0.0009398509254796187
group_3998,8.331277325774876,0.0038968248539229164
group_4007,5.510788153597714,0.018899528414097356
group_4026,6.258474576271187,0.01236005846296252
group_4035,9.041710177524298,0.0026388866574545843
group_4042,4.960418507510642,0.025933930118027335
group_4061,4.109438509117197,0.042644518184163635
group_4066,4.170459474656598,0.04113464290037297
group_41,4.960418507510642,0.025933930118027335
group_4138,5.592417061611374,0.018038388706502557
group_4165,8.046610169491526,0.004558887968764272
group_4180,4.490059442525505,0.034092492199391145
group_4183,4.165638662887438,0.04125185802324994
group_4186,4.165638662887438,0.04125185802324994
group_4197,5.553797493774601,0.0184406365508521
group_420,6.864224985308476,0.008793837926998891
group_4200,6.411387552121749,0.011339077290752826
group_4204,4.490059442525505,0.034092492199391145
group_4216,4.470338983050848,0.03448814873350461
group_4220,5.212469375050205,0.022425461810804424
group_4221,5.212469375050205,0.022425461810804424
group_4222,5.212469375050205,0.022425461810804424
group_424,6.275222909470639,0.012243771799763475
group_427,8.041476366432187,0.004571826066393885
group_4312,4.614829373408722,0.0316966484538191
group_4315,6.384006747529924,0.011515318250285962
group_434,11.620271206522617,0.0006523688804583632
group_440,20.989902073185878,4.617104823422117e-06
group_4439,5.592417061611374,0.018038388706502557
group_4440,5.592417061611374,0.018038388706502557
group_4500,5.364406779661017,0.02055177738753296
group_456,12.08777107897519,0.0005075361211346125
group_4614,13.393105408528339,0.0002525509100872748
group_4616,5.549750144769768,0.0184833252164813
group_4617,4.960418507510642,0.025933930118027335
group_4618,4.315920957506627,0.03775732794287352
group_4620,5.78104982614783,0.01619986267011418
group_4621,5.527364504320484,0.01872128421240487
group_4622,4.000775471616506,0.04547933473752817
group_4624,6.652565625647382,0.009901315107847886
group_4636,17.87711273761654,2.3563798854592297e-05
group_4637,17.8289554716577,2.4167734326165166e-05
group_4639,18.587920533960382,1.6224536460805773e-05
group_4640,23.521567997429514,1.2352129420218284e-06
group_4736,7.152542372881356,0.007485779796490355
group_4739,7.152542372881356,0.007485779796490355
group_4740,7.152542372881356,0.007485779796490355
group_4742,7.152542372881356,0.007485779796490355
group_4743,7.152542372881356,0.007485779796490355
group_4745,4.470338983050848,0.03448814873350461
group_4746,4.470338983050848,0.03448814873350461
group_4747,7.152542372881356,0.007485779796490355
group_4750,7.152542372881356,0.007485779796490355
group_479,11.009695251694168,0.0009063654663262262
group_495,4.170459474656598,0.04113464290037297
group_505,5.504455036051217,0.018968090022840448
group_506,7.735123850765664,0.005415684866881592
group_5060,9.834745762711865,0.0017124594965796248
group_5103,5.288493416776813,0.021466783590541216
group_5107,5.288493416776813,0.021466783590541216
group_513,7.152542372881356,0.007485779796490355
group_520,4.165638662887438,0.04125185802324994
group_530,17.36146477628725,3.090284260235572e-05
group_538,22.278194343265348,2.358699037625099e-06
group_550,5.244638876616593,0.022014497150710383
group_557,9.858951006593388,0.0016900744390338218
group_558,7.28656364119454,0.006947223561144379
group_569,5.8266741419746655,0.015784938459558737
group_571,7.829383886255924,0.005140361845807156
group_572,6.478904674875137,0.010916223309865707
group_589,7.195720138163704,0.0073077658467575165
group_598,6.840007229496345,0.008913847832798284
group_613,5.346023354232635,0.0207695885477441
group_624,13.68512312845104,0.00021616009166510228
group_630,4.165638662887438,0.04125185802324994
group_631,5.281241310701509,0.021556374336829436
group_647,5.592417061611374,0.018038388706502557
group_665,4.470338983050848,0.03448814873350461
group_688,6.710900473933648,0.009582532426965723
group_695,8.427609352038672,0.0036956591371705766
group_702,4.470338983050848,0.03448814873350461
group_703,8.986677478976608,0.0027195502120821937
group_711,6.840007229496345,0.008913847832798284
group_719,10.576986833553626,0.0011450413905248612
group_721,10.449568238412724,0.0012267812739071113
group_725,15.637408125150612,7.672172969128722e-05
group_727,6.710900473933648,0.009582532426965723
group_735,9.306994692190296,0.002282806312509431
group_736,4.673719400152624,0.03062752922590306
group_743,5.213205623625239,0.02241596792151888
group_748,6.275222909470639,0.012243771799763475
group_758,4.396421874933935,0.03601441689825364
group_764,5.17072700094647,0.022970600806377018
group_775,8.844488739865106,0.0029397523573757816
group_785,8.673391599575979,0.003228897024418029
group_786,6.513448483257067,0.01070616880779622
group_79,4.165638662887438,0.04125185802324994
group_790,16.159810885555935,5.8216245040029716e-05
group_80,4.470338983050848,0.03448814873350461
group_802,5.288493416776813,0.021466783590541216
group_808,17.11050244999598,3.526674564221556e-05
group_812,8.151755996147449,0.004301948460835537
group_828,5.288493416776813,0.021466783590541216
group_831,4.78930890205953,0.028636914401130264
group_869,10.576962921764268,0.0011450562013922483
group_875,25.993083014654857,3.426427978800957e-07
group_885,5.213736254444452,0.022409128045505013
group_888,8.91447773582885,0.0028291870973954874
group_889,3.8849131730186426,0.048721781674886014
group_890,6.411387552121749,0.011339077290752826
group_894,8.22323975436803,0.004135730072566197
group_911,4.560004819664229,0.032726981324577985
group_919,5.592417061611374,0.018038388706502557
group_920,14.63455349438613,0.0001304997854396746
group_922,6.691956515918283,0.009684885904506148
group_928,5.377126174793155,0.020402459324245188
group_934,4.470338983050848,0.03448814873350461
group_935,9.861475654001651,0.0016877567799213023
group_936,10.942464099680539,0.0009398509254796187
group_942,4.792571549063033,0.028582722997344392
group_944,6.056647120250624,0.013854047119720988
group_958,6.710900473933648,0.009582532426965723
group_96,5.592417061611374,0.018038388706502557
group_966,5.346023354232635,0.0207695885477441
group_97,5.914167204792957,0.01501960118701914
group_970,4.3384818057675325,0.0372601339972232
group_988,7.275057233512732,0.006991866508600601
group_990,6.156699876034763,0.013091523624689298
hbp,5.212469375050205,0.022425461810804424
hemR_1~~~hemR,4.490059442525505,0.034092492199391145
hin_1,4.470338983050848,0.03448814873350461
hsdR,17.07508862574398,3.593053356919914e-05
icsA,4.470338983050848,0.03448814873350461
imm,4.165638662887438,0.04125185802324994
iucA~~~iucA_2~~~iucA_1,5.213205623625239,0.02241596792151888
iucB~~~iucB_1~~~iucB_2,5.213205623625239,0.02241596792151888
iucC_2~~~iucC~~~iucC_1,6.443114437517314,0.011138319985950086
iucD,7.543776343329842,0.00602177025525207
iutA,6.720382493908476,0.009531718271078769
klcA_1~~~klcA,5.082414314921012,0.024169691648209212
lsoA,6.275222909470639,0.012243771799763475
lsoB,8.947867298578199,0.0027779371468693416
ltrA,7.125403646879269,0.007599930297316445
macA,6.840007229496345,0.008913847832798284
macB,7.769826346037285,0.005312615614285733
mbeA~~~mbeA_1,13.967833375556884,0.000185965184584608
mbeC,8.427609352038672,0.0036956591371705766
mcjA,7.829383886255924,0.005140361845807156
mcjD,5.212469375050205,0.022425461810804424
mcr11,4.470338983050848,0.03448814873350461
mdtL~~~bcr~~~cmlA1,4.470338983050848,0.03448814873350461
mmuM,23.755634141142018,1.0937473254853332e-06
mntB_1~~~mntB_3,4.630916300668892,0.03140078934142402
mntB_2,5.267094482330007,0.021732256789987657
mntB_3~~~mntB~~~mntB_1,8.784477412027114,0.003038045860966625
nanE,8.940677966101696,0.002788891892315053
noc_1~~~noc~~~noc_2,3.904074967330121,0.04816913836524778
ntdC,6.156699876034763,0.013091523624689298
ompT,9.39261835347039,0.0021786083427537853
papB,3.926876739062589,0.047520122042122845
pemI_1~~~pemI,6.820815413373048,0.00901014200397803
pemK_1~~~pemK,6.167917905052615,0.013008762321894704
pemK~~~pemK_1,7.5548429592738415,0.005984901349112652
pinR,8.901753065550922,0.0028489700873097806
psiB_1~~~psiB,7.024692357722731,0.008039328197150005
psiB~~~psiB_2~~~psiB_3~~~psiB_1,9.447545987629521,0.0021143179958995283
ptsG,8.940677966101696,0.002788891892315053
rbsK,5.281241310701509,0.021556374336829436
rdmC~~~rutD,4.470338983050848,0.03448814873350461
repE_2,8.046610169491526,0.004558887968764272
repE~~~repE_1~~~repE_2,8.355941622350167,0.0038442820108184725
rocC,23.755634141142018,1.0937473254853332e-06
rop_1,5.592417061611374,0.018038388706502557
rop_1~~~rop~~~rop_3,8.427609352038672,0.0036956591371705766
rop~~~rop_1,5.288493416776813,0.021466783590541216
rop~~~rop_2~~~rop_1,4.28757947811687,0.038391785695494826
smc,10.066350710900473,0.0015100182249396714
ssb_2~~~ssb_1~~~ssb,6.156699876034763,0.013091523624689298
stpA~~~stpA_2,4.109438509117197,0.042644518184163635
tdeA,7.769826346037285,0.005312615614285733
tmrB,5.583609548008507,0.018129320029819932
tnpR~~~tnpR_1,7.0800000365126055,0.007794900866769924
traA~~~traA_1,8.672687947105874,0.0032301439942846923
traC~~~traC_2~~~traC_1~~~traC_5,7.423447182577203,0.006437935871720174
traI_1,6.258474576271187,0.01236005846296252
traI_1~~~traI_2~~~traI_9~~~traI_8~~~traI_7~~~traI_6~~~traI_5~~~traI_4~~~traI_3~~~traI,7.460388975254334,0.00630713766820112
traJ_2,6.431369217175302,0.01121221121377995
traM_2~~~traM,6.856884979605676,0.008830035260823032
traN~~~traN_3~~~traN_2~~~traN_1,8.476607388333077,0.0035974237215955517
traV,11.270112905725785,0.0007876493807684029
traY_2,6.963793543480186,0.008317549634640395
traY~~~traY_1,6.275222909470639,0.012243771799763475
ugpC,22.935704734138824,1.6751129590321542e-06
ulaA,6.904759418427184,0.008596659322289929
ulaB,6.904759418427184,0.008596659322289929
ulaC,6.904759418427184,0.008596659322289929
umuC_1~~~dinB~~~umuC_2~~~umuC,4.498404050323067,0.03392650341606657
vapC,7.899378111342928,0.0049451796309379365
vapC_1~~~vapC_2~~~vapC,6.8256285645433366,0.008985892596550051
vapC_1~~~vapC_3~~~vapC,5.527364504320484,0.01872128421240487
xerC_4~~~xerC_1~~~xerC_2~~~xerC,6.285384368222346,0.012173767317571948
xerC_6~~~xerC_5~~~xerD~~~xerC,7.275057233512732,0.006991866508600601
xerD~~~xerC_2~~~xerC_4~~~xerC~~~xerC_5~~~xerC_3~~~xerC_1,8.414500430047276,0.0037224006489250962
ybbH,8.940677966101696,0.002788891892315053
yhcR~~~nucH,6.840007229496345,0.008913847832798284
yhdJ_1~~~yhdJ,16.878865772351194,3.9842744059972105e-05
yhdJ~~~yhdJ_2,11.494800843516318,0.0006979113600125511
yokD,8.066556200460672,0.004508973250206104
