gene,mi_score
aacA4,0.014308087467991726
ahr,0.00828646090254348
ampC,0.01360968602442636
ant1,0.013189813865390088
ant1_2~~~ant1,0.02337778672225488
ant1~~~ant1_1,0.00860370298843982
ant1~~~ant1_3,0.008877158714915234
aphA,0.007802208311106007
appY,0.03293464969637849
argI~~~argF,0.007805945563165162
argR,0.0061113744571932305
bfpB,0.005678496434811997
bla_1~~~bla,7.978130324648447e-05
blc,0.02765060500513994
caeA~~~caeB,0.023191157026739573
cat_2~~~cat_1~~~cat,0.0058622197199131865
ccdA,0.016867890950613917
ccdA_1~~~ccdA,0.0074006700838669115
ccdB,0.03859962988033949
cia,0.015961833920396185
clsA~~~pld,0.014456686924412043
cmoA,0.011998925091715185
col~~~col_1~~~colE7,0.006341278388467764
cpdA,0.012528447768888729
cusA,0.0007846705345868621
cusF,0.003247128168777369
cusS_2~~~cusS,0.024082342544260005
cvaC,0.005694904106485987
dapA~~~yjhH,0.018246303738422842
dapH,0.014357528457030089
dhfrI,0.002097009893396562
dnaB,0.035306676251815494
dsbC,0.011188009683484434
ecoRIIR_2~~~ecoRIIR_1~~~ecoRIIR,0.04056539652731428
emrE,0.04859546303053519
fdtC,0.024556377582053868
fecR,0.007607912834536545
fepE,0.011703581937114294
finO~~~finO_1,0.005435801414497732
flmA,0.019689225754775608
flmC,0.002148217757786286
flmC~~~flmC_1,0.012299159284567152
focC~~~lpfB,0.02962957838660074
folP~~~folP_2,0.032327526722133015
fucP,0.006434367849305733
gntR,0.0055578798083881775
group_1008,0.01020382111540341
group_101,0.011022764823213738
group_1011,0.03779559921053699
group_1015,0.00893394770103173
group_1018,0.004121716543365794
group_1022,0.007509858354326493
group_1023,0.0339219312429091
group_1025,0.019196259238319024
group_103,0.027727993766895276
group_1031,0.060312065443627993
group_1033,0.01236990633517987
group_1035,0.01724812530735864
group_1036,0.05081281774363022
group_1037,0.012099753296570315
group_1039,0.02079063673577597
group_1040,0.05355641863946614
group_1042,0.07340638738184291
group_1043,0.018267730857165487
group_1044,0.02907857363109545
group_1048,0.0002337545178199285
group_1051,0.0033169275773057283
group_1054,0.00988538489092683
group_1056,0.012742259559882063
group_1057,0.03586208033070948
group_1059,0.008726391050329907
group_106,0.04183444502790645
group_1064,0.01819057836686655
group_1067,0.026436175015542407
group_1069,0.016942843961808896
group_1070,0.015078013612967345
group_1071,0.004814331162154906
group_1084,0.010657038702454491
group_1087,0.06336505340711307
group_1098,5.03973126853019e-06
group_110,0.027897934111529743
group_1103,0.009963097749926764
group_1105,0.036958636061098504
group_1106,0.00391335853299446
group_1108,0.006970917137335331
group_1109,0.026860716295788345
group_1112,0.05721527660001313
group_1114,0.015645324385568316
group_1125,0.022659659168359436
group_1126,0.02144707023370196
group_113,0.01691304436134189
group_1131,0.03760610920185514
group_114,0.007012803830426018
group_1141,0.021753453144703894
group_1142,0.02107117494564692
group_1143,0.043587563895119086
group_1145,0.028284904213264683
group_1146,0.01943163299557238
group_1149,0.027536494886770457
group_115,0.005719565624436429
group_1156,0.009966704267547977
group_1158,0.010329049417382441
group_1164,0.006477110341712722
group_1165,0.003917074422024047
group_1167,0.01919762994142693
group_1171,0.010649818728791338
group_1172,0.029715235006011698
group_1175,0.016527139854829453
group_1181,0.025583562260047765
group_1182,0.02567910740592838
group_1183,0.00028263678146722704
group_1184,0.03371535184169927
group_1185,0.007494890721909231
group_1189,0.01943896760335817
group_1198,0.011010055646470063
group_1202,0.011505763021372184
group_1203,0.057097075139529885
group_1204,0.0347445995656297
group_1206,0.01557864051015967
group_1209,0.019680070692324136
group_1210,0.04768215188232472
group_1212,0.06494592837428903
group_1215,0.019451417621191736
group_1220,0.02869982300066698
group_1222,0.027560463975401905
group_1225,0.03695531876603231
group_1226,0.003881545330040481
group_1228,0.0013591974945104113
group_1229,0.03942862936705693
group_1232,0.029666159119586144
group_1237,0.042102031033747656
group_1239,0.027348511498348715
group_1241,0.0018226643578156398
group_1244,0.03630283304643256
group_1246,0.029691551425768514
group_1249,0.018828765646388135
group_1252,0.03856452974991886
group_1259,0.02442768577847043
group_126,0.014836703768420278
group_1261,0.007175208868472671
group_1267,0.016297089970219503
group_127,0.012155604107454643
group_1274,0.019971049419639453
group_1275,0.03066292351655453
group_1298,0.0041635216187276836
group_1300,0.026244623501448405
group_1301,0.011959330085677289
group_1306,0.028055208188069614
group_1307,0.05939794107174312
group_1308,0.025869552972410226
group_131,0.02335118828961602
group_1310,0.00924563811024015
group_1313,0.014507000607146603
group_1317,0.013137910720436352
group_1322,0.032239960076812846
group_1331,0.04343889638067955
group_1335,0.012000448257470708
group_134,0.06656203157318386
group_1357,0.028192590593201894
group_1362,0.000998575081298192
group_1365,0.0006293094534459698
group_137,0.023044910781092387
group_1371,0.00022975342321474024
group_1373,0.03237237374684576
group_1375,0.08323301041976028
group_1378,0.05928118144424421
group_1379,0.005654300290714787
group_1382,0.06330719520180117
group_1383,0.0031965821450770093
group_1388,0.015201036179732341
group_1398,0.00915067962602012
group_1400,0.01009448476445618
group_1411,0.012782658740317032
group_1412,0.0020260865953871665
group_1416,0.032388813602409305
group_1423,0.030954335825649437
group_1431,0.016387414137725154
group_1435,0.012865574635822608
group_1438,0.01734338798651347
group_1439,0.01717875023798343
group_1443,0.009442576394427249
group_1445,0.00760891415807996
group_1447,0.022420671051724517
group_145,0.0260560836748156
group_1451,0.00029043629578073826
group_1463,0.023208073884756653
group_147,0.010543268883788759
group_1474,0.003984896198294008
group_1476,0.008595585950120999
group_1477,0.0819762622769089
group_149,0.012105486439887292
group_1497,0.00481964526142864
group_1498,0.04333240021713647
group_1499,0.03727916933169095
group_15,0.008582914848196621
group_150,0.011413167069123542
group_1501,0.028686348406655515
group_1503,0.0435189400009921
group_1513,0.04025951610398404
group_1523,0.040485686316336755
group_1525,0.004548750359661291
group_1526,0.003988684027782963
group_1528,0.017053502629514217
group_1545,0.01095766582897939
group_1550,0.02404344904899114
group_1551,0.022963959640445175
group_1555,0.010187859280452072
group_156,0.008741610109173514
group_1563,0.003908133537638969
group_1568,0.028887480235303853
group_157,0.018645171952134998
group_1579,0.001650101655643832
group_1582,0.006651320005657935
group_1595,0.02621342398347437
group_16,0.014961765135092397
group_1606,0.005622049419537589
group_1616,0.014982500055156
group_1626,0.01717816668035299
group_1640,0.03166281537215143
group_1652,0.0073093224994282835
group_1657,0.010122885725545538
group_1670,0.04415114928401076
group_1672,0.02155076930108013
group_1673,0.0117975635648504
group_1679,0.00013096986114646825
group_168,0.005583351478155363
group_1687,0.030786721312397347
group_1689,0.012146046799239585
group_169,0.07098803925983499
group_1693,0.012471356656327037
group_17,0.011194514817308931
group_171,0.007209878691930793
group_1713,0.01438712620906002
group_1732,0.0006834974172271746
group_1749,0.04766842586188713
group_1750,0.02469560574141627
group_1755,0.0028120952673014177
group_1765,0.004053938454154693
group_177,0.014238279083222283
group_1773,0.028832358871457853
group_1781,0.042213126456725814
group_1783,0.013365398867387634
group_1786,0.003292394237533358
group_1787,0.032421582846587915
group_1792,0.041625792134689865
group_1794,0.023495972662588294
group_1798,0.0050937652503135755
group_1805,0.028218074679088545
group_1818,0.005777617192554985
group_1819,0.027088296650688237
group_1837,0.00202828424859125
group_1846,0.006537415435574623
group_1847,0.055119593201214956
group_1855,0.0568771124393066
group_1856,0.012341523085319883
group_1857,0.010952171474938988
group_1859,0.014633103323011598
group_1866,0.0029999014953761005
group_1875,0.017494692561790037
group_1883,0.052991073457291815
group_1901,0.03639837601084328
group_1904,0.0388544480980475
group_1910,0.009275256764019968
group_193,0.014151394440872656
group_1931,0.01865209667777279
group_1932,0.023848105323248436
group_1936,0.02131697513950126
group_1959,0.014038632836120835
group_1970,0.02147252693108892
group_1975,0.0263033753022055
group_198,0.01290823086836923
group_1983,0.006936208787388098
group_1989,0.023693398510117314
group_1991,0.00919133310627096
group_2000,0.04538059437942499
group_2014,0.008186847286348886
group_2020,0.027242987754812376
group_2025,0.0033761906300546762
group_2043,0.018765083367940694
group_2044,0.01864980499072022
group_2047,0.0433410604606963
group_2048,0.012425195316643212
group_205,0.005797365031094737
group_2053,0.00751633153490161
group_2063,0.05928675121756388
group_2074,0.042449315199625914
group_2094,0.01163500862041622
group_21,0.006814859840535981
group_2105,0.023403289432321284
group_2107,0.012726782866553155
group_2125,0.03821309653387717
group_2127,0.021948343682073546
group_213,0.047371041168529304
group_2130,0.042046028125395596
group_2133,0.014986644165778662
group_2143,0.03151509746023673
group_215,0.03652118073813182
group_2158,0.008073016300034874
group_216,0.05396052512671212
group_217,0.034141007699337145
group_218,0.01716915637332872
group_2196,0.04589514011209128
group_2209,0.033094656683893664
group_2212,0.019487291808270246
group_2220,0.0053704864162968935
group_2221,0.0277510576223714
group_2231,0.008271462229826776
group_2235,0.027478455504131416
group_2255,0.03753574041337093
group_2269,0.02273742844766824
group_2273,0.011277815477988007
group_2274,0.0010891227389600022
group_2291,0.06929953524467436
group_23,0.024730704516827018
group_2316,0.04289786706448262
group_2333,0.021198630432360144
group_2367,0.017438110564457876
group_237,0.025145899332254196
group_2370,0.0037636161112426514
group_2383,0.023519705162633464
group_2387,0.03134625685515435
group_2394,0.02545234341090552
group_2395,0.007072751960844004
group_2397,0.021280812729307375
group_24,0.007037543179764905
group_2400,0.01220605080219661
group_2401,0.019890586003510347
group_2408,0.020323790631345817
group_241,0.006393413278149795
group_2413,0.015494664996851037
group_2415,0.0499570581840767
group_2418,0.02087169537388145
group_2425,0.0023507277757326417
group_2429,0.008553122368739396
group_2431,0.025498978356869317
group_2434,0.009647405122745756
group_2439,0.013704616572377315
group_2444,0.04426922128818611
group_2445,0.026490344720323966
group_2449,0.04236038565451827
group_245,0.011645489135828857
group_2454,0.005102784879037925
group_246,0.011824439534284581
group_2460,0.027562210631313366
group_2461,0.015451829383545723
group_2464,0.020309375516259554
group_2467,0.022395506219642813
group_2469,0.0280016304400581
group_2478,0.031647609651987985
group_2481,0.015317619527662085
group_2483,0.01207136913376039
group_2484,0.005962809827412041
group_2486,0.007197400491532946
group_2490,0.046436976476075476
group_2491,0.020761620263806346
group_2503,0.02442459909457062
group_2508,0.019662337599861468
group_2516,0.014539772263434836
group_2526,0.007904913541130432
group_254,0.018676675927856934
group_2554,0.003950454794922731
group_2560,0.026684593636444154
group_2561,0.04615819446484615
group_2562,0.010957080445448852
group_2563,0.031936034961711046
group_2564,0.0032518236531413613
group_2569,0.019715344888671993
group_258,0.0036169344936609615
group_2581,0.03879578193199884
group_2584,0.02417290572207209
group_2594,0.028570252756608072
group_2598,0.004270715276059711
group_2609,0.010979008225963316
group_261,0.02670630809969654
group_262,0.026538027550280896
group_2622,0.035494142314725474
group_2637,0.036268373018881306
group_2658,0.015111008403842385
group_2663,0.03539935633220326
group_2673,0.035774811355552494
group_2683,0.041916062391403
group_2685,0.01607817204995965
group_2692,0.01749231934349904
group_2696,0.059886963929221215
group_2700,0.018176942363297588
group_2702,0.012886488311493416
group_2705,0.006849691438731265
group_272,0.04934914473929397
group_2729,0.019616332541337655
group_2744,0.020548745889858333
group_2745,0.01461457317716186
group_2746,0.012357270059894843
group_2748,0.055228221602693806
group_2756,0.029195796409194674
group_2760,0.016581236888792095
group_2767,0.002720076664623594
group_2769,0.016026019051694984
group_2780,0.013387956765982034
group_2782,0.021559157302954324
group_2785,0.011711404092587419
group_2787,0.012583628109304135
group_2789,0.026586481457794964
group_2791,0.010360478402932971
group_2796,0.011224963390675358
group_2799,0.01580762571249661
group_280,0.01905039293312427
group_2804,0.019263646450396354
group_2806,0.005532229613654405
group_2811,0.03394446467444401
group_2833,0.022493069897940643
group_284,0.028479316182252523
group_2843,0.005608283046710794
group_2852,0.06872653788920569
group_2855,0.006084745435924521
group_2856,0.03404561131625394
group_2858,0.023746094482982594
group_2863,0.021314418235672816
group_2867,0.0002490161201322838
group_2870,0.03988542174912002
group_2872,0.021433425465812617
group_2890,0.033314934169272004
group_2892,0.0012508448904176017
group_2894,0.041469516642843596
group_2898,0.038984119862145006
group_290,0.0018628084119745036
group_2901,0.01810850653686713
group_2904,0.019785055193281886
group_291,0.01830206982754845
group_2910,0.01956706871264635
group_292,0.04357218428535137
group_2920,0.01623854577428907
group_2924,0.037990355822949295
group_293,0.006859917939284976
group_2946,0.004878744165770499
group_2947,0.020558092124036698
group_2958,0.030518491859406804
group_296,0.015116407907184604
group_2967,0.012297861800047993
group_2970,0.0034319815514198826
group_2972,0.0012125950729378054
group_2974,0.032171800643588266
group_298,0.02982745500078221
group_2980,0.046946533350302966
group_2983,0.021125083546732926
group_2986,0.028024289858690876
group_299,0.040649299148773466
group_2990,0.009591956922804679
group_3007,0.01188403873521815
group_3011,0.04501132564754262
group_3014,0.03532494474619918
group_3015,8.858235876818554e-06
group_3016,0.018943486576347812
group_3020,0.01174648583907878
group_3025,0.005584385120128044
group_3032,0.010995367376748222
group_3033,0.01620488476056492
group_3034,0.022782573459256383
group_3037,0.017735265559599478
group_304,0.0014015061050345334
group_3058,0.022862350132992537
group_306,0.002864601673310485
group_3060,1.8091129716957255e-05
group_3061,0.03426098041733172
group_3062,0.0005047456445155252
group_3064,0.028948685497851345
group_3065,0.004893701207967727
group_3066,0.0010330856862785787
group_3069,0.013725581190657143
group_3071,0.03598689154908552
group_3072,0.013906798827601818
group_3073,0.030913610952709725
group_3078,0.00609747195871857
group_308,0.02460745348192539
group_3083,0.034961412127124225
group_3084,0.04601061002621898
group_3085,0.018288043629156148
group_3091,0.04517869585537859
group_3095,0.0336412400226207
group_3107,0.006816852627763659
group_3109,0.018725218311297143
group_311,0.010703033535938378
group_3116,0.013303964819574077
group_3130,0.039175595053620116
group_3132,0.03353303974663513
group_3134,0.017125882399880554
group_314,0.014127592508578646
group_3141,0.023172372610405834
group_3142,0.020847831591628507
group_3145,0.02645646024861592
group_3149,0.030622210829094998
group_3151,0.0522824049725108
group_3156,0.007931723960755699
group_3158,0.07834129846003024
group_3167,0.04313722502196127
group_3170,0.008899932982656233
group_3171,0.04245731830178623
group_3174,0.039934448758585095
group_3176,0.002249415342205463
group_3177,0.04466795255940048
group_318,0.019515257292216592
group_3180,0.03224870919365097
group_3183,0.022265435861581917
group_3184,0.01538210045475652
group_3185,0.03906465702321871
group_3186,0.046743808010700105
group_3188,0.014408703685860225
group_3191,0.00015558573159757394
group_3194,0.008871759893883002
group_3196,0.02618059229351677
group_32,0.019743128147801325
group_3200,0.02355029318670776
group_3207,0.004078724815612889
group_3210,0.0005899574746941472
group_3211,0.01695101376863617
group_322,0.03849084226038335
group_3223,0.004532885114818752
group_3235,0.04124209741254403
group_3236,0.008631257462302644
group_3245,0.013608555244574827
group_3248,0.05921648506095312
group_3251,0.016977124868573057
group_3253,0.0016031563066847276
group_3255,0.015673733380617394
group_3257,0.03882791576298783
group_326,0.025687529552131716
group_3260,0.002114494663463473
group_3267,0.027270776363369054
group_3271,0.01329348251043383
group_3273,0.016028955464027606
group_3281,0.018928504567370608
group_3285,0.0022206881408413093
group_3288,0.010221503861076453
group_3290,0.003709245922644211
group_3296,0.03389051444283875
group_33,0.0030016567810677852
group_3307,0.005998676893480548
group_3308,0.025331563779663835
group_3313,0.021499974954984236
group_3315,0.01539498287096741
group_3317,0.00012510765887441266
group_3318,0.03443240001963188
group_3325,0.017365411079006687
group_3326,0.014965504126561724
group_3336,0.01283949352869529
group_3338,0.01252184860121619
group_3340,0.009930972865847432
group_3341,0.020920143073336117
group_3343,0.011175860510261204
group_3344,0.038353316022383455
group_3349,0.019325280069077078
group_3356,0.0006635180545713215
group_3357,0.02168455919997081
group_3362,0.0019123354009011884
group_3368,0.028880564456576163
group_3372,0.016538496587465312
group_3379,0.02222910008699097
group_3381,0.011259480203715366
group_3386,0.014022838618787281
group_339,0.004274242367032555
group_3394,0.03539273858620007
group_3400,0.006569672976091789
group_3408,0.012272504979389032
group_3409,0.026699257073926397
group_341,0.054714949435256344
group_3410,0.02101050425165285
group_3414,0.044669640700023105
group_3415,0.05110712670848794
group_3416,0.009245743647258609
group_3422,0.0036785914358110627
group_3435,0.001299066908635682
group_3444,0.009036081944308494
group_3446,0.0022622474020175254
group_345,0.02171695687350539
group_3450,0.022519718503496433
group_3453,0.022395649917970495
group_3454,0.006782596783879047
group_3459,0.012292904664218396
group_3460,0.014297539061272513
group_3462,0.00439993695581431
group_3463,0.002069590853261527
group_3465,0.013796903399760696
group_3468,0.019516364152778465
group_347,0.025883017341381764
group_3489,0.0048726745090890144
group_3490,0.021418212615029963
group_3492,0.0006429702892543077
group_3493,0.002754859146109734
group_3499,0.0071220146555550645
group_3502,0.008015970437619702
group_3506,0.027414326245371434
group_351,0.002541094828516055
group_3515,0.0005394912428220433
group_3520,0.00936420467333643
group_3524,0.03799227675620798
group_3525,0.012505732477717135
group_3526,0.02190474758143046
group_3539,0.015273689104734256
group_354,0.012852842817918875
group_3544,0.02448912566916417
group_3547,0.02500985486013052
group_3550,0.0545213981090249
group_3556,0.011072924669070838
group_3559,0.0014378387755955568
group_357,0.004082009792249819
group_3572,0.03305855818980907
group_3574,0.010894970632056022
group_3580,0.037617611259832984
group_3583,0.004347093949951475
group_3586,0.02162539730208035
group_3591,0.026903370049456976
group_3592,0.0017171424944968372
group_3596,0.002668173814655228
group_3598,0.03859383155239349
group_3600,0.007185012308003724
group_3604,0.049549089319731676
group_3608,0.012810529594594833
group_3610,0.047590700951947396
group_3614,0.0006490357944162195
group_3621,0.022427068909120607
group_3622,0.022386875222655034
group_3623,0.011441981413966129
group_3628,0.00965417501206578
group_3634,0.034228337525431085
group_3639,0.022546402427585877
group_364,0.0010553810204572134
group_3645,0.040653556272994607
group_3646,0.045855408307705625
group_3649,0.008668378921650843
group_3664,0.00020077419960462528
group_3667,0.035293515164828815
group_367,0.03627707671886027
group_3670,0.0027318033245935514
group_3673,0.022513421196420635
group_3676,0.020745013703575843
group_3677,0.023652186073835457
group_3681,0.02042349266914889
group_3682,0.022815979029574773
group_3693,0.03424468827707594
group_3694,0.009893902349108474
group_3697,0.008069744652467792
group_3698,0.03447927661865191
group_370,0.006769610332929554
group_3700,0.03828453980014901
group_3702,0.02806370172696182
group_3703,0.023643849014570728
group_371,1.6282989026228378e-05
group_3715,0.04094631066661791
group_3717,0.04722229354513119
group_3719,0.02586981704559621
group_3728,0.05529374237982121
group_373,0.0018476598328700522
group_3739,0.009591659848879663
group_374,0.007941175731952521
group_3753,0.009180379580398634
group_3754,0.013716217245249185
group_3758,0.018645625371147778
group_3759,0.034953127240548554
group_3761,0.007609392178692387
group_3764,0.018094531281083848
group_3766,0.05644404863640862
group_3769,0.02161592380267363
group_3770,0.007848123122121464
group_3773,0.013027644073454248
group_3776,0.04394769344987992
group_3777,0.0020588216952364125
group_3778,0.026452157665753262
group_3780,0.0027948359478311424
group_3784,0.05081021323186263
group_3785,0.00039075945670408174
group_3786,0.01440263864197866
group_379,0.007612217076586658
group_3791,0.015059014393415282
group_3793,0.0069330419945297095
group_3796,0.01872397049125718
group_3809,0.0133493643616176
group_381,0.01099310764294481
group_3810,0.0634442605265022
group_3811,0.020315291797343926
group_3813,0.0003890956966510206
group_3825,0.02837696572459225
group_3826,0.004818764995053071
group_3827,0.01215019688728236
group_383,0.027958237350160342
group_3837,0.03335900609944731
group_3841,0.0421231011890455
group_3845,0.004140955320993678
group_3848,0.01253492898342401
group_3849,0.0013820624614295784
group_3852,0.023232384195652322
group_3855,0.0005801229948634301
group_3856,0.020339968153133547
group_3865,0.013687360356937184
group_3867,0.014976873726987305
group_3874,0.02804600875624841
group_3878,0.026645330761610797
group_3880,0.023739266530043324
group_3883,0.002333284405545477
group_3890,0.005354295796079489
group_3895,0.027768142203214108
group_3899,0.007016943693429312
group_39,0.0212621618914699
group_3901,0.0038838143759336585
group_391,0.03348127694319447
group_3918,0.02132068709804069
group_3919,0.013106664674185309
group_3921,0.010155267878930285
group_3923,0.016891521930621156
group_3933,0.03448847878932293
group_3936,0.0014295510156299152
group_394,0.01261514332538316
group_3941,0.012087380633190925
group_3945,0.04075151726712645
group_3950,0.002528790453795615
group_3953,0.01728746267891057
group_3956,0.016489854247073943
group_3966,0.02157691429498465
group_3968,0.01661916813477715
group_3971,0.013906463240864309
group_3978,0.07552052389002983
group_398,0.032646954410293194
group_3985,0.03031697618137552
group_3986,0.01614281438661136
group_3992,0.022708728586753768
group_3997,0.006133090702390653
group_3998,0.017801480726485686
group_4006,0.03827171833055654
group_4007,0.01751018741801924
group_4009,0.001345105880848907
group_401,0.01676941870449089
group_4013,0.001457571093985699
group_4015,0.0014488487698267605
group_4016,0.007126405118524026
group_4017,0.017601899999861725
group_4019,0.0005005017532646594
group_4020,0.04590781537514599
group_4023,0.0013114959058342368
group_4028,0.013748126673131855
group_4031,0.027594381710661642
group_4041,0.0011635151988635961
group_4045,0.008079220342954052
group_405,0.05528789795270583
group_4060,0.010337008832483674
group_4061,0.023859491818053913
group_4062,0.017535085755195468
group_4066,0.06403439893926999
group_407,0.02312945857950144
group_4070,0.052283069234919655
group_4075,0.008275008175619325
group_4077,0.009787086470480544
group_4078,0.014198055814335753
group_409,0.047358929243665804
group_41,0.039384079416269646
group_410,0.002242338153920276
group_4138,0.0026913032521127533
group_4140,0.004146291148477532
group_4142,0.011015800523596964
group_4145,0.02361596204432259
group_4162,0.022771710481504392
group_4165,0.03716124723390313
group_4168,0.0012065162387062678
group_4169,0.0026931302154502568
group_4170,0.03625665749690121
group_4172,0.023745642207559925
group_4177,0.027662856611351483
group_418,0.0032286685026670092
group_4180,0.03475544445045364
group_4182,0.014016954290952732
group_4183,0.028600871820981366
group_4184,0.0008069477923555723
group_4187,0.02689971222404597
group_4190,0.02358980127990673
group_4191,0.04481797963895784
group_4194,0.017185932963286854
group_4195,0.01258105651178587
group_42,0.008149247258618653
group_4204,0.027731539482048095
group_4209,0.006237822863972564
group_4210,0.005863269794986081
group_4211,0.037646351242497156
group_4212,0.016722854238265805
group_4214,0.006143740629148464
group_4215,0.00046204569557817265
group_4216,0.001078320714735126
group_4217,0.025149094522662674
group_422,0.03750748315060859
group_4220,0.02188820278466852
group_4221,0.024508743138446087
group_423,0.03438018758351902
group_424,0.008432174524061198
group_4273,0.05389285550222689
group_4274,0.00320113794809318
group_4276,0.005374436933472726
group_4277,0.007364024819231041
group_4278,0.050734841407264364
group_4283,0.038427062844057946
group_4284,0.0006532672695476194
group_4286,0.03204404520955961
group_4287,0.00981576989829569
group_4289,0.021583433238880678
group_4290,0.014258795472390728
group_4291,0.017316106667286002
group_4293,0.027327747729065432
group_4294,0.008136009714473369
group_4295,0.004509819616032695
group_4296,0.023003077538820582
group_4299,0.007307419729069231
group_430,0.03792026326137554
group_4302,0.03215095822606595
group_4309,0.03647380703304037
group_4310,0.028372555810983746
group_4311,0.012653449937962247
group_4314,0.0017517896767949015
group_4315,0.026108270586769455
group_4316,0.016299527546680403
group_434,0.035916500167268994
group_4395,0.028278117890844667
group_4396,0.02130410756112955
group_4397,0.011669227225551193
group_44,0.012937714117752908
group_440,0.022659961306519927
group_4404,0.030281326260022334
group_4405,0.018086894454458102
group_4406,0.0031217452611207452
group_4408,0.050348248853593125
group_4409,0.0010032776866719662
group_4411,0.03421470796056192
group_4412,0.022199853916805345
group_4416,0.01834953354950919
group_4417,0.027355532814094863
group_4419,0.022207848985005718
group_4423,0.01734766246639463
group_4428,0.009116802243149591
group_4430,0.054444010164119705
group_4440,0.024076168628690553
group_4446,0.0023294186101283643
group_4500,0.05692575441451764
group_451,0.012423189200345908
group_452,0.04389134599420319
group_458,0.023111859911716826
group_4614,0.015625912695212962
group_4617,0.005110754884358526
group_4619,0.012636401000608366
group_4620,0.02541719027172573
group_4622,0.0029665331734172184
group_4624,0.006575507178167017
group_4636,0.030262990985749694
group_4637,0.04507084944841755
group_4639,0.05564207483665551
group_464,0.010852324364577504
group_4640,0.03181708910797165
group_465,0.01209635438377532
group_466,0.003023653532551185
group_470,0.028390448717743322
group_4701,0.019449397295047355
group_4705,0.004824922112343311
group_472,0.019341272659370246
group_4736,0.015940037422089492
group_4739,0.04879434443747033
group_4742,0.0040562339275476145
group_4743,0.024417354288668314
group_4745,0.02649556752459925
group_475,0.006473981479523383
group_4750,0.005882495243544339
group_477,0.01585557055909881
group_479,0.03844055811878877
group_488,0.03758034313266756
group_49,0.013828017283026073
group_493,0.010046812159539176
group_494,0.029130952310595815
group_495,0.011563041916673455
group_496,0.018481437111140142
group_497,0.0355355988257835
group_498,0.01835443262171932
group_499,0.009468407218718111
group_5,0.04273242272944544
group_505,0.023866835039964895
group_506,0.022689177810870653
group_5060,0.0411327067521452
group_509,0.020943637706665186
group_51,0.004585130282591443
group_5105,0.02131866947857386
group_5106,0.0422611311928478
group_5107,0.002366905979830136
group_513,0.014723707766162608
group_528,0.015894112386033887
group_530,0.02480612761077383
group_532,0.04507276772931634
group_538,0.02252871252925326
group_539,0.030154784271064328
group_543,0.006753071020357826
group_545,0.01357081736139687
group_546,0.056537477516173995
group_548,0.018052830829789812
group_550,0.010530158374231657
group_555,0.018208866033200044
group_557,0.02214465646097996
group_558,0.015230251309618748
group_560,0.02149923929988584
group_562,0.02108314810211276
group_566,0.0073628142475508085
group_567,0.02577944827808132
group_571,0.020338059857024415
group_581,0.00483261102516841
group_586,0.010912942052514252
group_591,0.007695137902022253
group_598,0.020285507947666703
group_600,0.00941807318200416
group_602,0.007430652370430613
group_610,0.014093983898183282
group_613,0.0552257827481033
group_617,0.029380279595422998
group_618,0.02010319713073283
group_619,0.033539042940558206
group_62,0.0009134843082880817
group_624,0.07279557886132104
group_627,0.043581448956118374
group_629,0.02783380485276976
group_630,0.020262776905705326
group_632,0.0375457066366891
group_633,0.026920549577098107
group_634,0.0377769905509886
group_635,0.0356268103806745
group_645,0.05995920493118989
group_65,0.004884838289511473
group_654,0.02489516739219
group_655,0.018176233366339112
group_658,0.02371936349000614
group_660,0.010092210788633205
group_661,0.029941161825898233
group_663,0.00129500683746131
group_665,0.033870556673852414
group_677,0.03665653105113731
group_681,0.06913332708762954
group_682,0.020361510803294403
group_688,0.004990377498879983
group_690,0.0204171631869019
group_691,0.09311071971022145
group_699,0.017872978952346186
group_7,0.016829459042857042
group_708,0.014238541907609426
group_71,0.0004970973147195856
group_714,0.024019613433647446
group_72,0.0142731081544889
group_721,0.017955763431104277
group_725,0.04540835640856056
group_729,0.024537096626136234
group_730,0.030268685737117496
group_732,0.006761023545089007
group_733,0.0034978140096724175
group_735,0.03391496084044099
group_738,0.05874468802875343
group_740,0.009338684512011364
group_743,0.016006609917599723
group_745,0.01168591471159064
group_750,0.0029015658265711952
group_754,0.004742970791742351
group_755,0.025755874083563723
group_756,0.012481496211870446
group_760,0.03789038606016004
group_762,0.026929926851576136
group_763,0.019261217273075948
group_765,0.01036349862407393
group_767,0.04804075735837987
group_768,0.0026847865829460194
group_769,0.01725485817895933
group_770,0.007215745308535526
group_771,0.034873335046662124
group_772,0.01371465902221436
group_776,0.012737776427684588
group_777,0.008756122362137964
group_778,0.019581679150979303
group_782,0.021265420306067373
group_786,0.0017084698348170946
group_79,0.02696178661497961
group_790,0.0536698095873136
group_792,0.0019292856276791337
group_80,0.007295099834198737
group_802,0.002629702467458861
group_803,0.03305734094878865
group_804,0.00108514337256449
group_809,0.025235200082826648
group_812,0.027004424848498187
group_813,0.02406599672254539
group_822,0.01487447119273777
group_828,0.05156046968681727
group_831,0.0031580766535515004
group_832,0.03781289199202664
group_844,0.030101447724439012
group_845,0.01735694169004387
group_846,0.0012469921069397927
group_847,0.0087864301105669
group_848,0.014003792291015893
group_856,0.00030184141476574666
group_857,0.009250722511298104
group_858,0.006043048088660852
group_860,0.02759344050727708
group_861,0.01414081129400424
group_862,0.019164935655246795
group_863,0.03547060559920712
group_871,0.00980244521067175
group_874,0.03481801812892926
group_875,0.021029514069484723
group_882,0.002784034836556426
group_888,0.031081188678882654
group_889,0.003261130447880456
group_890,0.029290032798026555
group_895,0.013717620266786579
group_896,0.014837773745802751
group_90,0.016324707437632036
group_901,0.019815784176833162
group_902,0.009297840772984012
group_907,0.006493856583291047
group_908,0.03279316846294278
group_910,0.049191176272995296
group_911,0.017828904831090897
group_914,0.004673141255864488
group_915,0.0032008688104374627
group_916,0.02257548499713402
group_919,0.022712496879112365
group_920,0.04358608953136467
group_922,0.008258974717339607
group_923,0.057680244766323385
group_928,0.02379150644114647
group_93,0.02812704566614488
group_935,0.01801573487808339
group_936,0.010161024259227158
group_942,0.027613740372536277
group_943,0.0419004413174362
group_947,0.006688355099937038
group_948,0.009416659935427285
group_949,0.030464538523771623
group_952,0.03894001470059005
group_953,0.0028149106224659715
group_955,0.015886161370072927
group_96,0.004903094002595587
group_962,0.003198562746824951
group_966,0.02654039524282248
group_970,0.0012689396552241217
group_975,0.004133387695976598
group_980,0.01534872592473735
group_982,0.039138355324004115
group_988,0.031092985722491306
group_990,0.013470563149297732
group_995,0.01145894183361107
group_998,0.029724363958093525
hbp,0.044945524008559445
hcaB,0.023625752154783797
hcp1,0.019944891007480203
hemR_1~~~hemR,0.0014247242490579293
hemR_1~~~hemR_2~~~hemR,0.02402291899490372
hha_1,0.0028952273974136578
higB2,0.014503498569442996
hin_1,0.044559186437014286
hin~~~hin_4,0.0014747053393076026
hin~~~hin_4~~~hin_2,0.0228108172584085
hipA_2~~~hipA_1~~~hipA,0.01307155678515226
hmuU,0.0006846459083083012
hns,0.010169127372655629
holE,0.009384621051236719
hsdR,0.025448589326666937
imm,0.013526213363969974
iucA~~~iucA_2~~~iucA_1,0.006577739888650624
iucB~~~iucB_1~~~iucB_2,0.036933459504816746
iucC_2~~~iucC~~~iucC_1,0.007303262981296577
iucD,0.008452622047469438
iutA,0.03783261627645684
kdgT,0.02782474765855647
klcA_1~~~klcA,0.010079020487247181
klcA_1~~~klcA~~~klcA_2,0.011899664421984424
klcB,0.005103771729921824
korB,0.012337133986971338
lsoA,0.014802202475529658
lsoB,0.01569152878431912
ltrA,0.02375762354213573
ltxD~~~hlyD,0.005736718493938309
macA,0.011538169094046369
macB,0.009545947164990798
mbeA~~~mbeA_1,0.02117255475488289
mbeC,0.0018908346983901314
mbeC~~~mbeC_1,0.015431765299130928
mcbA,0.0077727386507637775
mcbC,0.01919319360031846
mcjA,0.020729442976398227
mcr11,0.03378392319795687
mdtH,0.036189617570998145
mdtL~~~bcr~~~cmlA1,0.02242975699905747
merT,0.020427663889581504
metG,0.004236720853000753
mmuM,0.02348181400906668
mntB_2,0.009610212635888793
mntB_3~~~mntB~~~mntB_1,0.039012793977870164
mpa,0.01815137227752217
nanE,0.023972872720025462
ngcG,0.024654440096223418
noc_1~~~noc~~~noc_2,0.05807065345093321
noc~~~noc_1~~~noc_2,0.012771139454533564
noc~~~noc_2,0.05531384120438543
nqrC~~~nqrC_1~~~nqrC_2,0.015204983592878474
ntdA,0.015133827723261994
ntdB,0.01509729329075471
ntdC,0.017861804444527563
nucH~~~yhcR~~~yhcR_2,0.04362410559278662
ompT,0.0011849875999254689
pal,0.04036635106807185
papB,0.001590106051826412
papC_1~~~papC,0.016454083405934128
papC~~~papC_1~~~papC_2,0.007876450499441967
papD_2~~~papD,0.0012696087514634247
papD_2~~~papD_1,0.010765600871813996
papH_1~~~papH_2,0.01380945427097724
parM_1~~~parM_2,0.03838506691409882
parM_1~~~parM_2~~~parM,0.013902424897899612
pemI_1~~~pemI,0.037021865413986
pemK~~~pemK_1,0.007784658356410512
pndA_1~~~pndA,0.010610849919953091
prsF,0.028111286506090183
psiB_1~~~psiB,0.020017498650162446
psiB_2~~~psiB,0.016170036729270088
psiB~~~psiB_2~~~psiB_3~~~psiB_1,0.03170922970134904
ptsG,0.018164406099280717
pvuIIM,0.040388285873495855
qmcA,0.026725069274037727
rbsK,0.005514390522893153
rcbA,0.0018400345094136128
rdgC,0.008720007886623415
rdmC~~~rutD,0.0348460279822449
repA,0.03629678858717056
repA_1,0.017674518780534276
repA_2~~~repA_1~~~repA,0.0006157211539159491
repB_2,0.03303809194612084
repE_2,0.034075988602140006
repE~~~repE_2~~~repE_1,0.0028997903214393883
resA_2~~~resA_1,0.01983032966117748
rfaH,0.005827148198461973
rhmR,0.02225497345475147
rob,0.019707700028086084
rop_1,0.0021068131022876635
rop~~~rop_1,0.0721765761139026
rpoS,0.026496970911316753
silE_2~~~silE,0.0036061324694360852
silP,0.011805264663155679
smc,0.013753188433029528
ssb_1~~~ssb_2,2.1721553651321557e-06
ssb_2~~~ssb,0.038162719040743864
ssb~~~ssb_2~~~ssb_1~~~ssb_4,0.04073508074623278
stbB,0.019612812571374594
stpA~~~stpA_2,0.00789371511402237
tap,0.02580846566300088
tetC,0.020674976562871317
tibC,0.03023905065023813
tnpA,0.016886005387090508
topB~~~topB_1~~~topB_2,0.0007487161904999873
topB~~~topB_2,0.0232463456610863
traA_1~~~traA~~~traA_2,0.0030488768799219468
traA~~~traA_1,0.02554253100109305
traC_2~~~traC_3~~~traC_1~~~traC_4~~~traC,0.008474385996706246
traC~~~traC_2~~~traC_1~~~traC_5,0.022690685719289005
traD_1~~~traD_2~~~traD,0.008085556581031605
traD_2~~~traD~~~traD_1~~~traD_4~~~traD_3,0.03602357278395085
traI_1,0.03523766124991479
traI_1~~~traI_2~~~traI_9~~~traI_8~~~traI_7~~~traI_6~~~traI_5~~~traI_4~~~traI_3~~~traI,0.01339189016774811
traI~~~traI_1~~~traI_10~~~traI_11~~~traI_12~~~traI_13~~~traI_2~~~traI_14,0.042031215694475765
traJ_2,0.020217175601714654
traM_1~~~traM_2~~~traM~~~traM_3,0.0017969349190227746
traM_2~~~traM,0.02105766310327617
traN~~~traN_1~~~traN_2,0.007660186524788726
traQ,0.0048528707980100005
traR,0.008552675840096668
traS,0.013605954980427049
traY,0.008811743474806066
traY_2,0.006632140435238965
ugpB,0.04120368193788693
ugpC,0.020331713561248854
ulaA,0.021534863338668053
ulaC,0.022225108765755675
umuC~~~umuC_2~~~umuC_1,0.006823029647363477
uvrD~~~yjcD,0.013829259807955907
vapC,0.004283410758553874
vapC_1~~~vapC_2~~~vapC,0.01964630322863159
vapC_2,0.017379512687067944
virB4,0.033439138823678105
virB4_3,0.059763626212120835
virB8,0.021060861167074396
xerC,0.015145054086640242
xerC_1~~~xerC~~~xerC_3~~~xerC_4,0.04258605794394876
xerC_6~~~xerC_5~~~xerD~~~xerC,0.015724095353600642
xerD,0.03850155403709965
xerD~~~xerC_2~~~xerC_4~~~xerC~~~xerC_5~~~xerC_3~~~xerC_1,0.010101915129845818
xni,0.007205312894514648
ybbJ,0.018574230952505655
yceD_1,0.0008178916890080323
yceD_2,0.06042775204403217
yceD_4,0.014394105894286913
ydiV~~~pdeH,0.0034073675068693188
yhcR,0.0357357463117578
yhcR~~~nucH,0.008213938346799399
yhdJ_1~~~yhdJ,0.05221303269003541
yhdJ_2,0.020364568272794425
yhdJ_2~~~yhdJ~~~yhdJ_1,0.0039016336989243783
yhdJ~~~yhdJ_2,0.041200607868574046
ylpA_2~~~ylpA,0.012296932782143166
yokD,0.01579549516345291
yqjE,0.009089418490933587
yqjZ,0.0019395644128998857
znuC,0.03320995081190414
