antecedents,consequents,antecedent support,consequent support,support,confidence,lift,representativity,leverage,conviction,zhangs_metric,jaccard,certainty,kulczynski
['group_6803'],['group_8961'],0.23421588594704684,0.1955193482688391,0.18126272912423624,0.7739130434782608,3.9582427536231886,1.0,0.1354689917496609,3.5582798057339806,0.9759442983504664,0.7295081967213114,0.7189653274628508,0.850498188405797
['group_8961'],['group_6803'],0.1955193482688391,0.23421588594704684,0.18126272912423624,0.9270833333333333,3.958242753623188,1.0,0.1354689917496609,10.502182135583347,0.9290001422272792,0.7295081967213114,0.9047816932624112,0.850498188405797
['group_412'],['group_6374'],0.2240325865580448,0.24236252545824846,0.20162932790224034,0.9,3.7134453781512606,1.0,0.14733222443908894,7.576374745417517,0.9416739574219889,0.7615384615384616,0.8680107526881721,0.8659663865546219
['group_6374'],['group_412'],0.24236252545824846,0.2240325865580448,0.20162932790224034,0.8319327731092437,3.7134453781512606,1.0,0.14733222443908894,4.617006109979634,0.9644563918757466,0.7615384615384616,0.7834094267628312,0.8659663865546219
['group_596'],['dltA_2~~~tycC~~~dltA_3~~~angR~~~lgrD~~~grsB_1'],0.27494908350305497,0.2769857433808554,0.27494908350305497,1.0,3.610294117647059,1.0,0.1987921072170764,inf,0.9971910112359551,0.9926470588235293,1.0,0.9963235294117647
['group_3432'],['dltA_2~~~tycC~~~dltA_3~~~angR~~~lgrD~~~grsB_1'],0.27494908350305497,0.2769857433808554,0.27494908350305497,1.0,3.610294117647059,1.0,0.1987921072170764,inf,0.9971910112359551,0.9926470588235293,1.0,0.9963235294117647
['dltA_1~~~dltA_2'],['dltA_2~~~tycC~~~dltA_3~~~angR~~~lgrD~~~grsB_1'],0.2668024439918534,0.2769857433808554,0.2668024439918534,1.0,3.610294117647059,1.0,0.19290197070694082,inf,0.986111111111111,0.9632352941176469,1.0,0.9816176470588236
['dltA_2~~~tycC~~~dltA_3~~~angR~~~lgrD~~~grsB_1'],['srfAA_1~~~srfAA'],0.2769857433808554,0.2769857433808554,0.2769857433808554,1.0,3.610294117647059,1.0,0.2002646413446103,inf,0.9999999999999999,1.0,1.0,1.0
['srfAA_1~~~srfAA'],['dltA_2~~~tycC~~~dltA_3~~~angR~~~lgrD~~~grsB_1'],0.2769857433808554,0.2769857433808554,0.2769857433808554,1.0,3.610294117647059,1.0,0.2002646413446103,inf,0.9999999999999999,1.0,1.0,1.0
['group_596'],['srfAA_1~~~srfAA'],0.27494908350305497,0.2769857433808554,0.27494908350305497,1.0,3.610294117647059,1.0,0.1987921072170764,inf,0.9971910112359551,0.9926470588235293,1.0,0.9963235294117647
['group_3432'],['srfAA_1~~~srfAA'],0.27494908350305497,0.2769857433808554,0.27494908350305497,1.0,3.610294117647059,1.0,0.1987921072170764,inf,0.9971910112359551,0.9926470588235293,1.0,0.9963235294117647
['dltA_1~~~dltA_2'],['srfAA_1~~~srfAA'],0.2668024439918534,0.2769857433808554,0.2668024439918534,1.0,3.610294117647059,1.0,0.19290197070694082,inf,0.986111111111111,0.9632352941176469,1.0,0.9816176470588236
['dltA_2~~~tycC~~~dltA_3~~~angR~~~lgrD~~~grsB_1'],['group_596'],0.2769857433808554,0.27494908350305497,0.27494908350305497,0.9926470588235293,3.610294117647059,1.0,0.1987921072170764,98.60692464358338,1.0,0.9926470588235293,0.9898587243886319,0.9963235294117647
['dltA_2~~~tycC~~~dltA_3~~~angR~~~lgrD~~~grsB_1'],['group_3432'],0.2769857433808554,0.27494908350305497,0.27494908350305497,0.9926470588235293,3.610294117647059,1.0,0.1987921072170764,98.60692464358338,1.0,0.9926470588235293,0.9898587243886319,0.9963235294117647
['srfAA_1~~~srfAA'],['group_596'],0.2769857433808554,0.27494908350305497,0.27494908350305497,0.9926470588235293,3.610294117647059,1.0,0.1987921072170764,98.60692464358338,1.0,0.9926470588235293,0.9898587243886319,0.9963235294117647
['srfAA_1~~~srfAA'],['group_3432'],0.2769857433808554,0.27494908350305497,0.27494908350305497,0.9926470588235293,3.610294117647059,1.0,0.1987921072170764,98.60692464358338,1.0,0.9926470588235293,0.9898587243886319,0.9963235294117647
['dltA_2~~~tycC~~~dltA_3~~~angR~~~lgrD~~~grsB_1'],['dltA_1~~~dltA_2'],0.2769857433808554,0.2668024439918534,0.2668024439918534,0.9632352941176471,3.610294117647059,1.0,0.19290197070694082,19.9429735234216,0.9999999999999999,0.9632352941176469,0.9498570261437909,0.9816176470588236
['srfAA_1~~~srfAA'],['dltA_1~~~dltA_2'],0.2769857433808554,0.2668024439918534,0.2668024439918534,0.9632352941176471,3.610294117647059,1.0,0.19290197070694082,19.9429735234216,0.9999999999999999,0.9632352941176469,0.9498570261437909,0.9816176470588236
['group_596'],['group_3432'],0.27494908350305497,0.27494908350305497,0.2729124236252546,0.9925925925925927,3.6100960219478746,1.0,0.19731542510608469,97.8818737270889,0.9971700486332383,0.985294117647059,0.9897836038285478,0.9925925925925927
['group_3432'],['group_596'],0.27494908350305497,0.27494908350305497,0.2729124236252546,0.9925925925925927,3.6100960219478746,1.0,0.19731542510608469,97.8818737270889,0.9971700486332383,0.985294117647059,0.9897836038285478,0.9925925925925927
['dltA_1~~~dltA_2'],['group_596'],0.2668024439918534,0.27494908350305497,0.26476578411405294,0.9923664122137403,3.6092733955329375,1.0,0.19140869666211768,94.98167006109826,0.9860042735042734,0.9558823529411765,0.9894716528004115,0.9776646875883517
['dltA_1~~~dltA_2'],['group_3432'],0.2668024439918534,0.27494908350305497,0.26476578411405294,0.9923664122137403,3.6092733955329375,1.0,0.19140869666211768,94.98167006109826,0.9860042735042734,0.9558823529411765,0.9894716528004115,0.9776646875883517
['group_596'],['dltA_1~~~dltA_2'],0.27494908350305497,0.2668024439918534,0.26476578411405294,0.962962962962963,3.6092733955329375,1.0,0.19140869666211768,19.79633401221999,0.9970829732065687,0.9558823529411765,0.949485596707819,0.9776646875883517
['group_3432'],['dltA_1~~~dltA_2'],0.27494908350305497,0.2668024439918534,0.26476578411405294,0.962962962962963,3.6092733955329375,1.0,0.19140869666211768,19.79633401221999,0.9970829732065687,0.9558823529411765,0.949485596707819,0.9776646875883517
['group_6374'],['group_298'],0.24236252545824846,0.29124236252545826,0.23828920570264767,0.9831932773109244,3.375859434682964,1.0,0.16770297120055086,42.17107942973538,0.9289127837514934,0.8068965517241379,0.9762870665507584,0.9006875477463713
['group_298'],['group_6374'],0.29124236252545826,0.24236252545824846,0.23828920570264767,0.8181818181818181,3.375859434682964,1.0,0.16770297120055086,4.167006109979632,0.9929757343550448,0.8068965517241379,0.7600195503421309,0.9006875477463713
['group_412'],['group_298'],0.2240325865580448,0.29124236252545826,0.20773930753564154,0.9272727272727272,3.183852511125238,1.0,0.14249152774378734,9.745417515274944,0.8839483299881632,0.6754966887417216,0.8973876698014629,0.8202797202797203
['group_298'],['group_412'],0.29124236252545826,0.2240325865580448,0.20773930753564154,0.7132867132867132,3.183852511125238,1.0,0.14249152774378734,2.7064229298097455,0.967771016452558,0.6754966887417216,0.630508599012536,0.8202797202797203
['intQ_1~~~intQ'],['rrrD_4~~~rrrD_3~~~rrrD_1~~~rrrD_2~~~rrrD'],0.2606924643584521,0.29938900203665986,0.24643584521384929,0.9453125000000001,3.157472363945579,1.0,0.1683873884710948,12.811172534186817,0.9242310406848349,0.785714285714286,0.9219431322674421,0.8842208758503403
['rrrD_4~~~rrrD_3~~~rrrD_1~~~rrrD_2~~~rrrD'],['intQ_1~~~intQ'],0.29938900203665986,0.2606924643584521,0.24643584521384929,0.8231292517006803,3.157472363945579,1.0,0.1683873884710948,4.179931066896445,0.9752786853738229,0.785714285714286,0.7607616049174492,0.8842208758503403
['cbtA_2~~~cbtA_3~~~cbtA_1~~~cbtA_4'],['cbeA_1~~~cbeA_2~~~cbeA_3~~~cbeA_4~~~cbeA~~~cbeA_5'],0.18737270875763748,0.1955193482688391,0.11405295315682282,0.6086956521739131,3.1132246376811596,1.0,0.07741796325716253,2.0558949988685224,0.8353025420694593,0.42424242424242437,0.5135938359933958,0.5960144927536233
['group_10462'],['group_10305'],0.164969450101833,0.2240325865580448,0.1120162932790224,0.6790123456790124,3.0308641975308643,1.0,0.07505776066965045,2.4174369418768604,0.8024390243902438,0.40441176470588236,0.5863387446939503,0.5895061728395061
['rrrD_5~~~rrrD_3'],['klcA_3~~~klcA_2~~~klcA_4~~~klcA_1~~~klcA_5'],0.14052953156822812,0.2830957230142566,0.11608961303462322,0.826086956521739,2.918048170159524,1.0,0.07630630369046087,4.122199592668022,0.7647792466949364,0.37748344370860926,0.7574110671936758,0.618079449483891
['rrrD_5~~~rrrD_3'],['cbtA_2~~~cbtA_4~~~cbtA_1~~~cbtA_3~~~cbtA'],0.14052953156822812,0.3014256619144603,0.11812627291242363,0.8405797101449275,2.788679984332158,1.0,0.07576706584094142,4.381966302536566,0.7462820722340252,0.36477987421383645,0.7717919465923014,0.6162358010184097
['group_10462'],['group_10611'],0.164969450101833,0.29938900203665986,0.13238289205702647,0.802469135802469,2.6803560930545056,1.0,0.08299285302450213,3.5468431771894076,0.7507692307692307,0.3987730061349693,0.7180591444157334,0.6223230032753841
['cbtA_2~~~cbtA_4~~~cbtA'],['group_10611'],0.14052953156822812,0.29938900203665986,0.109979633401222,0.7826086956521738,2.614019520851819,1.0,0.0679066371883309,3.2228105906313633,0.7184044233807269,0.3333333333333333,0.6897118301314458,0.574977817213842
['group_5512'],['rrrD_4~~~rrrD_3~~~rrrD_1~~~rrrD_2~~~rrrD'],0.21384928716904278,0.29938900203665986,0.164969450101833,0.7714285714285715,2.5766763848396503,1.0,0.1009453254300422,3.0651731160896136,0.7783534830166955,0.47368421052631593,0.6737541528239204,0.6612244897959184
['group_5512'],['intQ_1~~~intQ'],0.21384928716904278,0.2606924643584521,0.1425661914460285,0.6666666666666666,2.557291666666667,1.0,0.08681729377263242,2.2179226069246436,0.7746113989637304,0.42944785276073616,0.5491276400367309,0.6067708333333333
['group_6374'],['dltA_1~~~dltA_2'],0.24236252545824846,0.2668024439918534,0.164969450101833,0.680672268907563,2.551222015523767,1.0,0.10030653597753453,2.296066030657091,0.8025355104208151,0.4792899408284024,0.5644724556489262,0.649496439797293
['dltA_1~~~dltA_2'],['group_6374'],0.2668024439918534,0.24236252545824846,0.164969450101833,0.6183206106870229,2.551222015523767,1.0,0.10030653597753453,1.9850101832993892,0.829286694101509,0.4792899408284024,0.4962242469014201,0.649496439797293
['group_6374'],['dltA_2~~~tycC~~~dltA_3~~~angR~~~lgrD~~~grsB_1'],0.24236252545824846,0.2769857433808554,0.1710794297352342,0.7058823529411765,2.5484429065743943,1.0,0.10394846545351977,2.458248472505092,0.8019713261648745,0.4912280701754385,0.5932062966031483,0.6617647058823529
['group_6374'],['srfAA_1~~~srfAA'],0.24236252545824846,0.2769857433808554,0.1710794297352342,0.7058823529411765,2.5484429065743943,1.0,0.10394846545351977,2.458248472505092,0.8019713261648745,0.4912280701754385,0.5932062966031483,0.6617647058823529
['dltA_2~~~tycC~~~dltA_3~~~angR~~~lgrD~~~grsB_1'],['group_6374'],0.2769857433808554,0.24236252545824846,0.1710794297352342,0.6176470588235293,2.5484429065743943,1.0,0.10394846545351977,1.9815133949553498,0.84037558685446,0.4912280701754385,0.4953352308665401,0.6617647058823529
['srfAA_1~~~srfAA'],['group_6374'],0.2769857433808554,0.24236252545824846,0.1710794297352342,0.6176470588235293,2.5484429065743943,1.0,0.10394846545351977,1.9815133949553498,0.84037558685446,0.4912280701754385,0.4953352308665401,0.6617647058823529
['group_6374'],['group_596'],0.24236252545824846,0.27494908350305497,0.1690427698574338,0.6974789915966386,2.5367569249922193,1.0,0.10240541560720255,2.3966960850871235,0.7995854385283067,0.48538011695906436,0.5827589462751392,0.6561469032057268
['group_6374'],['group_3432'],0.24236252545824846,0.27494908350305497,0.1690427698574338,0.6974789915966386,2.5367569249922193,1.0,0.10240541560720255,2.3966960850871235,0.7995854385283067,0.48538011695906436,0.5827589462751392,0.6561469032057268
['group_596'],['group_6374'],0.27494908350305497,0.24236252545824846,0.1690427698574338,0.6148148148148148,2.5367569249922193,1.0,0.10240541560720255,1.9669434435218551,0.8355218627318263,0.48538011695906436,0.49159697331740343,0.6561469032057268
['group_3432'],['group_6374'],0.27494908350305497,0.24236252545824846,0.1690427698574338,0.6148148148148148,2.5367569249922193,1.0,0.10240541560720255,1.9669434435218551,0.8355218627318263,0.48538011695906436,0.49159697331740343,0.6561469032057268
['rrrD_5~~~rrrD_3'],['cbeA_5~~~cbeA_3~~~cbeA_1~~~cbeA_4~~~cbeA'],0.14052953156822812,0.34012219959266804,0.11812627291242363,0.8405797101449275,2.4714050160548466,1.0,0.0703290595277106,4.139233475282354,0.6927193985945416,0.32584269662921345,0.758409375559134,0.5939425496832422
['group_8961'],['group_596'],0.1955193482688391,0.27494908350305497,0.12830957230142567,0.6562500000000001,2.386805555555556,1.0,0.07455170668779375,2.109239029809295,0.7222423146473781,0.37500000000000006,0.5258953651685395,0.5614583333333334
['group_8961'],['dltA_1~~~dltA_2'],0.1955193482688391,0.2668024439918534,0.12423625254582485,0.6354166666666667,2.381599872773537,1.0,0.07207121258000423,2.0110561536223455,0.7211039634779,0.36746987951807225,0.5027488425925927,0.5505327608142494
['group_10305'],['group_3432'],0.2240325865580448,0.27494908350305497,0.14663951120162932,0.6545454545454545,2.380606060606061,1.0,0.08504195685267607,2.098831600385893,0.7473753280839895,0.4161849710982659,0.523544433094995,0.593939393939394
['group_8961'],['dltA_2~~~tycC~~~dltA_3~~~angR~~~lgrD~~~grsB_1'],0.1955193482688391,0.2769857433808554,0.12830957230142567,0.6562500000000001,2.3692555147058827,1.0,0.07415350027584092,2.103314201073876,0.7183845690174805,0.3727810650887574,0.5245598591549296,0.5597426470588236
['group_8961'],['srfAA_1~~~srfAA'],0.1955193482688391,0.2769857433808554,0.12830957230142567,0.6562500000000001,2.3692555147058827,1.0,0.07415350027584092,2.103314201073876,0.7183845690174805,0.3727810650887574,0.5245598591549296,0.5597426470588236
['group_10305'],['dltA_2~~~tycC~~~dltA_3~~~angR~~~lgrD~~~grsB_1'],0.2240325865580448,0.2769857433808554,0.14663951120162932,0.6545454545454545,2.3631016042780746,1.0,0.08458567867231345,2.092936006002787,0.7433654126567513,0.4137931034482759,0.5222023047375159,0.5919786096256685
['group_412'],['dltA_2~~~tycC~~~dltA_3~~~angR~~~lgrD~~~grsB_1'],0.2240325865580448,0.2769857433808554,0.14663951120162932,0.6545454545454545,2.3631016042780746,1.0,0.08458567867231345,2.092936006002787,0.7433654126567513,0.4137931034482759,0.5222023047375159,0.5919786096256685
['group_10305'],['srfAA_1~~~srfAA'],0.2240325865580448,0.2769857433808554,0.14663951120162932,0.6545454545454545,2.3631016042780746,1.0,0.08458567867231345,2.092936006002787,0.7433654126567513,0.4137931034482759,0.5222023047375159,0.5919786096256685
['group_412'],['srfAA_1~~~srfAA'],0.2240325865580448,0.2769857433808554,0.14663951120162932,0.6545454545454545,2.3631016042780746,1.0,0.08458567867231345,2.092936006002787,0.7433654126567513,0.4137931034482759,0.5222023047375159,0.5919786096256685
['group_10305'],['dltA_1~~~dltA_2'],0.2240325865580448,0.2668024439918534,0.14052953156822812,0.6272727272727273,2.3510756419153367,1.0,0.08075708994072532,1.9671153941681985,0.7405759062725855,0.4011627906976744,0.4916414141414142,0.5769951422623179
['group_412'],['dltA_1~~~dltA_2'],0.2240325865580448,0.2668024439918534,0.14052953156822812,0.6272727272727273,2.3510756419153367,1.0,0.08075708994072532,1.9671153941681985,0.7405759062725855,0.4011627906976744,0.4916414141414142,0.5769951422623179
['group_8961'],['group_3432'],0.1955193482688391,0.27494908350305497,0.12627291242362526,0.6458333333333334,2.34891975308642,1.0,0.07251504680999334,2.04720258775608,0.7138423846467947,0.36686390532544383,0.5115285580524346,0.5525462962962964
['group_10305'],['group_596'],0.2240325865580448,0.27494908350305497,0.1446028513238289,0.6454545454545454,2.3475420875420876,1.0,0.08300529697487566,2.0450154055042034,0.7397508410040294,0.40804597701149425,0.5110061287027579,0.5856902356902356
['group_412'],['group_596'],0.2240325865580448,0.27494908350305497,0.1446028513238289,0.6454545454545454,2.3475420875420876,1.0,0.08300529697487566,2.0450154055042034,0.7397508410040294,0.40804597701149425,0.5110061287027579,0.5856902356902356
['group_412'],['group_3432'],0.2240325865580448,0.27494908350305497,0.1446028513238289,0.6454545454545454,2.3475420875420876,1.0,0.08300529697487566,2.0450154055042034,0.7397508410040294,0.40804597701149425,0.5110061287027579,0.5856902356902356
['rrrD_5~~~rrrD_3'],['cbeA_3~~~cbeA_1~~~cbeA~~~cbeA_2~~~cbeA_5~~~cbeA_4'],0.14052953156822812,0.37678207739307534,0.12423625254582485,0.8840579710144927,2.3463376419898156,1.0,0.0712872437064721,5.375254582484722,0.6676248931706938,0.3160621761658031,0.8139622998958036,0.6068938503721112
['group_10462'],['deoR_2~~~deoR_1'],0.164969450101833,0.3910386965376782,0.15071283095723015,0.9135802469135802,2.3362911522633745,1.0,0.08620339222087182,7.046552225778291,0.6849703361898484,0.371859296482412,0.8580866262025681,0.6494984567901234
['cbtA_2~~~cbtA_3~~~cbtA_1~~~cbtA_4'],['group_596'],0.18737270875763748,0.27494908350305497,0.11608961303462322,0.6195652173913043,2.2533816425120774,1.0,0.06457165848822595,1.9058481233633981,0.6844743437541222,0.3352941176470588,0.47529921836834393,0.5208937198067632
['cbtA_2~~~cbtA_3~~~cbtA_1~~~cbtA_4'],['group_3432'],0.18737270875763748,0.27494908350305497,0.11608961303462322,0.6195652173913043,2.2533816425120774,1.0,0.06457165848822595,1.9058481233633981,0.6844743437541222,0.3352941176470588,0.47529921836834393,0.5208937198067632
['cbtA_2~~~cbtA_3~~~cbtA_1~~~cbtA_4'],['dltA_2~~~tycC~~~dltA_3~~~angR~~~lgrD~~~grsB_1'],0.18737270875763748,0.2769857433808554,0.11608961303462322,0.6195652173913043,2.236812659846547,1.0,0.06419004401010447,1.9004946173988944,0.680429143033021,0.3333333333333333,0.47382118799755046,0.5193414322250639
['cbtA_2~~~cbtA_3~~~cbtA_1~~~cbtA_4'],['srfAA_1~~~srfAA'],0.18737270875763748,0.2769857433808554,0.11608961303462322,0.6195652173913043,2.236812659846547,1.0,0.06419004401010447,1.9004946173988944,0.680429143033021,0.3333333333333333,0.47382118799755046,0.5193414322250639
['dltA_1~~~dltA_2'],['group_298'],0.2668024439918534,0.29124236252545826,0.1710794297352342,0.6412213740458015,2.2016761864090104,1.0,0.09337525561948058,1.975473415088616,0.7444113756613756,0.4421052631578947,0.4937922260243924,0.6143169807291944
['dltA_2~~~tycC~~~dltA_3~~~angR~~~lgrD~~~grsB_1'],['group_298'],0.2769857433808554,0.29124236252545826,0.17718940936863545,0.6397058823529412,2.1964726450020566,1.0,0.0965194270805248,1.9671640550313814,0.753407803140683,0.45312500000000006,0.49165398918187975,0.6240487453722748
['srfAA_1~~~srfAA'],['group_298'],0.2769857433808554,0.29124236252545826,0.17718940936863545,0.6397058823529412,2.1964726450020566,1.0,0.0965194270805248,1.9671640550313814,0.753407803140683,0.45312500000000006,0.49165398918187975,0.6240487453722748
['group_298'],['dltA_2~~~tycC~~~dltA_3~~~angR~~~lgrD~~~grsB_1'],0.29124236252545826,0.2769857433808554,0.17718940936863545,0.6083916083916084,2.1964726450020566,1.0,0.0965194270805248,1.8462685481524588,0.7685625578015589,0.45312500000000006,0.45836698512754853,0.6240487453722748
['group_298'],['srfAA_1~~~srfAA'],0.29124236252545826,0.2769857433808554,0.17718940936863545,0.6083916083916084,2.1964726450020566,1.0,0.0965194270805248,1.8462685481524588,0.7685625578015589,0.45312500000000006,0.45836698512754853,0.6240487453722748
['group_596'],['group_298'],0.27494908350305497,0.29124236252545826,0.17515274949083504,0.6370370370370371,2.1873089873089873,1.0,0.0950759288371958,1.952699613450268,0.7486608309380716,0.4479166666666667,0.4878884631758196,0.6192178192178193
['group_3432'],['group_298'],0.27494908350305497,0.29124236252545826,0.17515274949083504,0.6370370370370371,2.1873089873089873,1.0,0.0950759288371958,1.952699613450268,0.7486608309380716,0.4479166666666667,0.4878884631758196,0.6192178192178193
['group_298'],['group_596'],0.29124236252545826,0.27494908350305497,0.17515274949083504,0.6013986013986014,2.1873089873089873,1.0,0.0950759288371958,1.8189873870011073,0.7658714247527401,0.4479166666666667,0.450243576648071,0.6192178192178193
['group_298'],['group_3432'],0.29124236252545826,0.27494908350305497,0.17515274949083504,0.6013986013986014,2.1873089873089873,1.0,0.0950759288371958,1.8189873870011073,0.7658714247527401,0.4479166666666667,0.450243576648071,0.6192178192178193
['klcA_1~~~klcA_3~~~klcA_6~~~klcA_2~~~klcA_5'],['group_10205'],0.19959266802443992,0.4256619144602851,0.17922606924643583,0.8979591836734693,2.1095596133190115,1.0,0.0942670720629166,5.6285132382892,0.6571246819338422,0.4018264840182647,0.8223331885945866,0.6595059076262083
['cbtA_2~~~cbtA_4~~~cbtA_1~~~cbtA_3~~~cbtA'],['cbeA_5~~~cbeA_3~~~cbeA_1~~~cbeA_4~~~cbeA'],0.3014256619144603,0.34012219959266804,0.21384928716904278,0.7094594594594594,2.085895776015536,1.0,0.11132772802502064,2.271207313029887,0.7452172705817021,0.49999999999999994,0.5597055388722054,0.6691009872147596
['cbeA_5~~~cbeA_3~~~cbeA_1~~~cbeA_4~~~cbeA'],['cbtA_2~~~cbtA_4~~~cbtA_1~~~cbtA_3~~~cbtA'],0.34012219959266804,0.3014256619144603,0.21384928716904278,0.6287425149700598,2.085895776015536,1.0,0.11132772802502064,1.881643781617502,0.7889182833627277,0.49999999999999994,0.4685497809046629,0.6691009872147596
['rrrD_5~~~rrrD_3'],['klcA_1~~~klcA~~~klcA_3~~~klcA_2~~~klcA_5~~~klcA_6'],0.14052953156822812,0.43584521384928715,0.12423625254582485,0.8840579710144927,2.0283759989164296,1.0,0.06298712880733032,4.865835030549895,0.5898920052831949,0.2747747747747748,0.7944854287657614,0.5845523499932277
['group_8961'],['group_10611'],0.1955193482688391,0.29938900203665986,0.11812627291242363,0.6041666666666667,2.0179988662131523,1.0,0.05958993035535775,1.7699646264337017,0.6270624181580097,0.31351351351351353,0.4350169573643412,0.4993622448979592
['cbeA_1~~~cbeA_2~~~cbeA_4~~~cbeA'],['group_8601'],0.14663951120162932,0.3665987780040733,0.1079429735234216,0.7361111111111112,2.0079475308641976,1.0,0.05418510790978966,2.400257262300354,0.5882379429909489,0.26633165829145733,0.5833779921400502,0.5152777777777778
['group_8961'],['group_8601'],0.1955193482688391,0.3665987780040733,0.1425661914460285,0.7291666666666666,1.9890046296296295,1.0,0.07088903729451926,2.338712204292652,0.6180831826401446,0.33980582524271835,0.572414255091104,0.5590277777777777
['group_9085'],['cbeA_5~~~cbeA_3~~~cbeA_1~~~cbeA_4~~~cbeA'],0.2973523421588595,0.34012219959266804,0.1955193482688391,0.6575342465753424,1.933229431547863,1.0,0.09438321559973618,1.9268431771894092,0.6870169082125605,0.44239631336405527,0.48101640453238614,0.6161922729882701
['cbeA_2~~~cbeA_4'],['cbtA_2~~~cbtA_4~~~cbtA_3~~~cbtA_1'],0.18533604887983707,0.3869653767820774,0.1384928716904277,0.7472527472527473,1.9310584152689416,1.0,0.06677423770434004,2.4254848136013463,0.5918382352941177,0.3192488262910798,0.5877112920302289,0.5525737420474263
['klcA_3~~~klcA_2~~~klcA_4~~~klcA_1~~~klcA_5'],['cbeA_5~~~cbeA_3~~~cbeA_1~~~cbeA_4~~~cbeA'],0.2830957230142566,0.34012219959266804,0.18329938900203666,0.6474820143884892,1.9036746650583722,1.0,0.087012248995151,1.8718982501350845,0.6621527777777776,0.4166666666666667,0.4657829292121857,0.593202085038556
['group_3432'],['group_8601'],0.27494908350305497,0.3665987780040733,0.19144602851323828,0.6962962962962963,1.8993415637860083,1.0,0.09065003048767842,2.0855893894987827,0.6530600047812576,0.4253393665158371,0.520519233059426,0.6092592592592592
['dltA_1~~~dltA_2'],['group_8601'],0.2668024439918534,0.3665987780040733,0.18533604887983707,0.6946564885496183,1.894868532654792,1.0,0.08752659894392341,2.0743890020366593,0.6441086691086692,0.4136363636363637,0.517930340443288,0.6001060220525869
['dltA_2~~~tycC~~~dltA_3~~~angR~~~lgrD~~~grsB_1'],['group_8601'],0.2769857433808554,0.3665987780040733,0.19144602851323828,0.6911764705882352,1.8853758169934638,1.0,0.08990339346526685,2.051013480748714,0.649505543901708,0.4234234234234234,0.5124361641762814,0.6066993464052286
['srfAA_1~~~srfAA'],['group_8601'],0.2769857433808554,0.3665987780040733,0.19144602851323828,0.6911764705882352,1.8853758169934638,1.0,0.08990339346526685,2.051013480748714,0.649505543901708,0.4234234234234234,0.5124361641762814,0.6066993464052286
['cbeA_2~~~cbeA_4'],['klcA_5~~~klcA_4~~~klcA~~~klcA_1~~~klcA_3'],0.18533604887983707,0.3910386965376782,0.1364562118126273,0.7362637362637363,1.8828411172161175,1.0,0.06398264483721239,2.3089782756279704,0.5755597014925372,0.31018518518518523,0.5669080083795803,0.5426110347985349
['group_10027'],['cbtA_2~~~cbtA_4~~~cbtA_3~~~cbtA_1'],0.1425661914460285,0.3869653767820774,0.10386965376782077,0.7285714285714286,1.8827819548872182,1.0,0.048701473778522575,2.258548611855505,0.5468306087280519,0.24401913875598086,0.5572377788324633,0.49849624060150377
['group_596'],['group_8601'],0.27494908350305497,0.3665987780040733,0.1894093686354379,0.688888888888889,1.879135802469136,1.0,0.08861337060987803,2.035932499272622,0.6452519028633565,0.41891891891891897,0.5088245802072171,0.6027777777777779
['group_6803'],['group_8601'],0.23421588594704684,0.3665987780040733,0.16089613034623218,0.6869565217391305,1.873864734299517,1.0,0.0750328727689034,2.0233650147092104,0.6089752221922974,0.36574074074074076,0.5057738012022929,0.5629227053140097
['group_5473'],['klcA_5~~~klcA_4~~~klcA~~~klcA_1~~~klcA_3'],0.14663951120162932,0.3910386965376782,0.10590631364562118,0.7222222222222222,1.8469328703703705,1.0,0.04856459032441379,2.1922606924643584,0.5373600146869837,0.24528301886792456,0.5438498699368265,0.4965277777777778
['cbeA_1~~~cbeA_2~~~cbeA_4~~~cbeA'],['klcA_2~~~klcA_3~~~klcA_1~~~klcA~~~klcA_4'],0.14663951120162932,0.43380855397148677,0.11608961303462322,0.7916666666666666,1.824921752738654,1.0,0.05247613872515876,2.717718940936863,0.5297073232006029,0.25,0.6320443645083932,0.5296361502347418
['group_8961'],['klcA_2~~~klcA_3~~~klcA_1~~~klcA~~~klcA_4'],0.1955193482688391,0.43380855397148677,0.15478615071283094,0.7916666666666666,1.824921752738654,1.0,0.06996818496687834,2.717718940936863,0.561892071952032,0.3261802575107296,0.6320443645083932,0.5742370892018779
['group_6374'],['deoR_2~~~deoR_1'],0.24236252545824846,0.3910386965376782,0.1690427698574338,0.6974789915966386,1.783657212885154,1.0,0.07426964381266048,2.0129554197782302,0.5799002461458738,0.36403508771929827,0.5032180096118715,0.5648853291316527
['cbtA_2~~~cbtA_4~~~cbtA_3~~~cbtA_1'],['klcA_5~~~klcA_4~~~klcA~~~klcA_1~~~klcA_3'],0.3869653767820774,0.3910386965376782,0.26883910386965376,0.6947368421052632,1.7766447368421054,1.0,0.11752066732757871,1.99487323548002,0.7130776200543643,0.5280000000000001,0.49871501496215465,0.6911184210526315
['klcA_5~~~klcA_4~~~klcA~~~klcA_1~~~klcA_3'],['cbtA_2~~~cbtA_4~~~cbtA_3~~~cbtA_1'],0.3910386965376782,0.3869653767820774,0.26883910386965376,0.6875,1.7766447368421054,1.0,0.11752066732757871,1.9617107942973526,0.7178473700212832,0.5280000000000001,0.49024086378737536,0.6911184210526315
['rrrD_2~~~rrrD_3~~~rrrD~~~rrrD_1'],['cbtA_2~~~cbtA_4~~~cbtA_3~~~cbtA_1'],0.35030549898167007,0.3869653767820774,0.24032586558044808,0.686046511627907,1.772888616891065,1.0,0.10476976617817249,1.9526287998793093,0.6710057914032198,0.48360655737704933,0.487869891060805,0.6535495716034272
['cbtA_2~~~cbtA_4~~~cbtA_3~~~cbtA_1'],['rrrD_2~~~rrrD_3~~~rrrD~~~rrrD_1'],0.3869653767820774,0.35030549898167007,0.24032586558044808,0.6210526315789474,1.772888616891065,1.0,0.10476976617817249,1.714471599909482,0.7111323835801565,0.48360655737704933,0.4167299125556839,0.6535495716034272
['cbeA_2~~~cbeA_4'],['rrrD_2~~~rrrD_3~~~rrrD~~~rrrD_1'],0.18533604887983707,0.35030549898167007,0.11405295315682282,0.6153846153846154,1.7567084078711985,1.0,0.04912871607468029,1.689205702647658,0.5287499999999999,0.27053140096618367,0.4080057873161322,0.4704830053667263
['rrrD_5~~~rrrD_3'],['deoR_2~~~deoR_3~~~deoR_1'],0.14052953156822812,0.5213849287169042,0.12830957230142567,0.9130434782608696,1.7511888586956526,1.0,0.05503959250210512,5.504073319755605,0.49909726923944947,0.24045801526717564,0.8183163737280298,0.5795686141304348
['group_10027'],['group_10205'],0.1425661914460285,0.4256619144602851,0.10590631364562118,0.7428571428571429,1.745181134654819,1.0,0.045221315657393166,2.233536999321114,0.49799013338205744,0.2290748898678414,0.5522796352583588,0.4958304853041695
['klcA_3~~~klcA_2~~~klcA_4~~~klcA_1~~~klcA_5'],['cbeA_3~~~cbeA_1~~~cbeA~~~cbeA_2~~~cbeA_5~~~cbeA_4'],0.2830957230142566,0.37678207739307534,0.18533604887983707,0.6546762589928058,1.7375461792727982,1.0,0.07867065426143081,1.8047352342158862,0.5920954045954046,0.39055793991416304,0.4459021018479335,0.5732840754423488
['group_9085'],['cbeA_3~~~cbeA_1~~~cbeA~~~cbeA_2~~~cbeA_5~~~cbeA_4'],0.2973523421588595,0.37678207739307534,0.1894093686354379,0.636986301369863,1.6905960755275824,1.0,0.07737233543912628,1.716788994351151,0.5813620071684588,0.39075630252100846,0.4175172352045841,0.5698445020362829
['klcA_1~~~klcA_3~~~klcA_6~~~klcA_2~~~klcA_5'],['cbtA_2~~~cbtA_4~~~cbtA_3~~~cbtA_1'],0.19959266802443992,0.3869653767820774,0.13034623217922606,0.6530612244897959,1.6876476906552094,1.0,0.053110780194208576,1.7669821492751887,0.5090648854961832,0.2857142857142857,0.4340633263272085,0.4949516648764769
['cbeA_1~~~cbeA_2~~~cbeA_3~~~cbeA_4~~~cbeA~~~cbeA_5'],['cbtA_2~~~cbtA_4~~~cbtA_3~~~cbtA_1'],0.1955193482688391,0.3869653767820774,0.12627291242362526,0.6458333333333334,1.6689692982456141,1.0,0.050613694152587735,1.7309212890858996,0.4982441812984893,0.27678571428571436,0.4222729789590255,0.4860745614035088
['cbeA_1~~~cbeA_2~~~cbeA_3~~~cbeA_4~~~cbeA~~~cbeA_5'],['group_10205'],0.1955193482688391,0.4256619144602851,0.1384928716904277,0.7083333333333334,1.664074960127592,1.0,0.055267731592286415,1.96915915042188,0.4960536113179449,0.2869198312236287,0.4921690307328606,0.5168460925039873
['cbeA_1~~~cbeA_2~~~cbeA_4~~~cbeA'],['group_10205'],0.14663951120162932,0.4256619144602851,0.10386965376782077,0.7083333333333334,1.664074960127592,1.0,0.04145079869421481,1.96915915042188,0.46764003930927983,0.2217391304347826,0.4921690307328606,0.4761762360446571
['group_5473'],['group_10205'],0.14663951120162932,0.4256619144602851,0.10386965376782077,0.7083333333333334,1.664074960127592,1.0,0.04145079869421481,1.96915915042188,0.46764003930927983,0.2217391304347826,0.4921690307328606,0.4761762360446571
['group_412'],['rrrD_1~~~rrrD_3~~~rrrD~~~rrrD_2'],0.2240325865580448,0.4786150712830957,0.17718940936863545,0.7909090909090909,1.652495164410058,1.0,0.06996403698342052,2.4935800938634554,0.5088544966361964,0.3372093023255815,0.5989701704545454,0.5805609284332689
['group_6374'],['rrrD_1~~~rrrD_3~~~rrrD~~~rrrD_2'],0.24236252545824846,0.4786150712830957,0.19144602851323828,0.7899159663865546,1.6504201680672268,1.0,0.07544767111468759,2.4817922606924645,0.5201612903225806,0.36153846153846153,0.5970653886554621,0.5949579831932773
['cbtA_2~~~cbtA_3~~~cbtA_1~~~cbtA_4'],['group_10205'],0.18737270875763748,0.4256619144602851,0.13034623217922606,0.6956521739130433,1.634283336800499,1.0,0.05058880625184066,1.8871108524876339,0.47760025062656636,0.270042194092827,0.47008942337341947,0.5009361348034116
['group_6803'],['klcA_2~~~klcA_3~~~klcA_1~~~klcA~~~klcA_4'],0.23421588594704684,0.43380855397148677,0.164969450101833,0.7043478260869566,1.62363747703613,1.0,0.06336459530199394,1.915059302743501,0.5015760441292357,0.3279352226720649,0.47782295902408517,0.5423147581139008
['higB2_1'],['rrrD_1~~~rrrD_3~~~rrrD~~~rrrD_2'],0.15478615071283094,0.4786150712830957,0.12016293279022404,0.7763157894736843,1.6220044792833148,1.0,0.046079948233166454,2.3308973283814556,0.453706350827037,0.23412698412698418,0.5709806743421053,0.5136898096304592
['ldrD_2'],['ldrD_1~~~ldrD_2~~~ldrD_3~~~ldrD'],0.14663951120162932,0.5763747454175153,0.1364562118126273,0.9305555555555556,1.6144974479780132,1.0,0.051936900875639305,6.100203665987782,0.446015744665693,0.2326388888888889,0.8360710470085471,0.5836523360816647
['cbtA_2~~~cbtA_4~~~cbtA_1~~~cbtA_3~~~cbtA'],['cbeA_3~~~cbeA_1~~~cbeA~~~cbeA_2~~~cbeA_5~~~cbeA_4'],0.3014256619144603,0.37678207739307534,0.18329938900203666,0.6081081081081081,1.6139517896274653,1.0,0.06972760192632352,1.590280216307325,0.5445416261742793,0.3703703703703704,0.3711800035329447,0.5472972972972974
['ldrD_2~~~ldrD'],['klcA_5~~~klcA_4~~~klcA~~~klcA_1~~~klcA_3'],0.23421588594704684,0.3910386965376782,0.14663951120162932,0.6260869565217391,1.601086956521739,1.0,0.05505203645247862,1.6286174394922557,0.4902482269503546,0.3063829787234042,0.38598225970626715,0.5005434782608695
['cbeA_1~~~cbeA_2~~~cbeA_3~~~cbeA_4~~~cbeA~~~cbeA_5'],['deoR_2~~~deoR_1'],0.1955193482688391,0.3910386965376782,0.12219959266802444,0.625,1.5983072916666667,1.0,0.04574396157308125,1.623896809232858,0.46531645569620256,0.2631578947368421,0.3841973244147157,0.46875
['ldrD_2'],['rrrD_1~~~rrrD_3~~~rrrD~~~rrrD_2'],0.14663951120162932,0.4786150712830957,0.1120162932790224,0.763888888888889,1.5960401891252955,1.0,0.04183241317233627,2.2082185216245365,0.4376220438272944,0.21825396825396823,0.5471462673611112,0.49896572104018916
['group_298'],['rrrD_1~~~rrrD_3~~~rrrD~~~rrrD_2'],0.29124236252545826,0.4786150712830957,0.2219959266802444,0.7622377622377622,1.5925903883350692,1.0,0.08260294257946499,2.1928836707799206,0.5249920911104081,0.4052044609665427,0.5439794580419579,0.6130337747359024
['cbeA_1~~~cbeA_2~~~cbeA_3~~~cbeA_4~~~cbeA~~~cbeA_5'],['rrrD_1~~~rrrD_3~~~rrrD~~~rrrD_2'],0.1955193482688391,0.4786150712830957,0.14867617107942974,0.7604166666666667,1.588785460992908,1.0,0.05509766427051489,2.176215354644471,0.4606554534419976,0.2829457364341086,0.5404866536458334,0.5355274822695035
['ldrD_2~~~ldrD'],['klcA_2~~~klcA_3~~~klcA_1~~~klcA~~~klcA_4'],0.23421588594704684,0.43380855397148677,0.16089613034623218,0.6869565217391305,1.5835476627883243,1.0,0.059291275546393116,1.8086671192577508,0.4812146512254242,0.31726907630522094,0.44710666249609016,0.5289242702592366
['group_412'],['deoR_2~~~deoR_1'],0.2240325865580448,0.3910386965376782,0.1384928716904277,0.6181818181818182,1.580871212121212,1.0,0.0508874610608053,1.5948986519251285,0.4735216921414236,0.2905982905982906,0.3730009121313469,0.48617424242424245
['group_298'],['deoR_2~~~deoR_1'],0.29124236252545826,0.3910386965376782,0.17922606924643583,0.6153846153846153,1.5737179487179485,1.0,0.0653390354279267,1.5832993890020364,0.5143678160919539,0.3562753036437246,0.3684075122202211,0.5368589743589743
['group_5473'],['deoR_2~~~deoR_3~~~deoR_1'],0.14663951120162932,0.5213849287169042,0.12016293279022404,0.8194444444444445,1.5716688368055558,1.0,0.04370730169528085,2.650791164029455,0.42623680271833675,0.2193308550185874,0.6227541371158395,0.5249565972222223
['group_10611'],['deoR_2~~~deoR_1'],0.29938900203665986,0.3910386965376782,0.18329938900203666,0.6122448979591837,1.5656887755102042,1.0,0.0662267038879049,1.570479151034409,0.5156976744186047,0.3614457831325302,0.36325165517712105,0.5404974489795918
['rrrD_2~~~rrrD_3~~~rrrD~~~rrrD_1'],['deoR_2~~~deoR_3~~~deoR_1'],0.35030549898167007,0.5213849287169042,0.285132382892057,0.8139534883720929,1.5611373546511627,1.0,0.10248837527635937,2.572556008146638,0.5532467532467531,0.4861111111111111,0.6112815437902027,0.6804142441860465
['group_487'],['cbtA_2~~~cbtA_4~~~cbtA_3~~~cbtA_1'],0.18329938900203666,0.3869653767820774,0.109979633401222,0.6,1.5505263157894738,1.0,0.039049116272124304,1.5325865580448066,0.43474646716541976,0.23893805309734514,0.34750830564784047,0.4421052631578947
['cbtA_2~~~cbtA_4~~~cbtA_3~~~cbtA_1'],['group_10205'],0.3869653767820774,0.4256619144602851,0.2545824847250509,0.6578947368421053,1.5455804583228407,1.0,0.08986606161414629,1.6788344038853207,0.575813953488372,0.4562043795620438,0.4043486375513252,0.6279904306220097
['group_9085'],['group_10205'],0.2973523421588595,0.4256619144602851,0.1955193482688391,0.6575342465753424,1.5447335649210199,1.0,0.06894778103624924,1.6770672097759673,0.5018719806763287,0.37065637065637064,0.4037209754201884,0.5584321950580061
['cbeA_3~~~cbeA_1~~~cbeA~~~cbeA_2~~~cbeA_5~~~cbeA_4'],['klcA_1~~~klcA~~~klcA_3~~~klcA_2~~~klcA_5~~~klcA_6'],0.37678207739307534,0.43584521384928715,0.2525458248472505,0.6702702702702703,1.5378630967416016,1.0,0.08832715975128694,1.7109612366865883,0.5611954459203038,0.45090909090909104,0.4155332227534395,0.6248547613033595
['klcA_3~~~klcA_2~~~klcA_4~~~klcA_1~~~klcA_5'],['klcA_1~~~klcA~~~klcA_3~~~klcA_2~~~klcA_5~~~klcA_6'],0.2830957230142566,0.43584521384928715,0.1894093686354379,0.6690647482014389,1.5350971559201239,1.0,0.06602345269847065,1.704728592933676,0.4862231182795699,0.35769230769230775,0.4133963587252943,0.5518220937268877
['cbeA_2~~~cbeA_4'],['ldrD_1~~~ldrD_2~~~ldrD_3~~~ldrD'],0.18533604887983707,0.5763747454175153,0.1629327902240326,0.8791208791208791,1.5252591931037158,1.0,0.05610977223422833,3.504536197000555,0.42271875000000003,0.27210884353741494,0.7146555367709213,0.5809031957441851
['dltA_2~~~tycC~~~dltA_3~~~angR~~~lgrD~~~grsB_1'],['rrrD_1~~~rrrD_3~~~rrrD~~~rrrD_2'],0.2769857433808554,0.4786150712830957,0.19959266802443992,0.7205882352941176,1.5055694618272841,1.0,0.06702311671181055,1.8660092185657629,0.4644438056912905,0.3589743589743589,0.46409696691176466,0.5688047559449312
['srfAA_1~~~srfAA'],['rrrD_1~~~rrrD_3~~~rrrD~~~rrrD_2'],0.2769857433808554,0.4786150712830957,0.19959266802443992,0.7205882352941176,1.5055694618272841,1.0,0.06702311671181055,1.8660092185657629,0.4644438056912905,0.3589743589743589,0.46409696691176466,0.5688047559449312
['group_10462'],['klcA_1~~~klcA~~~klcA_3~~~klcA_2~~~klcA_5~~~klcA_6'],0.164969450101833,0.43584521384928715,0.1079429735234216,0.654320987654321,1.5012691819545403,1.0,0.03604182826518888,1.6320192027931335,0.3998619420156466,0.21900826446280994,0.3872621116905113,0.4509922695280951
['group_596'],['rrrD_1~~~rrrD_3~~~rrrD~~~rrrD_2'],0.27494908350305497,0.4786150712830957,0.1975560081466395,0.7185185185185186,1.5012450748620962,1.0,0.06596123294660303,1.8522885625468972,0.46050040542105886,0.3553113553113553,0.46012731481481484,0.5656422379826636
['group_3432'],['rrrD_1~~~rrrD_3~~~rrrD~~~rrrD_2'],0.27494908350305497,0.4786150712830957,0.1975560081466395,0.7185185185185186,1.5012450748620962,1.0,0.06596123294660303,1.8522885625468972,0.46050040542105886,0.3553113553113553,0.46012731481481484,0.5656422379826636
['dltA_1~~~dltA_2'],['rrrD_1~~~rrrD_3~~~rrrD~~~rrrD_2'],0.2668024439918534,0.4786150712830957,0.19144602851323828,0.7175572519083968,1.4992366412213738,1.0,0.06375035776357321,1.8459844773490388,0.45416666666666655,0.34558823529411753,0.4582836354961829,0.5587786259541984
['cbeA_5~~~cbeA_3~~~cbeA_1~~~cbeA_4~~~cbeA'],['klcA_1~~~klcA~~~klcA_3~~~klcA_2~~~klcA_5~~~klcA_6'],0.34012219959266804,0.43584521384928715,0.2219959266802444,0.652694610778443,1.497537635010353,1.0,0.07375529386388807,1.6243767118477417,0.5034828406388039,0.400735294117647,0.38437925592857597,0.5810202025854831
['group_9085'],['klcA_1~~~klcA~~~klcA_3~~~klcA_2~~~klcA_5~~~klcA_6'],0.2973523421588595,0.43584521384928715,0.1934826883910387,0.6506849315068493,1.4929266419152476,1.0,0.06388309323422417,1.6150313485883148,0.4699008390541571,0.3584905660377358,0.38081697245437907,0.5473050825758545
['group_10027'],['rrrD_1~~~rrrD_3~~~rrrD~~~rrrD_2'],0.1425661914460285,0.4786150712830957,0.10183299389002037,0.7142857142857144,1.4924012158054714,1.0,0.033598666008519976,1.824847250509166,0.38479809976247054,0.19607843137254907,0.45200892857142877,0.4635258358662615
['group_8601'],['klcA_2~~~klcA_3~~~klcA_1~~~klcA~~~klcA_4'],0.3665987780040733,0.43380855397148677,0.23625254582484725,0.6444444444444445,1.485550339071466,1.0,0.07721886005118611,1.5924134419551936,0.5160217318993237,0.4187725631768953,0.3720223820943246,0.5945226917057903
['ldrD_2~~~ldrD'],['ldrD_1~~~ldrD_2~~~ldrD_3~~~ldrD'],0.23421588594704684,0.5763747454175153,0.19959266802443992,0.8521739130434783,1.4785066830542326,1.0,0.064596546388973,2.865700251587398,0.4226280937907078,0.3266666666666667,0.6510451505016723,0.5992318328468275
['cbeA_2~~~cbeA_4'],['deoR_2~~~deoR_3~~~deoR_1'],0.18533604887983707,0.5213849287169042,0.1425661914460285,0.7692307692307692,1.4753605769230769,1.0,0.04593476881214198,2.073998642226748,0.3955,0.2527075812274368,0.5178396072013093,0.5213341346153846
['cbtA_2~~~cbtA_4~~~cbtA_3~~~cbtA_1'],['deoR_2~~~deoR_3~~~deoR_1'],0.3869653767820774,0.5213849287169042,0.2973523421588595,0.768421052631579,1.473807565789474,1.0,0.09559442676942606,2.0667468987224593,0.5244163291312065,0.48666666666666675,0.5161478163493842,0.6693667763157896
['group_10305'],['group_10205'],0.2240325865580448,0.4256619144602851,0.14052953156822812,0.6272727272727273,1.4736407133536322,1.0,0.04516739187244123,1.5409070587650888,0.4142036593251932,0.276,0.35103159252095434,0.4787081339712919
['cbtA_2~~~cbtA_4~~~cbtA_1~~~cbtA_3~~~cbtA'],['klcA_1~~~klcA~~~klcA_3~~~klcA_2~~~klcA_5~~~klcA_6'],0.3014256619144603,0.43584521384928715,0.1934826883910387,0.6418918918918919,1.4727519575650416,1.0,0.06210775631426782,1.575375629251047,0.4595059076262084,0.35580524344569286,0.36523075421992396,0.5429085627683758
['cbeA_3~~~cbeA_1~~~cbeA~~~cbeA_2~~~cbeA_5~~~cbeA_4'],['deoR_2~~~deoR_3~~~deoR_1'],0.37678207739307534,0.5213849287169042,0.2892057026476578,0.7675675675675675,1.472170608108108,1.0,0.09275720608426213,2.0591578648226205,0.5146368406517536,0.4749163879598662,0.5143645773433007,0.6611275337837837
['group_8961'],['group_10205'],0.1955193482688391,0.4256619144602851,0.12219959266802444,0.625,1.4683014354066986,1.0,0.03897445256988315,1.5315682281059064,0.39645569620253157,0.24489795918367346,0.3470744680851064,0.4560406698564593
['group_487'],['group_10205'],0.18329938900203666,0.4256619144602851,0.11405295315682282,0.6222222222222222,1.4617756512493356,1.0,0.036029384314815366,1.5203066970168924,0.3868008550053439,0.23045267489711938,0.34223798266351463,0.44508240297713986
['cbtA_2~~~cbtA_3~~~cbtA_1~~~cbtA_4'],['rrrD_1~~~rrrD_3~~~rrrD~~~rrrD_2'],0.18737270875763748,0.4786150712830957,0.13034623217922606,0.6956521739130433,1.453469010175763,1.0,0.04066682982068266,1.7131219086412564,0.38392857142857134,0.24334600760456268,0.4162703804347823,0.48399629972247915
['group_487'],['klcA_1~~~klcA~~~klcA_3~~~klcA_2~~~klcA_5~~~klcA_6'],0.18329938900203666,0.43584521384928715,0.11608961303462322,0.6333333333333333,1.4531152647975079,1.0,0.036199451636586874,1.5386039622292167,0.38180863630397693,0.23076923076923075,0.35006016847172083,0.44984423676012464
['cbtA_2~~~cbtA_4~~~cbtA_3~~~cbtA_1'],['klcA_2~~~klcA_3~~~klcA_1~~~klcA~~~klcA_4'],0.3869653767820774,0.43380855397148677,0.24236252545824846,0.6263157894736842,1.4437608104768964,1.0,0.07449363491938393,1.5151602076819366,0.5013819481280883,0.4190140845070422,0.3400037864445285,0.5925006177415368
['klcA_3~~~klcA_2~~~klcA_4~~~klcA_1~~~klcA_5'],['deoR_2~~~deoR_3~~~deoR_1'],0.2830957230142566,0.5213849287169042,0.21181262729124237,0.7482014388489209,1.4350269784172665,1.0,0.06421078392739371,1.900785568810009,0.42285839160839167,0.35738831615120276,0.4739017296800858,0.5772257194244604
['group_5512'],['rrrD_1~~~rrrD_3~~~rrrD~~~rrrD_2'],0.21384928716904278,0.4786150712830957,0.14663951120162932,0.6857142857142857,1.4327051671732522,1.0,0.04428801937937871,1.658952045917423,0.38417530224525037,0.26865671641791045,0.3972098214285714,0.496048632218845
['rrrD_2~~~rrrD_3~~~rrrD~~~rrrD_1'],['klcA_1~~~klcA~~~klcA_3~~~klcA_2~~~klcA_5~~~klcA_6'],0.35030549898167007,0.43584521384928715,0.2158859470468432,0.6162790697674418,1.413986089980439,1.0,0.06320697193059596,1.4702215639079181,0.45064174602235774,0.37857142857142856,0.31983040886575437,0.55580308628559
['klcA_1~~~klcA_3~~~klcA_6~~~klcA_2~~~klcA_5'],['klcA_2~~~klcA_3~~~klcA_1~~~klcA~~~klcA_4'],0.19959266802443992,0.43380855397148677,0.12219959266802444,0.6122448979591837,1.4113250934176487,1.0,0.03561458596903115,1.4601779397577448,0.36412213740458016,0.2390438247011952,0.3151519600646014,0.4469675194021271
['group_6673'],['group_10205'],0.1934826883910387,0.4256619144602851,0.11608961303462322,0.6,1.4095693779904306,1.0,0.033731401479170905,1.4358452138492872,0.3602693602693603,0.23076923076923075,0.30354609929078014,0.43636363636363634
['intQ_1~~~intQ'],['rrrD_1~~~rrrD_3~~~rrrD~~~rrrD_2'],0.2606924643584521,0.4786150712830957,0.17515274949083504,0.6718750000000001,1.4037898936170214,1.0,0.05038140707894859,1.5889826398991376,0.3890704080978923,0.3104693140794224,0.37066650390625017,0.5189162234042554
['group_487'],['deoR_2~~~deoR_3~~~deoR_1'],0.18329938900203666,0.5213849287169042,0.13238289205702647,0.7222222222222222,1.385199652777778,1.0,0.036813353188347483,1.7230142566191446,0.34049491655476694,0.2313167259786477,0.4196217494089835,0.4880642361111111
['klcA_1~~~klcA_3~~~klcA_6~~~klcA_2~~~klcA_5'],['ldrD_1~~~ldrD_2~~~ldrD_3~~~ldrD'],0.19959266802443992,0.5763747454175153,0.15885947046843177,0.7959183673469388,1.3809043051849714,1.0,0.04381929724864256,2.075763747454175,0.34462060416258883,0.25742574257425743,0.5182496075353218,0.5357683709526213
['group_10027'],['deoR_2~~~deoR_3~~~deoR_1'],0.1425661914460285,0.5213849287169042,0.10183299389002037,0.7142857142857144,1.369977678571429,1.0,0.027501130325492285,1.675152749490836,0.31496437054631854,0.18115942028985516,0.4030395136778119,0.4547991071428572
['group_10462'],['ldrD_1~~~ldrD_2~~~ldrD_3~~~ldrD'],0.164969450101833,0.5763747454175153,0.12830957230142567,0.7777777777777778,1.3494307027875931,1.0,0.03322534749731418,1.906313645621181,0.3101045296167247,0.2093023255813954,0.4754273504273504,0.5001963093835885
['klcA_1~~~klcA_3~~~klcA_6~~~klcA_2~~~klcA_5'],['rrrD_1~~~rrrD_3~~~rrrD~~~rrrD_2'],0.19959266802443992,0.4786150712830957,0.12830957230142567,0.6428571428571429,1.3431610942249241,1.0,0.032781513267325105,1.4598778004073323,0.31919705965507505,0.23333333333333336,0.31501116071428575,0.45547112462006084
['group_6673'],['rrrD_1~~~rrrD_3~~~rrrD~~~rrrD_2'],0.1934826883910387,0.4786150712830957,0.12423625254582485,0.6421052631578947,1.3415901455767076,1.0,0.03163252184950287,1.456810830238409,0.3156979632389469,0.22676579925650556,0.3135690789473684,0.4508398656215006
['klcA_5~~~klcA_4~~~klcA~~~klcA_1~~~klcA_3'],['deoR_2~~~deoR_3~~~deoR_1'],0.3910386965376782,0.5213849287169042,0.26883910386965376,0.6875,1.3186035156250002,1.0,0.06495742094980528,1.5315682281059064,0.39677713590757085,0.4177215189873418,0.34707446808510645,0.6015625
['rrrD_4~~~rrrD_3~~~rrrD_1~~~rrrD_2~~~rrrD'],['rrrD_1~~~rrrD_3~~~rrrD~~~rrrD_2'],0.29938900203665986,0.4786150712830957,0.18737270875763748,0.6258503401360545,1.3076277319438414,1.0,0.04408062020648662,1.3935197185706354,0.33578741152679475,0.31724137931034485,0.28239264455782315,0.508669850919091
['ldrD_2~~~ldrD'],['deoR_2~~~deoR_3~~~deoR_1'],0.23421588594704684,0.5213849287169042,0.15885947046843177,0.6782608695652174,1.300883152173913,1.0,0.03674283746956418,1.48758738371773,0.3020321876704856,0.26621160409556316,0.3277705827937095,0.4914741847826087
['klcA_1~~~klcA~~~klcA_3~~~klcA_2~~~klcA_5~~~klcA_6'],['deoR_2~~~deoR_3~~~deoR_1'],0.43584521384928715,0.5213849287169042,0.2953156822810591,0.6775700934579441,1.2995582651869162,1.0,0.06807255652664462,1.4844003660084426,0.4085895680318688,0.4461538461538463,0.32632730165042784,0.6219881717289721
['group_6673'],['deoR_2~~~deoR_3~~~deoR_1'],0.1934826883910387,0.5213849287169042,0.13034623217922606,0.6736842105263158,1.2921052631578949,1.0,0.02946727448450935,1.4667236055449708,0.2803030303030303,0.2229965156794425,0.3182082866741322,0.4618421052631579
['group_10027'],['ldrD_1~~~ldrD_2~~~ldrD_3~~~ldrD'],0.1425661914460285,0.5763747454175153,0.10590631364562118,0.7428571428571429,1.28884401817264,1.0,0.02373476134577175,1.6474315455985518,0.2613740179060844,0.1727574750830565,0.3929945054945055,0.46330136294800606
['group_8601'],['rrrD_1~~~rrrD_3~~~rrrD~~~rrrD_2'],0.3665987780040733,0.4786150712830957,0.22606924643584522,0.6166666666666667,1.288439716312057,1.0,0.05060954616912988,1.360134596652794,0.3534370383244982,0.3651315789473685,0.2647786458333334,0.5445035460992909
['cbeA_1~~~cbeA_2~~~cbeA_3~~~cbeA_4~~~cbeA~~~cbeA_5'],['ldrD_1~~~ldrD_2~~~ldrD_3~~~ldrD'],0.1955193482688391,0.5763747454175153,0.1446028513238289,0.7395833333333333,1.283164016489988,1.0,0.03191043674117826,1.6267209775967406,0.27430914601533235,0.23051948051948049,0.38526642628205104,0.49523336277974084
['cbtA_2~~~cbtA_3~~~cbtA_1~~~cbtA_4'],['ldrD_1~~~ldrD_2~~~ldrD_3~~~ldrD'],0.18737270875763748,0.5763747454175153,0.1384928716904277,0.7391304347826088,1.2823782455062223,1.0,0.03049597438205416,1.6238968092328583,0.27097154651334215,0.22149837133550487,0.3841973244147158,0.48970656014748815
['group_9085'],['deoR_2~~~deoR_3~~~deoR_1'],0.2973523421588595,0.5213849287169042,0.1975560081466395,0.6643835616438356,1.2742669092465755,1.0,0.04252097842633806,1.4260775593333057,0.3063200358583597,0.31803278688524594,0.2987758670941417,0.5216449058219178
['group_5512'],['ldrD_1~~~ldrD_2~~~ldrD_3~~~ldrD'],0.21384928716904278,0.5763747454175153,0.15682281059063136,0.7333333333333333,1.2723203769140163,1.0,0.033565482140857195,1.5885947046843172,0.27225624116815805,0.24758842443729895,0.3705128205128203,0.5027090694935218
['klcA_5~~~klcA'],['ldrD_1~~~ldrD_2~~~ldrD_3~~~ldrD'],0.1446028513238289,0.5763747454175153,0.10590631364562118,0.7323943661971831,1.2706912855223211,1.0,0.02256088202720248,1.5830206881766533,0.2490384615384616,0.17218543046357615,0.3682963163596966,0.4580699746180262
['cbtA_2~~~cbtA_4~~~cbtA_1~~~cbtA_3~~~cbtA'],['deoR_2~~~deoR_3~~~deoR_1'],0.3014256619144603,0.5213849287169042,0.19959266802443992,0.6621621621621622,1.2700063344594597,1.0,0.042433870773723376,1.4167006109979636,0.304337478431606,0.3202614379084968,0.294134560092007,0.5224873310810811
['cbtA_2~~~cbtA_4~~~cbtA_3~~~cbtA_1'],['ldrD_1~~~ldrD_2~~~ldrD_3~~~ldrD'],0.3869653767820774,0.5763747454175153,0.28105906313645623,0.7263157894736842,1.260145062302399,1.0,0.05802199260829349,1.5478615071283097,0.33675188983581306,0.41194029850746267,0.3539473684210526,0.6069741491538032
['higB2_1'],['ldrD_1~~~ldrD_2~~~ldrD_3~~~ldrD'],0.15478615071283094,0.5763747454175153,0.1120162932790224,0.7236842105263158,1.2555793193230425,1.0,0.022801465067757307,1.5331199689651829,0.24083242059145668,0.18092105263157893,0.3477353238866397,0.45901525013948297
['deoR_2~~~deoR_1'],['ldrD_1~~~ldrD_2~~~ldrD_3~~~ldrD'],0.3910386965376782,0.5763747454175153,0.2769857433808554,0.7083333333333334,1.2289458186101296,1.0,0.0516009142155541,1.4524294442828047,0.30592169978359235,0.4011799410029499,0.31149839743589747,0.5944493521790342
['group_10462'],['ldrD_2~~~ldrD_3~~~ldrD'],0.164969450101833,0.7861507128309573,0.15885947046843177,0.9629629629629629,1.2249088466705045,1.0,0.02916861967554471,5.773930753564145,0.21988742964352706,0.20051413881748067,0.8268077601410931,0.5825177509115332
['group_10205'],['deoR_2~~~deoR_3~~~deoR_1'],0.4256619144602851,0.5213849287169042,0.2708757637474542,0.6363636363636365,1.2205255681818186,1.0,0.048942056819077456,1.3161914460285138,0.3145896656534957,0.40060240963855437,0.24023210831721498,0.5779474431818183
['rrrD_5~~~rrrD_3'],['ldrD_2~~~ldrD_3~~~ldrD'],0.14052953156822812,0.7861507128309573,0.13441955193482688,0.9565217391304347,1.2167154764586616,1.0,0.023942160518663838,4.9185336048879735,0.20723825937096066,0.16966580976863752,0.7966873706004136,0.563753097544492
['intQ_1~~~intQ'],['ldrD_1~~~ldrD_2~~~ldrD_3~~~ldrD'],0.2606924643584521,0.5763747454175153,0.18126272912423624,0.6953125,1.206354902826855,1.0,0.031006176347368714,1.3903598099117447,0.23137400563345395,0.2763975155279503,0.28076171874999994,0.504900066254417
['rrrD_1~~~rrrD_3~~~rrrD~~~rrrD_2'],['ldrD_1~~~ldrD_2~~~ldrD_3~~~ldrD'],0.4786150712830957,0.5763747454175153,0.3319755600814664,0.6936170212765957,1.203413277197203,1.0,0.05611392021768613,1.3826657614844986,0.32419478527607337,0.45915492957746473,0.2767594108019639,0.6347943763626795
['group_412'],['ldrD_1~~~ldrD_2~~~ldrD_3~~~ldrD'],0.2240325865580448,0.5763747454175153,0.15478615071283094,0.6909090909090908,1.1987150658528747,1.0,0.0256594256702104,1.37055229423745,0.21363447990053855,0.2397476340694006,0.27036713286713254,0.4797301638291037
['rrrD_4~~~rrrD_3~~~rrrD_1~~~rrrD_2~~~rrrD'],['ldrD_1~~~ldrD_2~~~ldrD_3~~~ldrD'],0.29938900203665986,0.5763747454175153,0.20570264765784113,0.6870748299319728,1.1920626908007017,1.0,0.033142387828157344,1.3537589657309836,0.2299677642182823,0.3069908814589665,0.26131606488749337,0.5219826446479652
['group_10611'],['ldrD_1~~~ldrD_2~~~ldrD_3~~~ldrD'],0.29938900203665986,0.5763747454175153,0.20570264765784113,0.6870748299319728,1.1920626908007017,1.0,0.033142387828157344,1.3537589657309836,0.2299677642182823,0.3069908814589665,0.26131606488749337,0.5219826446479652
['group_298'],['ldrD_1~~~ldrD_2~~~ldrD_3~~~ldrD'],0.29124236252545826,0.5763747454175153,0.19959266802443992,0.6853146853146853,1.1890088709876694,1.0,0.03172792546903322,1.3461869201176735,0.22428454140276796,0.2987804878048781,0.2571611081226465,0.515802218982431
['group_8601'],['ldrD_1~~~ldrD_2~~~ldrD_3~~~ldrD'],0.3665987780040733,0.5763747454175153,0.2505091649694501,0.6833333333333333,1.1855712603062425,1.0,0.03921088762698011,1.3377639618394253,0.24711787310799133,0.36176470588235293,0.2524839743589743,0.5589811542991755
['group_10305'],['ldrD_1~~~ldrD_2~~~ldrD_3~~~ldrD'],0.2240325865580448,0.5763747454175153,0.15274949083503056,0.6818181818181819,1.1829424991969162,1.0,0.023622765792410017,1.3313936572592378,0.19930008748906383,0.2358490566037736,0.2489073426573427,0.4734179248313524
['deoR_2~~~deoR_1'],['deoR_2~~~deoR_3~~~deoR_1'],0.3910386965376782,0.5213849287169042,0.24032586558044808,0.6145833333333334,1.1787516276041667,1.0,0.036444182660599594,1.241812076842627,0.24902216427640184,0.35757575757575766,0.1947251773049647,0.5377604166666667
['rrrD_2~~~rrrD_3~~~rrrD~~~rrrD_1'],['ldrD_2~~~ldrD_3~~~ldrD'],0.35030549898167007,0.7861507128309573,0.32179226069246436,0.9186046511627907,1.1684841547174358,1.0,0.046399342959420276,2.627291242362524,0.22193563747470338,0.39499999999999996,0.6193798449612401,0.6639655380166285
['klcA_3~~~klcA_2~~~klcA_4~~~klcA_1~~~klcA_5'],['ldrD_2~~~ldrD_3~~~ldrD'],0.2830957230142566,0.7861507128309573,0.25865580448065173,0.9136690647482014,1.1622059865061318,1.0,0.03609990003359864,2.4770875763747444,0.1946805654974945,0.31909547738693467,0.5963001027749227,0.6213423043948261
['group_10205'],['ldrD_1~~~ldrD_2~~~ldrD_3~~~ldrD'],0.4256619144602851,0.5763747454175153,0.28105906313645623,0.660287081339713,1.1455864202749084,1.0,0.03571828555547721,1.2470095522216806,0.22127145647034638,0.38983050847457634,0.19808152373941865,0.5739597950868176
['klcA_2~~~klcA_3~~~klcA_1~~~klcA~~~klcA_4'],['ldrD_1~~~ldrD_2~~~ldrD_3~~~ldrD'],0.43380855397148677,0.5763747454175153,0.285132382892057,0.6572769953051643,1.1403639741866982,1.0,0.035096088036800865,1.2360572496721811,0.21739465570400798,0.39325842696629204,0.1909759841097867,0.5759883209741369
['group_8961'],['ldrD_2~~~ldrD_3~~~ldrD'],0.1955193482688391,0.7861507128309573,0.17311608961303462,0.8854166666666667,1.1262683506044906,1.0,0.019408414599242585,1.8663210516571014,0.13935964259121375,0.2141057934508816,0.4641865079365082,0.5528119602763385
['group_487'],['ldrD_2~~~ldrD_3~~~ldrD'],0.18329938900203666,0.7861507128309573,0.16089613034623218,0.8777777777777778,1.1165515256188832,1.0,0.016795185020802128,1.7496759859285311,0.12781337794753614,0.198992443324937,0.42846560846560827,0.5412204951065055
['cbeA_5~~~cbeA_3~~~cbeA_1~~~cbeA_4~~~cbeA'],['ldrD_2~~~ldrD_3~~~ldrD'],0.34012219959266804,0.7861507128309573,0.2973523421588595,0.874251497005988,1.1120660233936273,1.0,0.029965032499450373,1.70061099796334,0.15271435819381013,0.35872235872235875,0.4119760479041915,0.62624491948745
['cbtA_2~~~cbtA_4~~~cbtA_3~~~cbtA_1'],['ldrD_2~~~ldrD_3~~~ldrD'],0.3869653767820774,0.7861507128309573,0.3380855397148676,0.8736842105263158,1.1113444232342515,1.0,0.03387243291673753,1.692973523421589,0.16343113317055596,0.40487804878048783,0.4093233082706768,0.6518680119989092
['group_6374'],['ldrD_1~~~ldrD_2~~~ldrD_3~~~ldrD'],0.24236252545824846,0.5763747454175153,0.15478615071283094,0.6386554621848739,1.1080559432253465,1.0,0.015094511803086907,1.1723582626817597,0.12871392190152783,0.2331288343558282,0.14701842275371665,0.4536033494669952
['group_9085'],['ldrD_2~~~ldrD_3~~~ldrD'],0.2973523421588595,0.7861507128309573,0.25865580448065173,0.8698630136986302,1.1064837816736461,1.0,0.024892048730509653,1.6432629435094865,0.13696222754764348,0.3135802469135802,0.3914546640574038,0.5994392788700404
['dltA_1~~~dltA_2'],['ldrD_2~~~ldrD_3~~~ldrD'],0.2668024439918534,0.7861507128309573,0.23014256619144602,0.8625954198473281,1.0972392516710832,1.0,0.020395634662208922,1.5563475899524764,0.12087020648967527,0.2797029702970296,0.3574700109051247,0.5776707669184827
['group_596'],['ldrD_2~~~ldrD_3~~~ldrD'],0.27494908350305497,0.7861507128309573,0.23625254582484725,0.8592592592592594,1.092995586259835,1.0,0.020101127836702204,1.5194554614642524,0.11734792716001559,0.2864197530864197,0.3418694885361557,0.5798886969871426
['cbtA_2~~~cbtA_3~~~cbtA_1~~~cbtA_4'],['ldrD_2~~~ldrD_3~~~ldrD'],0.18737270875763748,0.7861507128309573,0.16089613034623218,0.858695652173913,1.0922786663662987,1.0,0.013592941791348123,1.5133949553501478,0.10396243773991931,0.19799498746867167,0.3392339544513453,0.531679432304573
['cbtA_2~~~cbtA_4~~~cbtA_1~~~cbtA_3~~~cbtA'],['ldrD_2~~~ldrD_3~~~ldrD'],0.3014256619144603,0.7861507128309573,0.25865580448065173,0.8581081081081081,1.0915312981375156,1.0,0.021689805501055648,1.5071283095723012,0.1200385666077454,0.31203931203931196,0.3364864864864864,0.5935618260747795
['klcA_1~~~klcA_3~~~klcA_6~~~klcA_2~~~klcA_5'],['ldrD_2~~~ldrD_3~~~ldrD'],0.19959266802443992,0.7861507128309573,0.1710794297352342,0.8571428571428571,1.090303478904515,1.0,0.01416951149198814,1.4969450101832986,0.10347752332485137,0.21,0.33197278911564587,0.537379718726869
['group_10305'],['ldrD_2~~~ldrD_3~~~ldrD'],0.2240325865580448,0.7861507128309573,0.19144602851323828,0.8545454545454545,1.0869995289684407,1.0,0.015322650893268203,1.4702138492871681,0.10314402189088043,0.23383084577114424,0.31982683982683946,0.5490343853038153
['rrrD_6~~~rrrD~~~rrrD_2~~~rrrD_3~~~rrrD_4~~~rrrD_1'],['ldrD_1~~~ldrD_2~~~ldrD_3~~~ldrD'],0.20162932790224034,0.5763747454175153,0.12627291242362526,0.6262626262626263,1.0865545918549453,1.0,0.010058859885266766,1.1334837892882699,0.09977781435154694,0.19375,0.11776418026418026,0.422671949173716
['dltA_2~~~tycC~~~dltA_3~~~angR~~~lgrD~~~grsB_1'],['ldrD_2~~~ldrD_3~~~ldrD'],0.2769857433808554,0.7861507128309573,0.23625254582484725,0.8529411764705882,1.0849588540079242,1.0,0.018500006221975174,1.4541751527494902,0.10830500242836319,0.2857142857142857,0.3123249299719885,0.5767296555928071
['srfAA_1~~~srfAA'],['ldrD_2~~~ldrD_3~~~ldrD'],0.2769857433808554,0.7861507128309573,0.23625254582484725,0.8529411764705882,1.0849588540079242,1.0,0.018500006221975174,1.4541751527494902,0.10830500242836319,0.2857142857142857,0.3123249299719885,0.5767296555928071
['ldrD_2~~~ldrD'],['ldrD_2~~~ldrD_3~~~ldrD'],0.23421588594704684,0.7861507128309573,0.19959266802443992,0.8521739130434783,1.0839828790268078,1.0,0.015463682330834866,1.4466275308494074,0.1011723838471559,0.24317617866004962,0.30873706004140805,0.5530299617030863
['group_3432'],['ldrD_2~~~ldrD_3~~~ldrD'],0.27494908350305497,0.7861507128309573,0.23421588594704684,0.8518518518518519,1.0835732105162157,1.0,0.018064467958901792,1.4434826883910385,0.10637518319491947,0.2832512315270936,0.3072310405643738,0.5748896564958741
['cbeA_1~~~cbeA_2~~~cbeA_4~~~cbeA'],['ldrD_2~~~ldrD_3~~~ldrD'],0.14663951120162932,0.7861507128309573,0.12423625254582485,0.8472222222222222,1.0776842256764536,1.0,0.008955496285480813,1.399740788742825,0.08447122344379669,0.15365239294710326,0.2855820105820104,0.5026266551525619
['group_412'],['ldrD_2~~~ldrD_3~~~ldrD'],0.2240325865580448,0.7861507128309573,0.1894093686354379,0.8454545454545455,1.0754357041921807,1.0,0.013285991015467818,1.3837306816820412,0.09039595856969483,0.23076923076923078,0.2773160173160172,0.543193593970796
['group_3432'],['ldrD_1~~~ldrD_2~~~ldrD_3~~~ldrD'],0.27494908350305497,0.5763747454175153,0.1690427698574338,0.6148148148148148,1.066692841251145,1.0,0.010569061850581318,1.0997963340122199,0.08623257073236751,0.24776119402985075,0.09074074074074064,0.45405051694804344
['deoR_2~~~deoR_1'],['ldrD_2~~~ldrD_3~~~ldrD'],0.3910386965376782,0.7861507128309573,0.32790224032586557,0.8385416666666666,1.0666423791018997,1.0,0.02048689029828149,1.3244859076276192,0.10259872452689088,0.38609112709832133,0.24499007936507902,0.6278200561312608
['klcA_5~~~klcA_4~~~klcA~~~klcA_1~~~klcA_3'],['ldrD_2~~~ldrD_3~~~ldrD'],0.3910386965376782,0.7861507128309573,0.32790224032586557,0.8385416666666666,1.0666423791018997,1.0,0.02048689029828149,1.3244859076276192,0.10259872452689088,0.38609112709832133,0.24499007936507902,0.6278200561312608
['klcA_5~~~klcA_4~~~klcA~~~klcA_1~~~klcA_3'],['ldrD_1~~~ldrD_2~~~ldrD_3~~~ldrD'],0.3910386965376782,0.5763747454175153,0.24032586558044808,0.6145833333333334,1.0662912249705536,1.0,0.014941036415146769,1.099135795673474,0.10209171815656702,0.33053221288515405,0.09019431089743589,0.5157722320376914
['group_487'],['ldrD_1~~~ldrD_2~~~ldrD_3~~~ldrD'],0.18329938900203666,0.5763747454175153,0.1120162932790224,0.6111111111111112,1.0602669807616805,1.0,0.0063671546077874175,1.0893220832121036,0.06959873044661068,0.17295597484276728,0.08199786324786326,0.4027287004318807
['cbeA_1~~~cbeA_2~~~cbeA_3~~~cbeA_4~~~cbeA~~~cbeA_5'],['ldrD_2~~~ldrD_3~~~ldrD'],0.1955193482688391,0.7861507128309573,0.1629327902240326,0.8333333333333334,1.0600172711571676,1.0,0.009225115210240553,1.2830957230142566,0.07037974683544312,0.19900497512437812,0.22063492063492063,0.520293609671848
['group_10205'],['ldrD_2~~~ldrD_3~~~ldrD'],0.4256619144602851,0.7861507128309573,0.3543788187372709,0.8325358851674642,1.0590029005627588,1.0,0.019744401259327804,1.276985743380856,0.09700823347191664,0.4133016627078385,0.21690590111642785,0.6416565436200016
['dltA_2~~~tycC~~~dltA_3~~~angR~~~lgrD~~~grsB_1'],['ldrD_1~~~ldrD_2~~~ldrD_3~~~ldrD'],0.2769857433808554,0.5763747454175153,0.1690427698574338,0.6102941176470588,1.058849511536063,1.0,0.009395182532012047,1.087038389117319,0.07687086373663657,0.24702380952380948,0.0800692873303165,0.4517901683641654
['srfAA_1~~~srfAA'],['ldrD_1~~~ldrD_2~~~ldrD_3~~~ldrD'],0.2769857433808554,0.5763747454175153,0.1690427698574338,0.6102941176470588,1.058849511536063,1.0,0.009395182532012047,1.087038389117319,0.07687086373663657,0.24702380952380948,0.0800692873303165,0.4517901683641654
['group_596'],['ldrD_1~~~ldrD_2~~~ldrD_3~~~ldrD'],0.27494908350305497,0.5763747454175153,0.1670061099796334,0.6074074074074074,1.0538411202722155,1.0,0.008532401972780906,1.079045459785574,0.07046451082488332,0.24404761904761904,0.07325498575498562,0.4485800287920429
['cbeA_3~~~cbeA_1~~~cbeA~~~cbeA_2~~~cbeA_5~~~cbeA_4'],['ldrD_2~~~ldrD_3~~~ldrD'],0.37678207739307534,0.7861507128309573,0.31160896130346233,0.8270270270270271,1.051995518834897,1.0,0.01540146257896724,1.236316191446029,0.07930710410525868,0.3660287081339713,0.19114543114543145,0.6117000420109229
['group_6374'],['ldrD_2~~~ldrD_3~~~ldrD'],0.24236252545824846,0.7861507128309573,0.19959266802443992,0.823529411764706,1.047546479731789,1.0,0.009059195871926856,1.2118126272912426,0.059907834101382444,0.2407862407862408,0.1747899159663867,0.5387077110637002
['group_10611'],['ldrD_2~~~ldrD_3~~~ldrD'],0.29938900203665986,0.7861507128309573,0.24643584521384929,0.8231292517006803,1.0470374678368757,1.0,0.011070967848980207,1.209070969763434,0.0641216605804343,0.2936893203883495,0.17291869128603815,0.5683003771456769
['dltA_1~~~dltA_2'],['ldrD_1~~~ldrD_2~~~ldrD_3~~~ldrD'],0.2668024439918534,0.5763747454175153,0.16089613034623218,0.6030534351145038,1.0462870552693333,1.0,0.00711793961365681,1.0672097759674133,0.060337552742615944,0.23582089552238805,0.06297709923664113,0.44110268928870067
['deoR_2~~~deoR_3~~~deoR_1'],['ldrD_2~~~ldrD_3~~~ldrD'],0.5213849287169042,0.7861507128309573,0.4256619144602851,0.81640625,1.0384856703367875,1.0,0.015774781090172996,1.1647961173462753,0.07743052020767578,0.48267898383371816,0.14148065476190458,0.6789285136010362
['cbtA_2~~~cbtA_4~~~cbtA'],['ldrD_2~~~ldrD_3~~~ldrD'],0.14052953156822812,0.7861507128309573,0.11405295315682282,0.8115942028985507,1.0323646466921979,1.0,0.0035755617406597745,1.135046216512611,0.0364759647935003,0.14035087719298245,0.1189786059351272,0.47833596155290226
['klcA_2~~~klcA_3~~~klcA_1~~~klcA~~~klcA_4'],['ldrD_2~~~ldrD_3~~~ldrD'],0.43380855397148677,0.7861507128309573,0.34826883910386963,0.8028169014084506,1.0211997372838064,1.0,0.007229935167018531,1.0845213849287163,0.03666540451849036,0.39953271028037385,0.07793427230046895,0.6229110413778004
['cbeA_2~~~cbeA_4'],['ldrD_2~~~ldrD_3~~~ldrD'],0.18533604887983707,0.7861507128309573,0.14867617107942974,0.8021978021978022,1.0204122302567897,1.0,0.002974104139272682,1.0811269517990496,0.024554794520547856,0.18069306930693071,0.07503924646781787,0.4956584865911291
['group_6803'],['ldrD_2~~~ldrD_3~~~ldrD'],0.23421588594704684,0.7861507128309573,0.18737270875763748,0.8,1.0176165803108808,1.0,0.003243723064032422,1.0692464358452138,0.022606382978723416,0.22493887530562345,0.06476190476190477,0.5191709844559586
['klcA_1~~~klcA~~~klcA_3~~~klcA_2~~~klcA_5~~~klcA_6'],['ldrD_2~~~ldrD_3~~~ldrD'],0.43584521384928715,0.7861507128309573,0.34623217922606925,0.7943925233644861,1.0104837538133746,1.0,0.0035921536744911164,1.040085169413072,0.018390316415374662,0.39534883720930225,0.038540275923453694,0.6174035155682533
['klcA_5~~~klcA'],['fadB_4~~~fadB_3~~~fadB_1~~~fadB_2~~~fadB'],0.1446028513238289,1.0,0.1446028513238289,1.0,1.0,1.0,0.0,inf,0.0,0.1446028513238289,0.0,0.5723014256619144
['cbeA_1~~~cbeA_2~~~cbeA_3~~~cbeA_4~~~cbeA~~~cbeA_5'],['fadB_4~~~fadB_3~~~fadB_1~~~fadB_2~~~fadB'],0.1955193482688391,1.0,0.1955193482688391,1.0,1.0,1.0,0.0,inf,0.0,0.1955193482688391,0.0,0.5977596741344195
['dltA_2~~~tycC~~~dltA_3~~~angR~~~lgrD~~~grsB_1'],['fadB_4~~~fadB_3~~~fadB_1~~~fadB_2~~~fadB'],0.2769857433808554,1.0,0.2769857433808554,1.0,1.0,1.0,0.0,inf,0.0,0.2769857433808554,0.0,0.6384928716904277
['cbeA_2~~~cbeA_4'],['fadB_4~~~fadB_3~~~fadB_1~~~fadB_2~~~fadB'],0.18533604887983707,1.0,0.18533604887983707,1.0,1.0,1.0,0.0,inf,0.0,0.18533604887983707,0.0,0.5926680244399185
['klcA_2~~~klcA_4~~~klcA_1~~~klcA_6'],['fadB_4~~~fadB_3~~~fadB_1~~~fadB_2~~~fadB'],0.12830957230142567,1.0,0.12830957230142567,1.0,1.0,1.0,0.0,inf,0.0,0.1283095723014257,0.0,0.5641547861507128
['group_11078'],['fadB_4~~~fadB_3~~~fadB_1~~~fadB_2~~~fadB'],0.10590631364562118,1.0,0.10590631364562118,1.0,1.0,1.0,0.0,inf,0.0,0.1059063136456212,0.0,0.5529531568228105
['group_10205'],['fadB_4~~~fadB_3~~~fadB_1~~~fadB_2~~~fadB'],0.4256619144602851,1.0,0.4256619144602851,1.0,1.0,1.0,0.0,inf,0.0,0.4256619144602851,0.0,0.7128309572301426
['cbeA_5~~~cbeA~~~cbeA_2'],['fadB_4~~~fadB_3~~~fadB_1~~~fadB_2~~~fadB'],0.10183299389002037,1.0,0.10183299389002037,1.0,1.0,1.0,0.0,inf,0.0,0.10183299389002037,0.0,0.5509164969450102
['klcA_1~~~klcA_3~~~klcA_6~~~klcA_2~~~klcA_5'],['fadB_4~~~fadB_3~~~fadB_1~~~fadB_2~~~fadB'],0.19959266802443992,1.0,0.19959266802443992,1.0,1.0,1.0,0.0,inf,0.0,0.19959266802443992,0.0,0.59979633401222
['deoR_2~~~deoR_1'],['fadB_4~~~fadB_3~~~fadB_1~~~fadB_2~~~fadB'],0.3910386965376782,1.0,0.3910386965376782,1.0,1.0,1.0,0.0,inf,0.0,0.3910386965376782,0.0,0.6955193482688391
['klcA_1~~~klcA_2~~~klcA~~~klcA_3'],['fadB_4~~~fadB_3~~~fadB_1~~~fadB_2~~~fadB'],0.11812627291242363,1.0,0.11812627291242363,1.0,1.0,1.0,0.0,inf,0.0,0.11812627291242363,0.0,0.5590631364562119
['rrrD_4~~~rrrD_3~~~rrrD_1~~~rrrD_2~~~rrrD'],['fadB_4~~~fadB_3~~~fadB_1~~~fadB_2~~~fadB'],0.29938900203665986,1.0,0.29938900203665986,1.0,1.0,1.0,0.0,inf,0.0,0.29938900203665986,0.0,0.6496945010183299
['ldrD_2'],['fadB_4~~~fadB_3~~~fadB_1~~~fadB_2~~~fadB'],0.14663951120162932,1.0,0.14663951120162932,1.0,1.0,1.0,0.0,inf,0.0,0.14663951120162932,0.0,0.5733197556008147
['rrrD_2~~~rrrD_1~~~rrrD_4'],['fadB_4~~~fadB_3~~~fadB_1~~~fadB_2~~~fadB'],0.11405295315682282,1.0,0.11405295315682282,1.0,1.0,1.0,0.0,inf,0.0,0.11405295315682282,0.0,0.5570264765784114
['group_596'],['fadB_4~~~fadB_3~~~fadB_1~~~fadB_2~~~fadB'],0.27494908350305497,1.0,0.27494908350305497,1.0,1.0,1.0,0.0,inf,0.0,0.27494908350305497,0.0,0.6374745417515275
['rrrD_1~~~rrrD_3~~~rrrD~~~rrrD_2'],['fadB_4~~~fadB_3~~~fadB_1~~~fadB_2~~~fadB'],0.4786150712830957,1.0,0.4786150712830957,1.0,1.0,1.0,0.0,inf,0.0,0.4786150712830957,0.0,0.7393075356415478
['ldrD_1~~~ldrD_2~~~ldrD_3~~~ldrD'],['fadB_4~~~fadB_3~~~fadB_1~~~fadB_2~~~fadB'],0.5763747454175153,1.0,0.5763747454175153,1.0,1.0,1.0,0.0,inf,0.0,0.5763747454175154,0.0,0.7881873727087576
['cbtA_2~~~cbtA_4~~~cbtA_1~~~cbtA_3~~~cbtA'],['fadB_4~~~fadB_3~~~fadB_1~~~fadB_2~~~fadB'],0.3014256619144603,1.0,0.3014256619144603,1.0,1.0,1.0,0.0,inf,0.0,0.30142566191446035,0.0,0.6507128309572301
['group_9085'],['fadB_4~~~fadB_3~~~fadB_1~~~fadB_2~~~fadB'],0.2973523421588595,1.0,0.2973523421588595,1.0,1.0,1.0,0.0,inf,0.0,0.2973523421588595,0.0,0.6486761710794298
['group_3432'],['fadB_4~~~fadB_3~~~fadB_1~~~fadB_2~~~fadB'],0.27494908350305497,1.0,0.27494908350305497,1.0,1.0,1.0,0.0,inf,0.0,0.27494908350305497,0.0,0.6374745417515275
['group_8601'],['fadB_4~~~fadB_3~~~fadB_1~~~fadB_2~~~fadB'],0.3665987780040733,1.0,0.3665987780040733,1.0,1.0,1.0,0.0,inf,0.0,0.3665987780040733,0.0,0.6832993890020367
['dltA_1~~~dltA_2'],['fadB_4~~~fadB_3~~~fadB_1~~~fadB_2~~~fadB'],0.2668024439918534,1.0,0.2668024439918534,1.0,1.0,1.0,0.0,inf,0.0,0.26680244399185343,0.0,0.6334012219959266
['higB2_1'],['fadB_4~~~fadB_3~~~fadB_1~~~fadB_2~~~fadB'],0.15478615071283094,1.0,0.15478615071283094,1.0,1.0,1.0,0.0,inf,0.0,0.15478615071283094,0.0,0.5773930753564155
['group_6803'],['fadB_4~~~fadB_3~~~fadB_1~~~fadB_2~~~fadB'],0.23421588594704684,1.0,0.23421588594704684,1.0,1.0,1.0,0.0,inf,0.0,0.23421588594704684,0.0,0.6171079429735234
['cbtA_2~~~cbtA_4~~~cbtA_3~~~cbtA_1'],['fadB_4~~~fadB_3~~~fadB_1~~~fadB_2~~~fadB'],0.3869653767820774,1.0,0.3869653767820774,1.0,1.0,1.0,0.0,inf,0.0,0.3869653767820774,0.0,0.6934826883910387
['klcA_5~~~klcA_4~~~klcA~~~klcA_1~~~klcA_3'],['fadB_4~~~fadB_3~~~fadB_1~~~fadB_2~~~fadB'],0.3910386965376782,1.0,0.3910386965376782,1.0,1.0,1.0,0.0,inf,0.0,0.3910386965376782,0.0,0.6955193482688391
['cbeA_1~~~cbeA_2~~~cbeA_4~~~cbeA'],['fadB_4~~~fadB_3~~~fadB_1~~~fadB_2~~~fadB'],0.14663951120162932,1.0,0.14663951120162932,1.0,1.0,1.0,0.0,inf,0.0,0.14663951120162932,0.0,0.5733197556008147
['cbtA_2~~~cbtA_3~~~cbtA_1~~~cbtA_4'],['fadB_4~~~fadB_3~~~fadB_1~~~fadB_2~~~fadB'],0.18737270875763748,1.0,0.18737270875763748,1.0,1.0,1.0,0.0,inf,0.0,0.18737270875763748,0.0,0.5936863543788188
['group_298'],['fadB_4~~~fadB_3~~~fadB_1~~~fadB_2~~~fadB'],0.29124236252545826,1.0,0.29124236252545826,1.0,1.0,1.0,0.0,inf,0.0,0.29124236252545826,0.0,0.6456211812627292
['intQ_1~~~intQ'],['fadB_4~~~fadB_3~~~fadB_1~~~fadB_2~~~fadB'],0.2606924643584521,1.0,0.2606924643584521,1.0,1.0,1.0,0.0,inf,0.0,0.2606924643584521,0.0,0.630346232179226
['group_10305'],['fadB_4~~~fadB_3~~~fadB_1~~~fadB_2~~~fadB'],0.2240325865580448,1.0,0.2240325865580448,1.0,1.0,1.0,0.0,inf,0.0,0.2240325865580448,0.0,0.6120162932790224
['srfAA_1~~~srfAA'],['fadB_4~~~fadB_3~~~fadB_1~~~fadB_2~~~fadB'],0.2769857433808554,1.0,0.2769857433808554,1.0,1.0,1.0,0.0,inf,0.0,0.2769857433808554,0.0,0.6384928716904277
['ldrD_2~~~ldrD_3~~~ldrD'],['fadB_4~~~fadB_3~~~fadB_1~~~fadB_2~~~fadB'],0.7861507128309573,1.0,0.7861507128309573,1.0,1.0,1.0,0.0,inf,0.0,0.7861507128309573,0.0,0.8930753564154786
['klcA_3~~~klcA_6~~~klcA~~~klcA_2~~~klcA_4'],['fadB_4~~~fadB_3~~~fadB_1~~~fadB_2~~~fadB'],0.15071283095723015,1.0,0.15071283095723015,1.0,1.0,1.0,0.0,inf,0.0,0.15071283095723015,0.0,0.575356415478615
['rrrD_2~~~rrrD_3~~~rrrD~~~rrrD_1'],['fadB_4~~~fadB_3~~~fadB_1~~~fadB_2~~~fadB'],0.35030549898167007,1.0,0.35030549898167007,1.0,1.0,1.0,0.0,inf,0.0,0.35030549898167007,0.0,0.675152749490835
['group_10027'],['fadB_4~~~fadB_3~~~fadB_1~~~fadB_2~~~fadB'],0.1425661914460285,1.0,0.1425661914460285,1.0,1.0,1.0,0.0,inf,0.0,0.1425661914460285,0.0,0.5712830957230143
['rrrD_2'],['fadB_4~~~fadB_3~~~fadB_1~~~fadB_2~~~fadB'],0.20570264765784113,1.0,0.20570264765784113,1.0,1.0,1.0,0.0,inf,0.0,0.20570264765784113,0.0,0.6028513238289206
['group_8961'],['fadB_4~~~fadB_3~~~fadB_1~~~fadB_2~~~fadB'],0.1955193482688391,1.0,0.1955193482688391,1.0,1.0,1.0,0.0,inf,0.0,0.1955193482688391,0.0,0.5977596741344195
['cbtA_2~~~cbtA_4~~~cbtA'],['fadB_4~~~fadB_3~~~fadB_1~~~fadB_2~~~fadB'],0.14052953156822812,1.0,0.14052953156822812,1.0,1.0,1.0,0.0,inf,0.0,0.14052953156822814,0.0,0.570264765784114
['deoR_2~~~deoR_3~~~deoR_1'],['fadB_4~~~fadB_3~~~fadB_1~~~fadB_2~~~fadB'],0.5213849287169042,1.0,0.5213849287169042,1.0,1.0,1.0,0.0,inf,0.0,0.5213849287169043,0.0,0.7606924643584521
['rrrD_6~~~rrrD~~~rrrD_2~~~rrrD_3~~~rrrD_4~~~rrrD_1'],['fadB_4~~~fadB_3~~~fadB_1~~~fadB_2~~~fadB'],0.20162932790224034,1.0,0.20162932790224034,1.0,1.0,1.0,0.0,inf,0.0,0.20162932790224034,0.0,0.6008146639511202
['cbeA_5~~~cbeA_3~~~cbeA_1~~~cbeA_4~~~cbeA'],['fadB_4~~~fadB_3~~~fadB_1~~~fadB_2~~~fadB'],0.34012219959266804,1.0,0.34012219959266804,1.0,1.0,1.0,0.0,inf,0.0,0.34012219959266804,0.0,0.670061099796334
['rrrD_5~~~rrrD_3'],['fadB_4~~~fadB_3~~~fadB_1~~~fadB_2~~~fadB'],0.14052953156822812,1.0,0.14052953156822812,1.0,1.0,1.0,0.0,inf,0.0,0.14052953156822814,0.0,0.570264765784114
['group_412'],['fadB_4~~~fadB_3~~~fadB_1~~~fadB_2~~~fadB'],0.2240325865580448,1.0,0.2240325865580448,1.0,1.0,1.0,0.0,inf,0.0,0.2240325865580448,0.0,0.6120162932790224
['klcA_1~~~klcA~~~klcA_3~~~klcA_2~~~klcA_5~~~klcA_6'],['fadB_4~~~fadB_3~~~fadB_1~~~fadB_2~~~fadB'],0.43584521384928715,1.0,0.43584521384928715,1.0,1.0,1.0,0.0,inf,0.0,0.43584521384928715,0.0,0.7179226069246436
['klcA_2~~~klcA_3~~~klcA_1~~~klcA~~~klcA_4'],['fadB_4~~~fadB_3~~~fadB_1~~~fadB_2~~~fadB'],0.43380855397148677,1.0,0.43380855397148677,1.0,1.0,1.0,0.0,inf,0.0,0.43380855397148677,0.0,0.7169042769857434
['group_6673'],['fadB_4~~~fadB_3~~~fadB_1~~~fadB_2~~~fadB'],0.1934826883910387,1.0,0.1934826883910387,1.0,1.0,1.0,0.0,inf,0.0,0.1934826883910387,0.0,0.5967413441955194
['group_10611'],['fadB_4~~~fadB_3~~~fadB_1~~~fadB_2~~~fadB'],0.29938900203665986,1.0,0.29938900203665986,1.0,1.0,1.0,0.0,inf,0.0,0.29938900203665986,0.0,0.6496945010183299
['group_5473'],['fadB_4~~~fadB_3~~~fadB_1~~~fadB_2~~~fadB'],0.14663951120162932,1.0,0.14663951120162932,1.0,1.0,1.0,0.0,inf,0.0,0.14663951120162932,0.0,0.5733197556008147
['klcA_3~~~klcA_2~~~klcA_4~~~klcA_1~~~klcA_5'],['fadB_4~~~fadB_3~~~fadB_1~~~fadB_2~~~fadB'],0.2830957230142566,1.0,0.2830957230142566,1.0,1.0,1.0,0.0,inf,0.0,0.2830957230142566,0.0,0.6415478615071283
['klcA_1~~~klcA_2~~~klcA_3~~~klcA~~~klcA_4~~~klcA_5'],['fadB_4~~~fadB_3~~~fadB_1~~~fadB_2~~~fadB'],0.12423625254582485,1.0,0.12423625254582485,1.0,1.0,1.0,0.0,inf,0.0,0.12423625254582485,0.0,0.5621181262729125
['cbeA_3~~~cbeA_1~~~cbeA~~~cbeA_2~~~cbeA_5~~~cbeA_4'],['fadB_4~~~fadB_3~~~fadB_1~~~fadB_2~~~fadB'],0.37678207739307534,1.0,0.37678207739307534,1.0,1.0,1.0,0.0,inf,0.0,0.37678207739307534,0.0,0.6883910386965377
['ldrD_2~~~ldrD'],['fadB_4~~~fadB_3~~~fadB_1~~~fadB_2~~~fadB'],0.23421588594704684,1.0,0.23421588594704684,1.0,1.0,1.0,0.0,inf,0.0,0.23421588594704684,0.0,0.6171079429735234
['group_5512'],['fadB_4~~~fadB_3~~~fadB_1~~~fadB_2~~~fadB'],0.21384928716904278,1.0,0.21384928716904278,1.0,1.0,1.0,0.0,inf,0.0,0.21384928716904278,0.0,0.6069246435845214
['group_10462'],['fadB_4~~~fadB_3~~~fadB_1~~~fadB_2~~~fadB'],0.164969450101833,1.0,0.164969450101833,1.0,1.0,1.0,0.0,inf,0.0,0.164969450101833,0.0,0.5824847250509165
['group_482'],['fadB_4~~~fadB_3~~~fadB_1~~~fadB_2~~~fadB'],0.17515274949083504,1.0,0.17515274949083504,1.0,1.0,1.0,0.0,inf,0.0,0.17515274949083506,0.0,0.5875763747454175
['group_487'],['fadB_4~~~fadB_3~~~fadB_1~~~fadB_2~~~fadB'],0.18329938900203666,1.0,0.18329938900203666,1.0,1.0,1.0,0.0,inf,0.0,0.18329938900203666,0.0,0.5916496945010183
['group_6374'],['fadB_4~~~fadB_3~~~fadB_1~~~fadB_2~~~fadB'],0.24236252545824846,1.0,0.24236252545824846,1.0,1.0,1.0,0.0,inf,0.0,0.24236252545824846,0.0,0.6211812627291242
['fadB_4~~~fadB_3~~~fadB_1~~~fadB_2~~~fadB'],['ldrD_2~~~ldrD_3~~~ldrD'],1.0,0.7861507128309573,0.7861507128309573,0.7861507128309573,1.0,1.0,0.0,1.0,0.0,0.7861507128309573,0.0,0.8930753564154786
['group_298'],['ldrD_2~~~ldrD_3~~~ldrD'],0.29124236252545826,0.7861507128309573,0.22810590631364563,0.7832167832167832,0.9962679807239392,1.0,-0.0008544845923154631,0.9864660666184875,-0.005257516206421423,0.2685851318944844,-0.01371961371961388,0.5366861118156455
['group_10027'],['ldrD_2~~~ldrD_3~~~ldrD'],0.1425661914460285,0.7861507128309573,0.109979633401222,0.7714285714285715,0.9812731310140637,1.0,-0.002098879629668038,0.9355906313645621,-0.021772805507745276,0.1343283582089552,-0.06884353741496606,0.4556624722427831
['group_6673'],['ldrD_2~~~ldrD_3~~~ldrD'],0.1934826883910387,0.7861507128309573,0.14867617107942974,0.768421052631579,0.9774475047722935,1.0,-0.0034303823196353,0.9234401036845029,-0.027812342357491096,0.17892156862745098,-0.08290726817042603,0.4787701118080175
['rrrD_6~~~rrrD~~~rrrD_2~~~rrrD_3~~~rrrD_4~~~rrrD_1'],['ldrD_2~~~ldrD_3~~~ldrD'],0.20162932790224034,0.7861507128309573,0.15478615071283094,0.7676767676767676,0.9765007588841784,1.0,-0.0037248891451421295,0.9204817143363141,-0.029260345389377964,0.18581907090464544,-0.08638768638768687,0.48228397969330605
['ldrD_1~~~ldrD_2~~~ldrD_3~~~ldrD'],['ldrD_2~~~ldrD_3~~~ldrD'],0.5763747454175153,0.7861507128309573,0.4419551934826884,0.7667844522968198,0.9753657152273018,1.0,-0.011162223485052802,0.9169598222551377,-0.05626528948083748,0.48008849557522115,-0.09056032306915719,0.6644803090499642
['higB2_1'],['ldrD_2~~~ldrD_3~~~ldrD'],0.15478615071283094,0.7861507128309573,0.11812627291242363,0.7631578947368421,0.9707526588491955,1.0,-0.003558969806828405,0.9029192124915139,-0.034419127086007646,0.14356435643564355,-0.10751879699248125,0.45670848104717754
['klcA_5~~~klcA'],['ldrD_2~~~ldrD_3~~~ldrD'],0.1446028513238289,0.7861507128309573,0.109979633401222,0.7605633802816901,0.9674523826899218,1.0,-0.0037000012443950403,0.8931352581765901,-0.037841506872560694,0.13399503722084366,-0.11965124077800166,0.45022987666934244
['group_8601'],['ldrD_2~~~ldrD_3~~~ldrD'],0.3665987780040733,0.7861507128309573,0.2729124236252546,0.7444444444444445,0.9469487622337363,1.0,-0.015289467025605519,0.8368015584875585,-0.08126102292768968,0.3101851851851852,-0.1950264550264552,0.5457973517559009
['group_482'],['ldrD_2~~~ldrD_3~~~ldrD'],0.17515274949083504,0.7861507128309573,0.13034623217922606,0.7441860465116278,0.9466200747077959,1.0,-0.007350226687295985,0.8359563043880757,-0.06398959988444328,0.15686274509803919,-0.19623477297895986,0.454994577659959
['klcA_3~~~klcA_6~~~klcA~~~klcA_2~~~klcA_4'],['ldrD_2~~~ldrD_3~~~ldrD'],0.15071283095723015,0.7861507128309573,0.1120162932790224,0.7432432432432432,0.9454208094104466,1.0,-0.006466706210775636,0.8328866973952189,-0.06364824038540054,0.13580246913580246,-0.2006435006435011,0.4428651449376838
['group_5473'],['ldrD_2~~~ldrD_3~~~ldrD'],0.14663951120162932,0.7861507128309573,0.1079429735234216,0.7361111111111112,0.9363485895221647,1.0,-0.007337782736922441,0.8103762461142673,-0.07378211544878206,0.1308641975308642,-0.23399470899470903,0.43670840529648824
['rrrD_2'],['ldrD_2~~~ldrD_3~~~ldrD'],0.20570264765784113,0.7861507128309573,0.14867617107942974,0.7227722772277229,0.919381316369979,1.0,-0.013037112007997315,0.7713849287169043,-0.09942112422104833,0.17632850241545892,-0.2963696369636962,0.4559457241060894
['rrrD_1~~~rrrD_3~~~rrrD~~~rrrD_2'],['ldrD_2~~~ldrD_3~~~ldrD'],0.4786150712830957,0.7861507128309573,0.3319755600814664,0.6936170212765957,0.882295226546136,1.0,-0.04428801937937876,0.6979803122878477,-0.20374010113538804,0.3558951965065502,-0.4327051671732526,0.5579484070113548
['group_5512'],['ldrD_2~~~ldrD_3~~~ldrD'],0.21384928716904278,0.7861507128309573,0.1384928716904277,0.6476190476190476,0.8237848507278559,1.0,-0.029624897855907356,0.6068695987229591,-0.2138963761605271,0.1607565011820331,-0.6478004535147395,0.41189242536392795
['rrrD_4~~~rrrD_3~~~rrrD_1~~~rrrD_2~~~rrrD'],['ldrD_2~~~ldrD_3~~~ldrD'],0.29938900203665986,0.7861507128309573,0.18533604887983707,0.6190476190476191,0.7874414014310387,1.0,-0.05002882848503201,0.5613543788187372,-0.27812752219531883,0.20588235294117646,-0.7814058956916102,0.4273994571922033
['intQ_1~~~intQ'],['ldrD_2~~~ldrD_3~~~ldrD'],0.2606924643584521,0.7861507128309573,0.15682281059063136,0.6015625,0.7651999676165803,1.0,-0.048120756094424705,0.536719779561519,-0.293310072815534,0.17620137299771166,-0.8631696428571433,0.40052218264248707
