Gene,rUTI_count,UTI_count,rUTI_proportion,UTI_proportion,Difference_rUTI_minus_UTI
group_10205,135,74,0.569620253164557,0.29133858267716534,0.27828167048739166
group_8601,119,61,0.5021097046413502,0.24015748031496062,0.26195222432638954
cbtA~~~cbtA_1~~~cbtA_2~~~cbtA_3,174,122,0.7341772151898734,0.48031496062992124,0.2538622545599522
ldrD_1~~~ldrD_2~~~ldrD_3~~~ldrD,162,121,0.6835443037974683,0.4763779527559055,0.20716635104156284
group_6803,80,35,0.33755274261603374,0.1377952755905512,0.19975746702548255
group_6673,70,25,0.29535864978902954,0.0984251968503937,0.19693345293863584
group_5512,74,31,0.31223628691983124,0.1220472440944882,0.19018904282534305
group_10462,62,19,0.2616033755274262,0.07480314960629922,0.18680022592112697
cbeA_1~~~cbeA_2~~~cbeA_3~~~cbeA_4~~~cbeA~~~cbeA_5,69,27,0.2911392405063291,0.1062992125984252,0.1848400279079039
higB2_1,59,17,0.2489451476793249,0.06692913385826772,0.1820160138210572
group_10611,93,54,0.3924050632911392,0.2125984251968504,0.17980663809428882
ldrD_2,55,17,0.2320675105485232,0.06692913385826772,0.1651383766902555
group_10305,73,37,0.3080168776371308,0.14566929133858267,0.16234758629854815
group_9085,90,56,0.379746835443038,0.2204724409448819,0.1592743944981561
group_11078,43,9,0.18143459915611815,0.03543307086614173,0.14600152828997642
klcA_2~~~klcA_3~~~klcA_1~~~klcA~~~klcA_4,120,93,0.5063291139240507,0.3661417322834646,0.14018738164058608
group_5473,50,22,0.2109704641350211,0.08661417322834646,0.12435629090667465
klcA_1~~~klcA~~~klcA_3~~~klcA_2~~~klcA_5~~~klcA_6,118,96,0.4978902953586498,0.3779527559055118,0.11993753945313801
group_487,57,33,0.24050632911392406,0.12992125984251968,0.11058506927140438
group_4771,28,3,0.11814345991561181,0.011811023622047244,0.10633243629356456
klcA_5~~~klcA,46,25,0.1940928270042194,0.0984251968503937,0.09566763015382569
group_8337,18,6,0.0759493670886076,0.023622047244094488,0.05232731984451311
metG_1~~~metG_2~~~metG,6,24,0.02531645569620253,0.09448818897637795,-0.06917173328017542
glmU_3~~~glmU_1,1,22,0.004219409282700422,0.08661417322834646,-0.08239476394564603
group_7827,1,25,0.004219409282700422,0.0984251968503937,-0.09420578756769328
group_6554,8,34,0.03375527426160337,0.13385826771653545,-0.10010299345493207
gadA~~~gadB_3~~~gadB_2~~~gadB,2,32,0.008438818565400843,0.12598425196850394,-0.1175454334031031
group_11659,81,117,0.34177215189873417,0.46062992125984253,-0.11885776936110837
group_4412,8,42,0.03375527426160337,0.16535433070866143,-0.13159905644705805
group_10489,13,48,0.05485232067510549,0.1889763779527559,-0.13412405727765042
group_1721,7,45,0.029535864978902954,0.17716535433070865,-0.1476294893518057
group_867,9,49,0.0379746835443038,0.19291338582677164,-0.15493870228246784
mazF~~~mazF_1,116,165,0.48945147679324896,0.6496062992125984,-0.16015482241934942
btuB_3~~~cirA_1,19,63,0.08016877637130802,0.24803149606299213,-0.1678627196916841
group_6498,10,55,0.04219409282700422,0.21653543307086615,-0.17434134024386194
group_10976,32,80,0.1350210970464135,0.31496062992125984,-0.17993953287484635
group_12145,31,83,0.1308016877637131,0.32677165354330706,-0.19596996577959397
group_9621,7,58,0.029535864978902954,0.2283464566929134,-0.19881059171401044
agaC_2,4,55,0.016877637130801686,0.21653543307086615,-0.19965779594006447
group_12144,24,81,0.10126582278481013,0.3188976377952756,-0.21763181501046547
group_9743,15,73,0.06329113924050633,0.2874015748031496,-0.22411043556264326
group_12142,25,84,0.10548523206751055,0.33070866141732286,-0.22522342934981232
group_852,54,119,0.22784810126582278,0.468503937007874,-0.24065583574205124
group_11500,30,97,0.12658227848101267,0.38188976377952755,-0.2553074852985149
espC,15,81,0.06329113924050633,0.3188976377952756,-0.25560649855476925
group_9905,47,116,0.19831223628691982,0.4566929133858268,-0.258380677098907
group_3974,2,69,0.008438818565400843,0.27165354330708663,-0.2632147247416858
flu_1~~~flu_2~~~flu~~~flu_3~~~flu_4,70,142,0.29535864978902954,0.5590551181102362,-0.2636964683212067
group_7498,48,121,0.20253164556962025,0.4763779527559055,-0.2738463071862852
papA~~~papA_2~~~papA_1,47,123,0.19831223628691982,0.484251968503937,-0.2859397322170172
group_9306,40,116,0.16877637130801687,0.4566929133858268,-0.2879165420778099
group_10659,4,81,0.016877637130801686,0.3188976377952756,-0.3020200006644739
group_8676,29,112,0.12236286919831224,0.4409448818897638,-0.31858201269145153
group_5784,17,105,0.07172995780590717,0.41338582677165353,-0.34165586896574635
gadB_1~~~gadB~~~gadA,28,119,0.11814345991561181,0.468503937007874,-0.3503604770922622
tufB~~~tuf1,118,237,0.4978902953586498,0.9330708661417323,-0.4351805707830825
