antecedents,consequents,antecedent support,consequent support,support,confidence,lift,representativity,leverage,conviction,zhangs_metric,jaccard,certainty,kulczynski,rUTI_prop,UTI_prop
['group_10462'],"['group_10611', 'rUTI']",0.164969450101833,0.1894093686354379,0.10386965376782077,0.6296296296296295,3.3241736360015923,1.0,0.0726228943798972,2.1885947046843173,0.8373027259684361,0.41463414634146334,0.5430857993672062,0.5890083632019115,0.7654320987654321,0.2345679012345679
['group_10462'],"['deoR_2~~~deoR_1', 'rUTI']",0.164969450101833,0.24236252545824846,0.11812627291242363,0.7160493827160493,2.9544558564166405,1.0,0.07814386036228488,2.6682015407774724,0.7922203532380152,0.40845070422535207,0.6252157175096242,0.6017221703496214,0.7654320987654321,0.2345679012345679
['ldrD_2'],"['ldrD_1~~~ldrD_2~~~ldrD_3~~~ldrD', 'rUTI']",0.14663951120162932,0.329938900203666,0.109979633401222,0.75,2.273148148148148,1.0,0.061597554348953254,2.680244399185336,0.6563245823389021,0.29999999999999993,0.6268996960486322,0.5416666666666666,0.7638888888888888,0.2361111111111111
['group_10462'],"['ldrD_2~~~ldrD_3~~~ldrD', 'rUTI']",0.164969450101833,0.3625254582484725,0.12627291242362526,0.7654320987654321,2.1113885421001526,1.0,0.06646728692845974,2.717654625361775,0.6303697875688435,0.3147208121827411,0.6320356565297992,0.5568733527535026,0.7654320987654321,0.2345679012345679
['group_10462'],"['ldrD_1~~~ldrD_2~~~ldrD_3~~~ldrD', 'rUTI']",0.164969450101833,0.329938900203666,0.1079429735234216,0.654320987654321,1.983158055174516,1.0,0.05351313458961926,1.9383910386965377,0.5936953520478602,0.2789473684210526,0.4841082216968742,0.49074074074074076,0.7654320987654321,0.2345679012345679
"['group_6673', 'cbtA_2~~~cbtA_4~~~cbtA_3~~~cbtA_1']",['rUTI'],0.109979633401222,0.48268839103869654,0.10183299389002037,0.925925925925926,1.9182684794499143,1.0,0.04874710159655884,6.983706720977607,0.5378489702517162,0.20746887966804983,0.856809565470983,0.5684481950304736,0.9259259259259259,0.07407407407407407
"['group_412', 'deoR_2~~~deoR_1']",['rUTI'],0.1384928716904277,0.48268839103869654,0.12016293279022404,0.8676470588235294,1.79753040456689,1.0,0.05331403138364285,3.90857660104096,0.5150058099931883,0.23983739837398377,0.7441523853635943,0.5582961032514272,0.8676470588235294,0.1323529411764706
"['group_6673', 'deoR_2~~~deoR_3~~~deoR_1']",['rUTI'],0.13034623217922606,0.48268839103869654,0.1120162932790224,0.8593750000000001,1.7803929324894516,1.0,0.049099680190475406,3.678660330391494,0.5040238450074516,0.22357723577235775,0.7281619094488191,0.5457212552742616,0.859375,0.140625
"['group_10205', 'group_298']",['rUTI'],0.15682281059063136,0.48268839103869654,0.13238289205702647,0.8441558441558441,1.7488629513945968,1.0,0.056686341934868364,3.319416157501696,0.5078409513192123,0.26104417670682734,0.6987422026792105,0.5592087237656858,0.8441558441558441,0.15584415584415584
"['ldrD_1~~~ldrD_2~~~ldrD_3~~~ldrD', 'group_10462']",['rUTI'],0.12830957230142567,0.48268839103869654,0.1079429735234216,0.8412698412698413,1.7428839327573504,1.0,0.046009432514383136,3.259063136456212,0.4889790160465527,0.21457489878542513,0.6931633545806775,0.5324492666264818,0.8412698412698413,0.15873015873015872
"['group_8601', 'group_412']",['rUTI'],0.12830957230142567,0.48268839103869654,0.1079429735234216,0.8412698412698413,1.7428839327573504,1.0,0.046009432514383136,3.259063136456212,0.4889790160465527,0.21457489878542513,0.6931633545806775,0.5324492666264818,0.8412698412698413,0.15873015873015872
"['group_10205', 'group_412']",['rUTI'],0.12423625254582485,0.48268839103869654,0.10386965376782077,0.8360655737704917,1.7321020958705124,1.0,0.04390225691779941,3.15560081466395,0.48262653898768804,0.20647773279352227,0.6831031366980765,0.5256277235941066,0.8360655737704918,0.16393442622950818
"['group_10205', 'group_6374']",['rUTI'],0.12830957230142567,0.48268839103869654,0.10590631364562118,0.8253968253968254,1.7099993302524947,1.0,0.043972772636582724,2.962784669505646,0.4763209920920201,0.2096774193548387,0.6624796900387451,0.5224030540486236,0.8253968253968254,0.1746031746031746
"['group_8601', 'group_9085']",['rUTI'],0.1384928716904277,0.48268839103869654,0.11405295315682282,0.8235294117647058,1.7061305534872175,1.0,0.04720405175024163,2.931432450780719,0.4804120229652145,0.22489959839357435,0.6588698471514589,0.5299081657979647,0.8235294117647058,0.17647058823529413
['cbeA_1~~~cbeA_2~~~cbeA_3~~~cbeA_4~~~cbeA~~~cbeA_5'],"['ldrD_2~~~ldrD_3~~~ldrD', 'rUTI']",0.1955193482688391,0.3625254582484725,0.12016293279022404,0.6145833333333334,1.6952832397003748,1.0,0.04928219146262046,1.6539880002201797,0.5098047629264107,0.27441860465116286,0.3954006922257722,0.4730220037453184,0.71875,0.28125
"['group_596', 'group_9085']",['rUTI'],0.13441955193482688,0.48268839103869654,0.109979633401222,0.8181818181818182,1.6950517836593786,1.0,0.0450968761536579,2.8452138492871697,0.47372549019607846,0.21686746987951805,0.6485325697924124,0.5230149597238205,0.8181818181818182,0.18181818181818182
"['group_8601', 'group_6374']",['rUTI'],0.1446028513238289,0.48268839103869654,0.11812627291242363,0.8169014084507042,1.6923991204611637,1.0,0.048328155267316805,2.825317248942504,0.4782840722495896,0.232,0.6460574470444715,0.5308135734236643,0.8169014084507042,0.18309859154929578
"['dltA_1~~~dltA_2', 'group_9085']",['rUTI'],0.13238289205702647,0.48268839103869654,0.1079429735234216,0.8153846153846155,1.6892567348263552,1.0,0.04404328835536604,2.8021045485403953,0.47028080432279207,0.21285140562249,0.6431253785584496,0.519506653683869,0.8153846153846154,0.18461538461538463
"['dltA_1~~~dltA_2', 'group_10611']",['rUTI'],0.13034623217922606,0.48268839103869654,0.10590631364562118,0.8125000000000001,1.6832805907172999,1.0,0.042989700557074184,2.75899524779362,0.4667627454512701,0.20883534136546186,0.6375492125984255,0.5159546413502111,0.8125,0.1875
"['ldrD_1~~~ldrD_2~~~ldrD_3~~~ldrD', 'group_9085']",['rUTI'],0.16089613034623218,0.48268839103869654,0.13034623217922606,0.8101265822784809,1.678363510121241,1.0,0.052683537898050845,2.7245078071961966,0.4816823422330096,0.2539682539682539,0.6329612279477721,0.540084388185654,0.810126582278481,0.189873417721519
"['rrrD_1~~~rrrD_3~~~rrrD~~~rrrD_2', 'klcA_1~~~klcA_3~~~klcA_6~~~klcA_2~~~klcA_5']",['rUTI'],0.12830957230142567,0.48268839103869654,0.10386965376782077,0.8095238095238094,1.6771147277476388,1.0,0.04193611275878231,2.715885947046842,0.4631665750412314,0.2048192771084337,0.6317960254968127,0.5123568414707654,0.8095238095238095,0.19047619047619047
"['group_10205', 'cbeA_1~~~cbeA_2~~~cbeA_3~~~cbeA_4~~~cbeA~~~cbeA_5']",['rUTI'],0.1384928716904277,0.48268839103869654,0.1120162932790224,0.8088235294117647,1.6756639364606603,1.0,0.04516739187244122,2.7059376468745104,0.4680421233612723,0.22,0.6304423344140806,0.520445519980144,0.8088235294117647,0.19117647058823528
"['cbtA_2~~~cbtA_3~~~cbtA_1~~~cbtA_4', 'ldrD_1~~~ldrD_2~~~ldrD_3~~~ldrD']",['rUTI'],0.1384928716904277,0.48268839103869654,0.1120162932790224,0.8088235294117647,1.6756639364606603,1.0,0.04516739187244122,2.7059376468745104,0.4680421233612723,0.22,0.6304423344140806,0.520445519980144,0.8088235294117647,0.19117647058823528
"['group_6374', 'cbtA_2~~~cbtA_4~~~cbtA_3~~~cbtA_1']",['rUTI'],0.12627291242362526,0.48268839103869654,0.10183299389002037,0.8064516129032259,1.6707499659725058,1.0,0.04088252496049046,2.672776646300069,0.45948717948717954,0.20080321285140565,0.6258572517145036,0.5087110385191235,0.8064516129032258,0.1935483870967742
"['dltA_2~~~tycC~~~dltA_3~~~angR~~~lgrD~~~grsB_1', 'group_9085']",['rUTI'],0.1364562118126273,0.48268839103869654,0.109979633401222,0.8059701492537313,1.6697525033062535,1.0,0.044113804074149346,2.666144446185179,0.46449161425576513,0.21599999999999997,0.6249265483605594,0.5169091252597771,0.8059701492537313,0.19402985074626866
"['ldrD_1~~~ldrD_2~~~ldrD_3~~~ldrD', 'ldrD_2']",['rUTI'],0.1364562118126273,0.48268839103869654,0.109979633401222,0.8059701492537313,1.6697525033062535,1.0,0.044113804074149346,2.666144446185179,0.46449161425576513,0.21599999999999997,0.6249265483605594,0.5169091252597771,0.8059701492537313,0.19402985074626866
"['group_3432', 'group_9085']",['rUTI'],0.1364562118126273,0.48268839103869654,0.109979633401222,0.8059701492537313,1.6697525033062535,1.0,0.044113804074149346,2.666144446185179,0.46449161425576513,0.21599999999999997,0.6249265483605594,0.5169091252597771,0.8059701492537313,0.19402985074626866
"['group_9085', 'srfAA_1~~~srfAA']",['rUTI'],0.1364562118126273,0.48268839103869654,0.109979633401222,0.8059701492537313,1.6697525033062535,1.0,0.044113804074149346,2.666144446185179,0.46449161425576513,0.21599999999999997,0.6249265483605594,0.5169091252597771,0.8059701492537313,0.19402985074626866
"['klcA_2~~~klcA_3~~~klcA_1~~~klcA~~~klcA_4', 'group_6803']",['rUTI'],0.164969450101833,0.48268839103869654,0.13238289205702647,0.802469135802469,1.662499348856592,1.0,0.05275405361683416,2.6188900203665972,0.47722326454033764,0.2569169960474308,0.6181588412559539,0.5383653695889983,0.8024691358024691,0.19753086419753085
"['klcA_1~~~klcA~~~klcA_3~~~klcA_2~~~klcA_5~~~klcA_6', 'deoR_2~~~deoR_1']",['rUTI'],0.1690427698574338,0.48268839103869654,0.13441955193482688,0.7951807228915663,1.6473997254842154,1.0,0.052824569335617494,2.5256978555169525,0.47292780748663105,0.25984251968503935,0.6040698225974765,0.5368308677748971,0.7951807228915663,0.20481927710843373
"['ldrD_2~~~ldrD_3~~~ldrD', 'group_10462']",['rUTI'],0.15885947046843177,0.48268839103869654,0.12627291242362526,0.7948717948717949,1.6467597100508493,1.0,0.0495932902219586,2.521894093686355,0.4669218151995626,0.24505928853754944,0.6034726428427217,0.5282375851996106,0.7948717948717948,0.20512820512820512
"['group_10205', 'group_6803']",['rUTI'],0.1384928716904277,0.48268839103869654,0.109979633401222,0.7941176470588235,1.6451973194341027,1.0,0.043130731994640806,2.5126563863834734,0.45521407932755453,0.2151394422310757,0.6020148216767021,0.5109828741623231,0.7941176470588235,0.20588235294117646
"['rrrD_1~~~rrrD_3~~~rrrD~~~rrrD_2', 'group_9085']",['rUTI'],0.1384928716904277,0.48268839103869654,0.109979633401222,0.7941176470588235,1.6451973194341027,1.0,0.043130731994640806,2.5126563863834734,0.45521407932755453,0.2151394422310757,0.6020148216767021,0.5109828741623231,0.7941176470588235,0.20588235294117646
"['group_596', 'group_10611']",['rUTI'],0.1364562118126273,0.48268839103869654,0.1079429735234216,0.791044776119403,1.6388311606524342,1.0,0.04207714419634895,2.475705557171953,0.45140619437522256,0.21115537848605578,0.5960747443882949,0.5073367340512627,0.7910447761194029,0.208955223880597
"['group_10205', 'group_10611']",['rUTI'],0.1629327902240326,0.48268839103869654,0.12830957230142567,0.7875000000000001,1.631487341772152,1.0,0.04966380594074192,2.4344075715826055,0.46240296605260117,0.24803149606299216,0.5892224409448821,0.5266613924050634,0.7875,0.2125
"['group_8601', 'group_298']",['rUTI'],0.1629327902240326,0.48268839103869654,0.12830957230142567,0.7875000000000001,1.631487341772152,1.0,0.04966380594074192,2.4344075715826055,0.46240296605260117,0.24803149606299216,0.5892224409448821,0.5266613924050634,0.7875,0.2125
"['group_10462', 'group_10611']",['rUTI'],0.13238289205702647,0.48268839103869654,0.10386965376782077,0.7846153846153846,1.6255111976630963,1.0,0.03996996859976522,2.4018038987489088,0.4435238884286108,0.20318725099601592,0.5836462749848577,0.499902629016553,0.7846153846153846,0.2153846153846154
"['group_10462', 'deoR_2~~~deoR_1']",['rUTI'],0.15071283095723015,0.48268839103869654,0.11812627291242363,0.7837837837837838,1.6237883453073325,1.0,0.04537893902879116,2.3925661914460283,0.45232779293806336,0.22924901185770752,0.5820387316450308,0.5142547610902042,0.7837837837837838,0.21621621621621623
"['group_9085', 'cbtA_2~~~cbtA_4~~~cbtA_3~~~cbtA_1']",['rUTI'],0.15885947046843177,0.48268839103869654,0.12423625254582485,0.782051282051282,1.6201990695661581,1.0,0.04755663034415819,2.3735473822930393,0.4550867304409955,0.24015748031496065,0.5786896830203917,0.5197176241480039,0.782051282051282,0.21794871794871795
"['group_10205', 'cbtA_2~~~cbtA_3~~~cbtA_1~~~cbtA_4']",['rUTI'],0.13034623217922606,0.48268839103869654,0.10183299389002037,0.7812500000000001,1.6185390295358653,1.0,0.038916380801473374,2.3648530695373884,0.43943793911007034,0.19920318725099603,0.5771407480314963,0.4961102320675106,0.78125,0.21875
"['group_298', 'cbtA_2~~~cbtA_4~~~cbtA_3~~~cbtA_1']",['rUTI'],0.14867617107942974,0.48268839103869654,0.11608961303462322,0.7808219178082192,1.6176521588347494,1.0,0.044325351230499285,2.360234215885947,0.4485016368672878,0.22529644268774698,0.5763132348182505,0.5106641234610716,0.7808219178082192,0.2191780821917808
"['dltA_2~~~tycC~~~dltA_3~~~angR~~~lgrD~~~grsB_1', 'group_10611']",['rUTI'],0.1384928716904277,0.48268839103869654,0.1079429735234216,0.7794117647058824,1.6147307024075452,1.0,0.04109407211684041,2.345145960624576,0.44190195816048894,0.21031746031746035,0.5735873089393237,0.5015202283445024,0.7794117647058824,0.22058823529411764
"['group_3432', 'group_10611']",['rUTI'],0.1384928716904277,0.48268839103869654,0.1079429735234216,0.7794117647058824,1.6147307024075452,1.0,0.04109407211684041,2.345145960624576,0.44190195816048894,0.21031746031746035,0.5735873089393237,0.5015202283445024,0.7794117647058824,0.22058823529411764
"['klcA_2~~~klcA_3~~~klcA_1~~~klcA~~~klcA_4', 'group_298']",['rUTI'],0.1384928716904277,0.48268839103869654,0.1079429735234216,0.7794117647058824,1.6147307024075452,1.0,0.04109407211684041,2.345145960624576,0.44190195816048894,0.21031746031746035,0.5735873089393237,0.5015202283445024,0.7794117647058824,0.22058823529411764
"['group_10611', 'srfAA_1~~~srfAA']",['rUTI'],0.1384928716904277,0.48268839103869654,0.1079429735234216,0.7794117647058824,1.6147307024075452,1.0,0.04109407211684041,2.345145960624576,0.44190195816048894,0.21031746031746035,0.5735873089393237,0.5015202283445024,0.7794117647058824,0.22058823529411764
"['ldrD_1~~~ldrD_2~~~ldrD_3~~~ldrD', 'group_5512']",['rUTI'],0.15682281059063136,0.48268839103869654,0.12219959266802444,0.7792207792207793,1.614335032056551,1.0,0.04650304254586633,2.343117287648257,0.45132850241545897,0.23622047244094488,0.573218120462215,0.5161926680914023,0.7792207792207793,0.22077922077922077
"['group_10205', 'rrrD_1~~~rrrD_3~~~rrrD~~~rrrD_2']",['rUTI'],0.20977596741344195,0.48268839103869654,0.1629327902240326,0.7766990291262136,1.6091106468395395,1.0,0.061676366034652264,2.3166563357832284,0.4790270618556702,0.3076923076923077,0.56834339882272,0.5571258858711237,0.7766990291262136,0.22330097087378642
['higB2_1'],['rUTI'],0.15478615071283094,0.48268839103869654,0.12016293279022404,0.7763157894736843,1.6083166777703755,1.0,0.045449454747574475,2.312687193003475,0.4474984684500715,0.23228346456692914,0.5676025694156653,0.5126304685765046,0.7763157894736842,0.2236842105263158
"['higB2_1', 'fadB_4~~~fadB_3~~~fadB_1~~~fadB_2~~~fadB']",['rUTI'],0.15478615071283094,0.48268839103869654,0.12016293279022404,0.7763157894736843,1.6083166777703755,1.0,0.045449454747574475,2.312687193003475,0.4474984684500715,0.23228346456692914,0.5676025694156653,0.5126304685765046,0.7763157894736842,0.2236842105263158
['higB2_1'],"['fadB_4~~~fadB_3~~~fadB_1~~~fadB_2~~~fadB', 'rUTI']",0.15478615071283094,0.48268839103869654,0.12016293279022404,0.7763157894736843,1.6083166777703755,1.0,0.045449454747574475,2.312687193003475,0.4474984684500715,0.23228346456692914,0.5676025694156653,0.5126304685765046,0.7763157894736842,0.2236842105263158
"['group_10205', 'group_596']",['rUTI'],0.16089613034623218,0.48268839103869654,0.12423625254582485,0.7721518987341772,1.599690220584308,1.0,0.04657355826464964,2.2704231726634987,0.4467611013846888,0.2392156862745098,0.5595534735373269,0.5147679324894515,0.7721518987341772,0.22784810126582278
"['group_10205', 'group_8601']",['rUTI'],0.20366598778004075,0.48268839103869654,0.15682281059063136,0.7699999999999999,1.5952320675105482,1.0,0.05851560263977666,2.2491809085274053,0.46856212840867567,0.29615384615384616,0.5553937007874014,0.5474472573839662,0.77,0.23
"['group_10205', 'dltA_1~~~dltA_2']",['rUTI'],0.15885947046843177,0.48268839103869654,0.12219959266802444,0.7692307692307693,1.5936384290814671,1.0,0.04551997046635778,2.2416836388323156,0.44285714285714284,0.23529411764705885,0.5539067231980619,0.5111976630963972,0.7692307692307693,0.23076923076923078
"['group_412', 'dltA_1~~~dltA_2']",['rUTI'],0.14052953156822812,0.48268839103869654,0.1079429735234216,0.7681159420289855,1.5913288081697547,1.0,0.040111000037331854,2.230906313645621,0.4323526781722257,0.20948616600790518,0.5517516832135113,0.49587231700605394,0.7681159420289855,0.2318840579710145
"['ldrD_2~~~ldrD_3~~~ldrD', 'group_6673']",['rUTI'],0.14867617107942974,0.48268839103869654,0.11405295315682282,0.767123287671233,1.5892722963990522,1.0,0.04228869135269889,2.2213969090691275,0.4355348598769651,0.22047244094488191,0.5498328119943913,0.5017051037512283,0.7671232876712328,0.2328767123287671
"['group_10611', 'deoR_2~~~deoR_1']",['rUTI'],0.18329938900203666,0.48268839103869654,0.14052953156822812,0.7666666666666667,1.588326300984529,1.0,0.05205304441245889,2.217049752691301,0.4535400628862627,0.2674418604651163,0.5489501312335959,0.528902953586498,0.7666666666666667,0.23333333333333334
['group_10462'],['rUTI'],0.164969450101833,0.48268839103869654,0.12627291242362526,0.7654320987654321,1.5857686096785955,1.0,0.046644073983432954,2.2053810697823986,0.4423682140047207,0.24218749999999997,0.5465636239914454,0.5135177371464291,0.7654320987654321,0.2345679012345679
"['fadB_4~~~fadB_3~~~fadB_1~~~fadB_2~~~fadB', 'group_10462']",['rUTI'],0.164969450101833,0.48268839103869654,0.12627291242362526,0.7654320987654321,1.5857686096785955,1.0,0.046644073983432954,2.2053810697823986,0.4423682140047207,0.24218749999999997,0.5465636239914454,0.5135177371464291,0.7654320987654321,0.2345679012345679
['group_10462'],"['fadB_4~~~fadB_3~~~fadB_1~~~fadB_2~~~fadB', 'rUTI']",0.164969450101833,0.48268839103869654,0.12627291242362526,0.7654320987654321,1.5857686096785955,1.0,0.046644073983432954,2.2053810697823986,0.4423682140047207,0.24218749999999997,0.5465636239914454,0.5135177371464291,0.7654320987654321,0.2345679012345679
"['klcA_1~~~klcA~~~klcA_3~~~klcA_2~~~klcA_5~~~klcA_6', 'group_10611']",['rUTI'],0.164969450101833,0.48268839103869654,0.12627291242362526,0.7654320987654321,1.5857686096785955,1.0,0.046644073983432954,2.2053810697823986,0.4423682140047207,0.24218749999999997,0.5465636239914454,0.5135177371464291,0.7654320987654321,0.2345679012345679
['ldrD_2'],['rUTI'],0.14663951120162932,0.48268839103869654,0.1120162932790224,0.763888888888889,1.5825714955461792,1.0,0.04123510355440703,2.190966814424345,0.43137339986981993,0.21653543307086615,0.5435804899387577,0.49797819971870605,0.7638888888888888,0.2361111111111111
"['fadB_4~~~fadB_3~~~fadB_1~~~fadB_2~~~fadB', 'ldrD_2']",['rUTI'],0.14663951120162932,0.48268839103869654,0.1120162932790224,0.763888888888889,1.5825714955461792,1.0,0.04123510355440703,2.190966814424345,0.43137339986981993,0.21653543307086615,0.5435804899387577,0.49797819971870605,0.7638888888888888,0.2361111111111111
['ldrD_2'],"['fadB_4~~~fadB_3~~~fadB_1~~~fadB_2~~~fadB', 'rUTI']",0.14663951120162932,0.48268839103869654,0.1120162932790224,0.763888888888889,1.5825714955461792,1.0,0.04123510355440703,2.190966814424345,0.43137339986981993,0.21653543307086615,0.5435804899387577,0.49797819971870605,0.7638888888888888,0.2361111111111111
"['klcA_1~~~klcA~~~klcA_3~~~klcA_2~~~klcA_5~~~klcA_6', 'rrrD_1~~~rrrD_3~~~rrrD~~~rrrD_2']",['rUTI'],0.1894093686354379,0.48268839103869654,0.1446028513238289,0.7634408602150536,1.5816433011206386,1.0,0.05317714792953404,2.1868172560636907,0.4536768348786183,0.2741312741312741,0.5427144187621706,0.5315094596433918,0.7634408602150538,0.23655913978494625
"['ldrD_2~~~ldrD_3~~~ldrD', 'group_412']",['rUTI'],0.1894093686354379,0.48268839103869654,0.1446028513238289,0.7634408602150536,1.5816433011206386,1.0,0.05317714792953404,2.1868172560636907,0.4536768348786183,0.2741312741312741,0.5427144187621706,0.5315094596433918,0.7634408602150538,0.23655913978494625
"['group_8961', 'klcA_2~~~klcA_3~~~klcA_1~~~klcA~~~klcA_4']",['rUTI'],0.15478615071283094,0.48268839103869654,0.11812627291242363,0.7631578947368421,1.581057073062403,1.0,0.04341279486977406,2.1842045711699485,0.43481512255920235,0.22745098039215686,0.5421674264401161,0.5039418165667333,0.7631578947368421,0.23684210526315788
"['dltA_2~~~tycC~~~dltA_3~~~angR~~~lgrD~~~grsB_1', 'group_10205']",['rUTI'],0.1629327902240326,0.48268839103869654,0.12423625254582485,0.7625,1.579694092827004,1.0,0.045590486185141096,2.1781541429949614,0.4383949583183759,0.23828124999999997,0.5408956692913385,0.5099419831223628,0.7625,0.2375
"['group_10205', 'group_3432']",['rUTI'],0.1629327902240326,0.48268839103869654,0.12423625254582485,0.7625,1.579694092827004,1.0,0.045590486185141096,2.1781541429949614,0.4383949583183759,0.23828124999999997,0.5408956692913385,0.5099419831223628,0.7625,0.2375
"['group_10205', 'srfAA_1~~~srfAA']",['rUTI'],0.1629327902240326,0.48268839103869654,0.12423625254582485,0.7625,1.579694092827004,1.0,0.045590486185141096,2.1781541429949614,0.4383949583183759,0.23828124999999997,0.5408956692913385,0.5099419831223628,0.7625,0.2375
"['group_10205', 'deoR_2~~~deoR_1']",['rUTI'],0.20570264765784113,0.48268839103869654,0.15682281059063136,0.7623762376237624,1.5794376906045036,1.0,0.05753253056026812,2.177019687712152,0.4618714618714619,0.29501915708812254,0.5406564278475092,0.5436353761958475,0.7623762376237624,0.2376237623762376
"['klcA_2~~~klcA_3~~~klcA_1~~~klcA~~~klcA_4', 'group_9085']",['rUTI'],0.1364562118126273,0.48268839103869654,0.10386965376782077,0.7611940298507462,1.576988475344795,1.0,0.038003824440748124,2.166242362525458,0.4236958934517203,0.20158102766798416,0.5383711364437653,0.4881919516342339,0.7611940298507462,0.23880597014925373
"['ldrD_1~~~ldrD_2~~~ldrD_3~~~ldrD', 'cbeA_1~~~cbeA_2~~~cbeA_3~~~cbeA_4~~~cbeA~~~cbeA_5']",['rUTI'],0.1446028513238289,0.48268839103869654,0.109979633401222,0.7605633802816901,1.575681939739704,1.0,0.04018151575611517,2.1605367197795613,0.4271164021164022,0.21259842519685038,0.5371520461350782,0.49420574077375645,0.7605633802816901,0.23943661971830985
"['group_596', 'group_412']",['rUTI'],0.1446028513238289,0.48268839103869654,0.109979633401222,0.7605633802816901,1.575681939739704,1.0,0.04018151575611517,2.1605367197795613,0.4271164021164022,0.21259842519685038,0.5371520461350782,0.49420574077375645,0.7605633802816901,0.23943661971830985
"['group_412', 'group_3432']",['rUTI'],0.1446028513238289,0.48268839103869654,0.109979633401222,0.7605633802816901,1.575681939739704,1.0,0.04018151575611517,2.1605367197795613,0.4271164021164022,0.21259842519685038,0.5371520461350782,0.49420574077375645,0.7605633802816901,0.23943661971830985
"['ldrD_1~~~ldrD_2~~~ldrD_3~~~ldrD', 'group_10305']",['rUTI'],0.15274949083503056,0.48268839103869654,0.11608961303462322,0.7599999999999999,1.5745147679324891,1.0,0.04235920707148219,2.1554650373387636,0.4306680161943319,0.22352941176470587,0.5360629921259841,0.500253164556962,0.76,0.24
"['group_8601', 'group_6803']",['rUTI'],0.16089613034623218,0.48268839103869654,0.12219959266802444,0.7594936708860759,1.5734657907386636,1.0,0.044536898386849225,2.1509272162075246,0.4343446601941747,0.23437499999999997,0.5350842220671782,0.5063291139240507,0.759493670886076,0.24050632911392406
"['group_6374', 'deoR_2~~~deoR_1']",['rUTI'],0.1690427698574338,0.48268839103869654,0.12830957230142567,0.7590361445783134,1.5725179197803876,1.0,0.046714589702216286,2.1468431771894103,0.4381419234360412,0.24513618677042803,0.534199791291149,0.51242946469422,0.7590361445783133,0.24096385542168675
"['cbeA_5~~~cbeA_3~~~cbeA_1~~~cbeA_4~~~cbeA', 'dltA_1~~~dltA_2']",['rUTI'],0.1425661914460285,0.48268839103869654,0.1079429735234216,0.7571428571428572,1.5685955394816156,1.0,0.039127927957823314,2.1301066251347796,0.42275803343342455,0.20866141732283466,0.5305399325084366,0.4903857745629898,0.7571428571428571,0.24285714285714285
"['group_10205', 'group_10305']",['rUTI'],0.14052953156822812,0.48268839103869654,0.10590631364562118,0.753623188405797,1.561303736317495,1.0,0.03807434015953144,2.0996765304899956,0.4182920160408312,0.2047244094488189,0.5237361634143556,0.48651623555310947,0.7536231884057971,0.2463768115942029
"['group_5512', 'rrrD_4~~~rrrD_3~~~rrrD_1~~~rrrD_2~~~rrrD']",['rUTI'],0.164969450101833,0.48268839103869654,0.12423625254582485,0.7530864197530864,1.5601916966192635,1.0,0.04460741410563254,2.095112016293279,0.42998800479808075,0.2373540856031128,0.5226985515699427,0.5052351929989061,0.7530864197530864,0.24691358024691357
"['klcA_1~~~klcA~~~klcA_3~~~klcA_2~~~klcA_5~~~klcA_6', 'group_8601']",['rUTI'],0.164969450101833,0.48268839103869654,0.12423625254582485,0.7530864197530864,1.5601916966192635,1.0,0.04460741410563254,2.095112016293279,0.42998800479808075,0.2373540856031128,0.5226985515699427,0.5052351929989061,0.7530864197530864,0.24691358024691357
"['dltA_2~~~tycC~~~dltA_3~~~angR~~~lgrD~~~grsB_1', 'group_412']",['rUTI'],0.14663951120162932,0.48268839103869654,0.109979633401222,0.75,1.5537974683544304,1.0,0.03919844367660662,2.069246435845214,0.41766109785202865,0.2117647058823529,0.5167322834645669,0.4889240506329114,0.75,0.25
"['deoR_2~~~deoR_1', 'group_298']",['rUTI'],0.17922606924643583,0.48268839103869654,0.13441955193482688,0.75,1.5537974683544304,1.0,0.04790920893807475,2.069246435845214,0.43424317617866,0.25482625482625487,0.5167322834645669,0.5142405063291139,0.75,0.25
"['group_596', 'cbeA_5~~~cbeA_3~~~cbeA_1~~~cbeA_4~~~cbeA']",['rUTI'],0.14663951120162932,0.48268839103869654,0.109979633401222,0.75,1.5537974683544304,1.0,0.03919844367660662,2.069246435845214,0.41766109785202865,0.2117647058823529,0.5167322834645669,0.4889240506329114,0.75,0.25
"['ldrD_1~~~ldrD_2~~~ldrD_3~~~ldrD', 'group_412']",['rUTI'],0.15478615071283094,0.48268839103869654,0.11608961303462322,0.75,1.5537974683544304,1.0,0.04137613499197365,2.069246435845214,0.4216867469879518,0.22265624999999997,0.5167322834645669,0.495253164556962,0.75,0.25
"['group_10611', 'cbtA_2~~~cbtA_4~~~cbtA_3~~~cbtA_1']",['rUTI'],0.1384928716904277,0.48268839103869654,0.10386965376782077,0.75,1.5537974683544304,1.0,0.037020752361239584,2.069246435845214,0.41371158392434987,0.20078740157480315,0.5167322834645669,0.4825949367088608,0.75,0.25
"['group_412', 'srfAA_1~~~srfAA']",['rUTI'],0.14663951120162932,0.48268839103869654,0.109979633401222,0.75,1.5537974683544304,1.0,0.03919844367660662,2.069246435845214,0.41766109785202865,0.2117647058823529,0.5167322834645669,0.4889240506329114,0.75,0.25
"['group_8601', 'dltA_1~~~dltA_2']",['rUTI'],0.18533604887983707,0.48268839103869654,0.1384928716904277,0.7472527472527473,1.5481059025362822,1.0,0.04903331245514994,2.04675462675994,0.4345955882352942,0.26153846153846155,0.5114216492169248,0.517086289238188,0.7472527472527473,0.25274725274725274
"['ldrD_2~~~ldrD_3~~~ldrD', 'cbtA_2~~~cbtA_3~~~cbtA_1~~~cbtA_4']",['rUTI'],0.16089613034623218,0.48268839103869654,0.12016293279022404,0.7468354430379747,1.5472413608930193,1.0,0.04250023850904883,2.0433808553971486,0.4215073226921178,0.22957198443579768,0.5106149705970298,0.4978902953586498,0.7468354430379747,0.25316455696202533
"['klcA_3~~~klcA_2~~~klcA_4~~~klcA_1~~~klcA_5', 'ldrD_1~~~ldrD_2~~~ldrD_3~~~ldrD']",['rUTI'],0.1446028513238289,0.48268839103869654,0.1079429735234216,0.7464788732394367,1.5465026445593393,1.0,0.03814485587831477,2.040506902014031,0.41311769991015285,0.207843137254902,0.5099256959077301,0.48505378261127957,0.7464788732394366,0.2535211267605634
"['klcA_2~~~klcA_3~~~klcA_1~~~klcA~~~klcA_4', 'dltA_1~~~dltA_2']",['rUTI'],0.15071283095723015,0.48268839103869654,0.1120162932790224,0.7432432432432432,1.5397992929638498,1.0,0.039268959395389935,2.0147925822703394,0.4127752343579682,0.21484375000000003,0.503670993828474,0.48765537689588323,0.7432432432432432,0.25675675675675674
"['group_8601', 'group_8961']",['rUTI'],0.1425661914460285,0.48268839103869654,0.10590631364562118,0.7428571428571429,1.5389993972272453,1.0,0.0370912680800229,2.011767368182847,0.40845971131006764,0.20392156862745098,0.5029246344206975,0.4811332127787824,0.7428571428571429,0.2571428571428571
"['group_5512', 'intQ_1~~~intQ']",['rUTI'],0.1425661914460285,0.48268839103869654,0.10590631364562118,0.7428571428571429,1.5389993972272453,1.0,0.0370912680800229,2.011767368182847,0.40845971131006764,0.20392156862745098,0.5029246344206975,0.4811332127787824,0.7428571428571429,0.2571428571428571
"['group_596', 'group_8601']",['rUTI'],0.1894093686354379,0.48268839103869654,0.14052953156822812,0.7419354838709677,1.5370899686947053,1.0,0.049103828173933245,2.004582484725051,0.4310683854052873,0.26436781609195403,0.5011430022860046,0.5165373621886484,0.7419354838709677,0.25806451612903225
"['ldrD_1~~~ldrD_2~~~ldrD_3~~~ldrD', 'cbeA_3~~~cbeA_1~~~cbeA~~~cbeA_2~~~cbeA_5~~~cbeA_4']",['rUTI'],0.18126272912423624,0.48268839103869654,0.13441955193482688,0.7415730337078652,1.5363390698335941,1.0,0.04692613685856621,2.001771008589392,0.4263907734056988,0.25384615384615383,0.5004423604352828,0.5100270231830465,0.7415730337078652,0.25842696629213485
"['rrrD_1~~~rrrD_3~~~rrrD~~~rrrD_2', 'cbeA_1~~~cbeA_2~~~cbeA_3~~~cbeA_4~~~cbeA~~~cbeA_5']",['rUTI'],0.14867617107942974,0.48268839103869654,0.109979633401222,0.7397260273972602,1.5325125715276573,1.0,0.03821537159709806,1.9875656554829024,0.40816055289739495,0.21093749999999997,0.49687196634667236,0.4837870643315415,0.7397260273972602,0.2602739726027397
"['dltA_2~~~tycC~~~dltA_3~~~angR~~~lgrD~~~grsB_1', 'cbeA_5~~~cbeA_3~~~cbeA_1~~~cbeA_4~~~cbeA']",['rUTI'],0.14867617107942974,0.48268839103869654,0.109979633401222,0.7397260273972602,1.5325125715276573,1.0,0.03821537159709806,1.9875656554829024,0.40816055289739495,0.21093749999999997,0.49687196634667236,0.4837870643315415,0.7397260273972602,0.2602739726027397
"['ldrD_1~~~ldrD_2~~~ldrD_3~~~ldrD', 'cbeA_5~~~cbeA_3~~~cbeA_1~~~cbeA_4~~~cbeA']",['rUTI'],0.14867617107942974,0.48268839103869654,0.109979633401222,0.7397260273972602,1.5325125715276573,1.0,0.03821537159709806,1.9875656554829024,0.40816055289739495,0.21093749999999997,0.49687196634667236,0.4837870643315415,0.7397260273972602,0.2602739726027397
"['cbeA_5~~~cbeA_3~~~cbeA_1~~~cbeA_4~~~cbeA', 'group_3432']",['rUTI'],0.14867617107942974,0.48268839103869654,0.109979633401222,0.7397260273972602,1.5325125715276573,1.0,0.03821537159709806,1.9875656554829024,0.40816055289739495,0.21093749999999997,0.49687196634667236,0.4837870643315415,0.7397260273972602,0.2602739726027397
"['cbeA_5~~~cbeA_3~~~cbeA_1~~~cbeA_4~~~cbeA', 'srfAA_1~~~srfAA']",['rUTI'],0.14867617107942974,0.48268839103869654,0.109979633401222,0.7397260273972602,1.5325125715276573,1.0,0.03821537159709806,1.9875656554829024,0.40816055289739495,0.21093749999999997,0.49687196634667236,0.4837870643315415,0.7397260273972602,0.2602739726027397
"['group_10205', 'group_9085']",['rUTI'],0.1955193482688391,0.48268839103869654,0.1446028513238289,0.7395833333333333,1.5322169479606187,1.0,0.05022793169100841,1.9864765784114047,0.4317703690497414,0.2709923664122137,0.4965961286089237,0.5195806962025316,0.7395833333333334,0.2604166666666667
"['ldrD_2~~~ldrD_3~~~ldrD', 'cbeA_1~~~cbeA_2~~~cbeA_3~~~cbeA_4~~~cbeA~~~cbeA_5']",['rUTI'],0.1629327902240326,0.48268839103869654,0.12016293279022404,0.7375,1.5279008438818567,1.0,0.041517166429540286,1.9707108912811564,0.4127592890428472,0.22868217054263568,0.4925688976377954,0.4932225738396625,0.7375,0.2625
"['dltA_2~~~tycC~~~dltA_3~~~angR~~~lgrD~~~grsB_1', 'klcA_2~~~klcA_3~~~klcA_1~~~klcA~~~klcA_4']",['rUTI'],0.15478615071283094,0.48268839103869654,0.11405295315682282,0.736842105263158,1.5265378636464582,1.0,0.03933947511417325,1.9657841140529537,0.40808950086058526,0.21789883268482493,0.49129714048901796,0.4865645125471908,0.7368421052631579,0.2631578947368421
"['group_596', 'klcA_2~~~klcA_3~~~klcA_1~~~klcA~~~klcA_4']",['rUTI'],0.15478615071283094,0.48268839103869654,0.11405295315682282,0.736842105263158,1.5265378636464582,1.0,0.03933947511417325,1.9657841140529537,0.40808950086058526,0.21789883268482493,0.49129714048901796,0.4865645125471908,0.7368421052631579,0.2631578947368421
"['klcA_2~~~klcA_3~~~klcA_1~~~klcA~~~klcA_4', 'group_3432']",['rUTI'],0.15478615071283094,0.48268839103869654,0.11405295315682282,0.736842105263158,1.5265378636464582,1.0,0.03933947511417325,1.9657841140529537,0.40808950086058526,0.21789883268482493,0.49129714048901796,0.4865645125471908,0.7368421052631579,0.2631578947368421
"['klcA_2~~~klcA_3~~~klcA_1~~~klcA~~~klcA_4', 'srfAA_1~~~srfAA']",['rUTI'],0.15478615071283094,0.48268839103869654,0.11405295315682282,0.736842105263158,1.5265378636464582,1.0,0.03933947511417325,1.9657841140529537,0.40808950086058526,0.21789883268482493,0.49129714048901796,0.4865645125471908,0.7368421052631579,0.2631578947368421
['group_6673'],['rUTI'],0.1934826883910387,0.48268839103869654,0.1425661914460285,0.7368421052631579,1.5265378636464577,1.0,0.04917434389271655,1.9657841140529528,0.42766955266955264,0.2671755725190839,0.49129714048901774,0.5161003775260937,0.7368421052631579,0.2631578947368421
"['fadB_4~~~fadB_3~~~fadB_1~~~fadB_2~~~fadB', 'group_6673']",['rUTI'],0.1934826883910387,0.48268839103869654,0.1425661914460285,0.7368421052631579,1.5265378636464577,1.0,0.04917434389271655,1.9657841140529528,0.42766955266955264,0.2671755725190839,0.49129714048901774,0.5161003775260937,0.7368421052631579,0.2631578947368421
['group_6673'],"['fadB_4~~~fadB_3~~~fadB_1~~~fadB_2~~~fadB', 'rUTI']",0.1934826883910387,0.48268839103869654,0.1425661914460285,0.7368421052631579,1.5265378636464577,1.0,0.04917434389271655,1.9657841140529528,0.42766955266955264,0.2671755725190839,0.49129714048901774,0.5161003775260937,0.7368421052631579,0.2631578947368421
"['dltA_2~~~tycC~~~dltA_3~~~angR~~~lgrD~~~grsB_1', 'group_8601']",['rUTI'],0.19144602851323828,0.48268839103869654,0.14052953156822812,0.7340425531914895,1.520737947751145,1.0,0.04812075609442472,1.9450916496945019,0.423502354616143,0.26335877862595425,0.48588540794102886,0.5125908968489092,0.7340425531914894,0.26595744680851063
"['group_8601', 'group_3432']",['rUTI'],0.19144602851323828,0.48268839103869654,0.14052953156822812,0.7340425531914895,1.520737947751145,1.0,0.04812075609442472,1.9450916496945019,0.423502354616143,0.26335877862595425,0.48588540794102886,0.5125908968489092,0.7340425531914894,0.26595744680851063
"['group_8601', 'srfAA_1~~~srfAA']",['rUTI'],0.19144602851323828,0.48268839103869654,0.14052953156822812,0.7340425531914895,1.520737947751145,1.0,0.04812075609442472,1.9450916496945019,0.423502354616143,0.26335877862595425,0.48588540794102886,0.5125908968489092,0.7340425531914894,0.26595744680851063
"['rrrD_1~~~rrrD_3~~~rrrD~~~rrrD_2', 'cbtA_2~~~cbtA_4~~~cbtA_3~~~cbtA_1']",['rUTI'],0.1670061099796334,0.48268839103869654,0.12219959266802444,0.7317073170731708,1.5158999691262738,1.0,0.04158768214832359,1.9281614515830408,0.4085574572127139,0.23166023166023164,0.4813712310351452,0.4924359370175981,0.7317073170731707,0.2682926829268293
"['group_8961', 'group_6803']",['rUTI'],0.18126272912423624,0.48268839103869654,0.13238289205702647,0.7303370786516854,1.5130612051391457,1.0,0.0448894769807658,1.9183638832315004,0.41415996938385,0.24904214559386972,0.47872246306290367,0.5022993410136064,0.7303370786516854,0.2696629213483146
"['klcA_1~~~klcA~~~klcA_3~~~klcA_2~~~klcA_5~~~klcA_6', 'ldrD_1~~~ldrD_2~~~ldrD_3~~~ldrD']",['rUTI'],0.23828920570264767,0.48268839103869654,0.17311608961303462,0.7264957264957265,1.5051029607991633,1.0,0.058096656310534636,1.8914205702647655,0.44057879836426556,0.3159851301115241,0.47129685712362873,0.5425727577626311,0.7264957264957265,0.27350427350427353
"['group_8601', 'deoR_2~~~deoR_1']",['rUTI'],0.18533604887983707,0.48268839103869654,0.13441955193482688,0.7252747252747253,1.5025733759910975,1.0,0.04495999269954912,1.8830142566191443,0.41056818181818183,0.2519083969465649,0.4689365752357878,0.5018778689664766,0.7252747252747253,0.27472527472527475
"['ldrD_2~~~ldrD_3~~~ldrD', 'group_6374']",['rUTI'],0.19959266802443992,0.48268839103869654,0.1446028513238289,0.7244897959183673,1.5009472143287692,1.0,0.04826178753199131,1.877649543637323,0.41698025301938857,0.26893939393939387,0.4674192511650328,0.5120339274950486,0.7244897959183674,0.2755102040816326
"['group_8601', 'group_10611']",['rUTI'],0.1690427698574338,0.48268839103869654,0.12219959266802444,0.7228915662650602,1.4976361140765593,1.0,0.04060461006881505,1.8668201540777472,0.39987745098039224,0.23076923076923078,0.4643297599848212,0.4880280616135428,0.7228915662650602,0.27710843373493976
"['ldrD_1~~~ldrD_2~~~ldrD_3~~~ldrD', 'rrrD_4~~~rrrD_3~~~rrrD_1~~~rrrD_2~~~rrrD']",['rUTI'],0.20570264765784113,0.48268839103869654,0.14867617107942974,0.7227722772277229,1.4973889794042696,1.0,0.0493858910490665,1.8660168751818451,0.41819459079733057,0.27547169811320754,0.4640991658220942,0.5153945774324269,0.7227722772277227,0.27722772277227725
"['group_5512', 'rrrD_1~~~rrrD_3~~~rrrD~~~rrrD_2']",['rUTI'],0.14663951120162932,0.48268839103869654,0.10590631364562118,0.7222222222222222,1.496249413970933,1.0,0.03512512392100581,1.8623217922606923,0.38865430512208554,0.20233463035019456,0.46303587051618544,0.47081575246132207,0.7222222222222222,0.2777777777777778
"['ldrD_1~~~ldrD_2~~~ldrD_3~~~ldrD', 'dltA_1~~~dltA_2']",['rUTI'],0.16089613034623218,0.48268839103869654,0.11608961303462322,0.7215189873417721,1.4947925012017305,1.0,0.038426918753448,1.857618959451953,0.3944813490035768,0.22007722007722005,0.4616764676567327,0.4810126582278481,0.7215189873417721,0.27848101265822783
['cbeA_1~~~cbeA_2~~~cbeA_3~~~cbeA_4~~~cbeA~~~cbeA_5'],['rUTI'],0.1955193482688391,0.48268839103869654,0.14052953156822812,0.7187500000000001,1.489055907172996,1.0,0.04615461193540761,1.8393301651957463,0.4082553659878922,0.2613636363636364,0.456323818897638,0.5049446202531647,0.71875,0.28125
"['fadB_4~~~fadB_3~~~fadB_1~~~fadB_2~~~fadB', 'cbeA_1~~~cbeA_2~~~cbeA_3~~~cbeA_4~~~cbeA~~~cbeA_5']",['rUTI'],0.1955193482688391,0.48268839103869654,0.14052953156822812,0.7187500000000001,1.489055907172996,1.0,0.04615461193540761,1.8393301651957463,0.4082553659878922,0.2613636363636364,0.456323818897638,0.5049446202531647,0.71875,0.28125
['cbeA_1~~~cbeA_2~~~cbeA_3~~~cbeA_4~~~cbeA~~~cbeA_5'],"['fadB_4~~~fadB_3~~~fadB_1~~~fadB_2~~~fadB', 'rUTI']",0.1955193482688391,0.48268839103869654,0.14052953156822812,0.7187500000000001,1.489055907172996,1.0,0.04615461193540761,1.8393301651957463,0.4082553659878922,0.2613636363636364,0.456323818897638,0.5049446202531647,0.71875,0.28125
"['ldrD_2~~~ldrD_3~~~ldrD', 'group_6803']",['rUTI'],0.18737270875763748,0.48268839103869654,0.13441955193482688,0.717391304347826,1.4862410566868465,1.0,0.04397692062004056,1.8304872317092273,0.40259740259740256,0.25095057034220536,0.4536973639164669,0.49793615850302697,0.717391304347826,0.2826086956521739
"['group_6374', 'group_412']",['rUTI'],0.20162932790224034,0.48268839103869654,0.1446028513238289,0.7171717171717171,1.4857861313557514,1.0,0.04727871545248276,1.8290660459703227,0.40952860017246323,0.2679245283018868,0.4532728863437524,0.5083748881217236,0.7171717171717171,0.2828282828282828
"['ldrD_2~~~ldrD_3~~~ldrD', 'group_10305']",['rUTI'],0.19144602851323828,0.48268839103869654,0.1364562118126273,0.7127659574468086,1.4766585869467639,1.0,0.044047436338823895,1.801010786754168,0.39922553479454126,0.25378787878787884,0.4447562405763111,0.4977331896938684,0.7127659574468085,0.2872340425531915
"['group_10205', 'ldrD_1~~~ldrD_2~~~ldrD_3~~~ldrD']",['rUTI'],0.28105906313645623,0.48268839103869654,0.19959266802443992,0.7101449275362318,1.4712285207607165,1.0,0.06392872105226044,1.7847250509164965,0.4455107822165693,0.3537906137184116,0.43968960401688906,0.5618235186204366,0.7101449275362319,0.2898550724637681
"['ldrD_1~~~ldrD_2~~~ldrD_3~~~ldrD', 'intQ_1~~~intQ']",['rUTI'],0.18126272912423624,0.48268839103869654,0.12830957230142567,0.7078651685393259,1.466505475750249,1.0,0.040816157225165,1.7707974306752314,0.3885335228618812,0.2395437262357415,0.43528266831814577,0.48684397667472623,0.7078651685393258,0.29213483146067415
"['group_596', 'ldrD_1~~~ldrD_2~~~ldrD_3~~~ldrD']",['rUTI'],0.1670061099796334,0.48268839103869654,0.11812627291242363,0.7073170731707318,1.465369970155398,1.0,0.03751436239272278,1.7674813306177872,0.3812494730629795,0.22222222222222224,0.43422316112924925,0.47602140578367813,0.7073170731707317,0.2926829268292683
"['group_412', 'group_298']",['rUTI'],0.20773930753564154,0.48268839103869654,0.14663951120162932,0.7058823529411765,1.4623976172747581,1.0,0.046366159091757536,1.758859470468432,0.39910025706940866,0.2696629213483146,0.4314497452524318,0.5048399106478034,0.7058823529411765,0.29411764705882354
['group_5512'],['rUTI'],0.21384928716904278,0.48268839103869654,0.15071283095723015,0.7047619047619048,1.4600763512155919,1.0,0.04749026260883271,1.7521844819657055,0.40081921299537876,0.27611940298507465,0.4292838395200601,0.508499095840868,0.7047619047619048,0.29523809523809524
"['fadB_4~~~fadB_3~~~fadB_1~~~fadB_2~~~fadB', 'group_5512']",['rUTI'],0.21384928716904278,0.48268839103869654,0.15071283095723015,0.7047619047619048,1.4600763512155919,1.0,0.04749026260883271,1.7521844819657055,0.40081921299537876,0.27611940298507465,0.4292838395200601,0.508499095840868,0.7047619047619048,0.29523809523809524
['group_5512'],"['fadB_4~~~fadB_3~~~fadB_1~~~fadB_2~~~fadB', 'rUTI']",0.21384928716904278,0.48268839103869654,0.15071283095723015,0.7047619047619048,1.4600763512155919,1.0,0.04749026260883271,1.7521844819657055,0.40081921299537876,0.27611940298507465,0.4292838395200601,0.508499095840868,0.7047619047619048,0.29523809523809524
