antecedents,consequents,antecedent support,consequent support,support,confidence,lift,representativity,leverage,conviction,zhangs_metric,jaccard,certainty,kulczynski,rUTI_prop,UTI_prop,antecedents_clean,consequents_clean
"['group_6673', 'cbtA_2~~~cbtA_4~~~cbtA_3~~~cbtA_1']",['rUTI'],0.109979633401222,0.482688391038697,0.10183299389002,0.925925925925926,1.91826847944991,1,0.0487471015965588,6.98370672097761,0.537848970251716,0.20746887966805,0.856809565470983,0.568448195030474,0.925925925925926,0.074074074074074,"['group_6673', 'cbtA_2~~~cbtA_4~~~cbtA_3~~~cbtA']",[]
"['group_412', 'deoR_2~~~deoR_1']",['rUTI'],0.138492871690428,0.482688391038697,0.120162932790224,0.867647058823529,1.79753040456689,1,0.0533140313836428,3.90857660104096,0.515005809993188,0.239837398373984,0.744152385363594,0.558296103251427,0.867647058823529,0.132352941176471,"['group_412', 'deoR_2~~~deoR']",[]
"['group_6673', 'deoR_2~~~deoR_3~~~deoR_1']",['rUTI'],0.130346232179226,0.482688391038697,0.112016293279022,0.859375,1.78039293248945,1,0.0490996801904754,3.67866033039149,0.504023845007452,0.223577235772358,0.728161909448819,0.545721255274262,0.859375,0.140625,"['group_6673', 'deoR_2~~~deoR_3~~~deoR']",[]
"['group_10205', 'group_298']",['rUTI'],0.156822810590631,0.482688391038697,0.132382892057026,0.844155844155844,1.7488629513946,1,0.0566863419348683,3.3194161575017,0.507840951319212,0.261044176706827,0.698742202679211,0.559208723765686,0.844155844155844,0.155844155844156,"['group_10205', 'group_298']",[]
"['ldrD_1~~~ldrD_2~~~ldrD_3~~~ldrD', 'group_10462']",['rUTI'],0.128309572301426,0.482688391038697,0.107942973523422,0.841269841269841,1.74288393275735,1,0.0460094325143831,3.25906313645621,0.488979016046553,0.214574898785425,0.693163354580678,0.532449266626482,0.841269841269841,0.158730158730159,"['ldrD_1~~~ldrD_2~~~ldrD_3~~~ldrD', 'group_10462']",[]
"['group_8601', 'group_412']",['rUTI'],0.128309572301426,0.482688391038697,0.107942973523422,0.841269841269841,1.74288393275735,1,0.0460094325143831,3.25906313645621,0.488979016046553,0.214574898785425,0.693163354580678,0.532449266626482,0.841269841269841,0.158730158730159,"['group_8601', 'group_412']",[]
"['group_10205', 'group_412']",['rUTI'],0.124236252545825,0.482688391038697,0.103869653767821,0.836065573770492,1.73210209587051,1,0.0439022569177994,3.15560081466395,0.482626538987688,0.206477732793522,0.683103136698077,0.525627723594107,0.836065573770492,0.163934426229508,"['group_10205', 'group_412']",[]
"['group_10205', 'group_6374']",['rUTI'],0.128309572301426,0.482688391038697,0.105906313645621,0.825396825396825,1.70999933025249,1,0.0439727726365827,2.96278466950565,0.47632099209202,0.209677419354839,0.662479690038745,0.522403054048624,0.825396825396825,0.174603174603175,"['group_10205', 'group_6374']",[]
"['group_8601', 'group_9085']",['rUTI'],0.138492871690428,0.482688391038697,0.114052953156823,0.823529411764706,1.70613055348722,1,0.0472040517502416,2.93143245078072,0.480412022965215,0.224899598393574,0.658869847151459,0.529908165797965,0.823529411764706,0.176470588235294,"['group_8601', 'group_9085']",[]
"['group_596', 'group_9085']",['rUTI'],0.134419551934827,0.482688391038697,0.109979633401222,0.818181818181818,1.69505178365938,1,0.0450968761536579,2.84521384928717,0.473725490196078,0.216867469879518,0.648532569792412,0.523014959723821,0.818181818181818,0.181818181818182,"['group_596', 'group_9085']",[]
"['group_8601', 'group_6374']",['rUTI'],0.144602851323829,0.482688391038697,0.118126272912424,0.816901408450704,1.69239912046116,1,0.0483281552673168,2.8253172489425,0.47828407224959,0.232,0.646057447044472,0.530813573423664,0.816901408450704,0.183098591549296,"['group_8601', 'group_6374']",[]
"['dltA_1~~~dltA_2', 'group_9085']",['rUTI'],0.132382892057026,0.482688391038697,0.107942973523422,0.815384615384616,1.68925673482636,1,0.044043288355366,2.8021045485404,0.470280804322792,0.21285140562249,0.64312537855845,0.519506653683869,0.815384615384615,0.184615384615385,"['dltA_1~~~dltA', 'group_9085']",[]
"['dltA_1~~~dltA_2', 'group_10611']",['rUTI'],0.130346232179226,0.482688391038697,0.105906313645621,0.8125,1.6832805907173,1,0.0429897005570741,2.75899524779362,0.46676274545127,0.208835341365462,0.637549212598426,0.515954641350211,0.8125,0.1875,"['dltA_1~~~dltA', 'group_10611']",[]
"['ldrD_1~~~ldrD_2~~~ldrD_3~~~ldrD', 'group_9085']",['rUTI'],0.160896130346232,0.482688391038697,0.130346232179226,0.810126582278481,1.67836351012124,1,0.0526835378980508,2.7245078071962,0.48168234223301,0.253968253968254,0.632961227947772,0.540084388185654,0.810126582278481,0.189873417721519,"['ldrD_1~~~ldrD_2~~~ldrD_3~~~ldrD', 'group_9085']",[]
"['rrrD_1~~~rrrD_3~~~rrrD~~~rrrD_2', 'klcA_1~~~klcA_3~~~klcA_6~~~klcA_2~~~klcA_5']",['rUTI'],0.128309572301426,0.482688391038697,0.103869653767821,0.809523809523809,1.67711472774764,1,0.0419361127587823,2.71588594704684,0.463166575041231,0.204819277108434,0.631796025496813,0.512356841470765,0.80952380952381,0.19047619047619,"['rrrD_1~~~rrrD_3~~~rrrD~~~rrrD', 'klcA_1~~~klcA_3~~~klcA_6~~~klcA_2~~~klcA']",[]
"['group_10205', 'cbeA_1~~~cbeA_2~~~cbeA_3~~~cbeA_4~~~cbeA~~~cbeA_5']",['rUTI'],0.138492871690428,0.482688391038697,0.112016293279022,0.808823529411765,1.67566393646066,1,0.0451673918724412,2.70593764687451,0.468042123361272,0.22,0.630442334414081,0.520445519980144,0.808823529411765,0.191176470588235,"['group_10205', 'cbeA_1~~~cbeA_2~~~cbeA_3~~~cbeA_4~~~cbeA~~~cbeA']",[]
"['cbtA_2~~~cbtA_3~~~cbtA_1~~~cbtA_4', 'ldrD_1~~~ldrD_2~~~ldrD_3~~~ldrD']",['rUTI'],0.138492871690428,0.482688391038697,0.112016293279022,0.808823529411765,1.67566393646066,1,0.0451673918724412,2.70593764687451,0.468042123361272,0.22,0.630442334414081,0.520445519980144,0.808823529411765,0.191176470588235,"['ldrD_1~~~ldrD_2~~~ldrD_3~~~ldrD', 'cbtA_2~~~cbtA_3~~~cbtA_1~~~cbtA']",[]
"['group_6374', 'cbtA_2~~~cbtA_4~~~cbtA_3~~~cbtA_1']",['rUTI'],0.126272912423625,0.482688391038697,0.10183299389002,0.806451612903226,1.67074996597251,1,0.0408825249604904,2.67277664630007,0.45948717948718,0.200803212851406,0.625857251714504,0.508711038519124,0.806451612903226,0.193548387096774,"['group_6374', 'cbtA_2~~~cbtA_4~~~cbtA_3~~~cbtA']",[]
"['dltA_2~~~tycC~~~dltA_3~~~angR~~~lgrD~~~grsB_1', 'group_9085']",['rUTI'],0.136456211812627,0.482688391038697,0.109979633401222,0.805970149253731,1.66975250330625,1,0.0441138040741493,2.66614444618518,0.464491614255765,0.216,0.624926548360559,0.516909125259777,0.805970149253731,0.194029850746269,"['group_9085', 'dltA_2~~~tycC~~~dltA_3~~~angR~~~lgrD~~~grsB']",[]
"['ldrD_1~~~ldrD_2~~~ldrD_3~~~ldrD', 'ldrD_2']",['rUTI'],0.136456211812627,0.482688391038697,0.109979633401222,0.805970149253731,1.66975250330625,1,0.0441138040741493,2.66614444618518,0.464491614255765,0.216,0.624926548360559,0.516909125259777,0.805970149253731,0.194029850746269,"['ldrD', 'ldrD_1~~~ldrD_2~~~ldrD_3~~~ldrD']",[]
"['group_3432', 'group_9085']",['rUTI'],0.136456211812627,0.482688391038697,0.109979633401222,0.805970149253731,1.66975250330625,1,0.0441138040741493,2.66614444618518,0.464491614255765,0.216,0.624926548360559,0.516909125259777,0.805970149253731,0.194029850746269,"['group_3432', 'group_9085']",[]
"['group_9085', 'srfAA_1~~~srfAA']",['rUTI'],0.136456211812627,0.482688391038697,0.109979633401222,0.805970149253731,1.66975250330625,1,0.0441138040741493,2.66614444618518,0.464491614255765,0.216,0.624926548360559,0.516909125259777,0.805970149253731,0.194029850746269,"['srfAA_1~~~srfAA', 'group_9085']",[]
"['klcA_2~~~klcA_3~~~klcA_1~~~klcA~~~klcA_4', 'group_6803']",['rUTI'],0.164969450101833,0.482688391038697,0.132382892057026,0.802469135802469,1.66249934885659,1,0.0527540536168341,2.6188900203666,0.477223264540338,0.256916996047431,0.618158841255954,0.538365369588998,0.802469135802469,0.197530864197531,"['klcA_2~~~klcA_3~~~klcA_1~~~klcA~~~klcA', 'group_6803']",[]
