sample,0
rUTI_ERR14226055,4653
rUTI_ERR14226056,4794
rUTI_ERR14226057,4492
rUTI_ERR14226058,4740
rUTI_ERR14226059,4473
rUTI_ERR14226060,4670
rUTI_ERR14226062,4730
rUTI_ERR14226063,4788
rUTI_ERR14226064,4722
rUTI_ERR14226065,4798
rUTI_ERR14226068,4801
rUTI_ERR14226069,4838
rUTI_ERR14226070,4605
rUTI_ERR14226071,4825
rUTI_ERR14226072,4459
rUTI_ERR14226073,4626
rUTI_ERR14226074,4342
rUTI_ERR14226076,4519
rUTI_ERR14226077,4522
rUTI_ERR14226078,4879
rUTI_ERR14226079,4480
rUTI_ERR14226081,4567
rUTI_ERR14226082,4573
rUTI_ERR14226083,4567
rUTI_ERR14226084,4568
rUTI_ERR14226085,4562
rUTI_ERR14226086,4351
rUTI_ERR14226087,4362
rUTI_ERR14226088,4434
rUTI_ERR14226089,4334
rUTI_ERR14226090,4414
rUTI_ERR14226091,4414
rUTI_ERR14226093,4734
rUTI_ERR14226094,4595
rUTI_ERR14226096,4706
rUTI_ERR14226097,4642
rUTI_ERR14226098,5020
rUTI_ERR14226099,4360
rUTI_ERR14226100,4611
rUTI_ERR14226101,4619
rUTI_ERR14226102,4623
rUTI_ERR14226103,4877
rUTI_ERR14226104,4853
rUTI_ERR14226105,4838
rUTI_ERR14226106,4742
rUTI_ERR14226107,4866
rUTI_ERR14226108,4839
rUTI_ERR14226109,4747
rUTI_ERR14226110,4922
rUTI_ERR14226111,4552
rUTI_ERR14226112,4503
rUTI_ERR14226113,4816
rUTI_ERR14226114,4546
rUTI_ERR14226115,4872
rUTI_ERR14226116,4689
rUTI_ERR14226118,4673
rUTI_ERR14226121,4603
rUTI_ERR14226122,4620
rUTI_ERR14226124,4623
rUTI_ERR14226126,4267
rUTI_ERR14226127,4746
rUTI_ERR14226128,4506
rUTI_ERR14226129,4783
rUTI_ERR14226130,4480
rUTI_ERR14226131,4443
rUTI_ERR14226132,4442
rUTI_ERR14226133,4470
rUTI_ERR14226134,4474
rUTI_ERR14226135,4526
rUTI_ERR14226136,4435
rUTI_ERR14226137,4550
rUTI_ERR14226140,4701
rUTI_ERR14226141,4720
rUTI_ERR14226142,4394
rUTI_ERR14226143,4786
rUTI_ERR14226144,4779
rUTI_ERR14226145,4786
rUTI_ERR14226147,4864
rUTI_ERR14226149,4834
rUTI_ERR14226151,4402
rUTI_ERR14226152,4639
rUTI_ERR14226153,4686
rUTI_ERR14226154,4632
rUTI_ERR14226155,4397
rUTI_ERR14226157,5006
rUTI_ERR14226158,4936
rUTI_ERR14226159,5018
rUTI_ERR14226160,5007
rUTI_ERR14226161,5017
rUTI_ERR14226162,4928
rUTI_ERR14226163,4306
rUTI_ERR14226164,4411
rUTI_ERR14226165,4760
rUTI_ERR14226166,5003
rUTI_ERR14226167,4580
rUTI_ERR14226168,5007
rUTI_ERR14226169,4411
rUTI_ERR14226171,4837
rUTI_ERR14226172,4852
rUTI_ERR14226173,4988
rUTI_ERR14226175,4696
rUTI_ERR14226176,4532
rUTI_ERR14226177,4793
rUTI_ERR14226179,4697
rUTI_ERR14226180,4584
rUTI_ERR14226181,4489
rUTI_ERR14226182,4530
rUTI_ERR14226183,4701
rUTI_ERR14226184,4663
rUTI_ERR14226185,4675
rUTI_ERR14226187,4608
rUTI_ERR14226188,4493
rUTI_ERR14226190,4500
rUTI_ERR14226191,4492
rUTI_ERR14226192,4557
rUTI_ERR14226194,4620
rUTI_ERR14226195,4862
rUTI_ERR14226196,4337
rUTI_ERR14226197,4654
rUTI_ERR14226198,4596
rUTI_ERR14226200,4604
rUTI_ERR14226201,4437
rUTI_ERR14226202,4442
rUTI_ERR14226203,4326
rUTI_ERR14226204,4295
rUTI_ERR14226205,4937
rUTI_ERR14226207,4685
rUTI_ERR14226208,4911
rUTI_ERR14226209,4880
rUTI_ERR14226211,4611
rUTI_ERR14226213,4441
rUTI_ERR14226214,4806
rUTI_ERR14226215,4689
rUTI_ERR14226216,4694
rUTI_ERR14226217,4685
rUTI_ERR14226218,4665
rUTI_ERR14226219,4696
rUTI_ERR14226220,4699
rUTI_ERR14226222,4815
rUTI_ERR14226223,4656
rUTI_ERR14226224,4836
rUTI_ERR14226225,4894
rUTI_ERR14226227,4686
rUTI_ERR14226228,4325
rUTI_ERR14226229,4667
rUTI_ERR14226230,4681
rUTI_ERR14226231,4661
rUTI_ERR14226232,4715
rUTI_ERR14226233,4490
rUTI_ERR14226234,4512
rUTI_ERR14226235,4516
rUTI_ERR14226236,4660
rUTI_ERR14226237,4511
rUTI_ERR14226238,4516
rUTI_ERR14226239,4411
rUTI_ERR14226244,4555
rUTI_ERR14226245,4770
rUTI_ERR4556420,4542
rUTI_ERR4556422,4644
rUTI_ERR4556424,4838
rUTI_ERR4556426,4913
rUTI_ERR4556428,4649
rUTI_ERR4556429,4723
rUTI_ERR4556430,4715
rUTI_ERR4556435,4564
rUTI_ERR4556436,4239
rUTI_ERR4556439,4313
rUTI_ERR4556449,4651
rUTI_ERR4556461,4726
rUTI_ERR4556462,4792
rUTI_ERR4556464,4679
rUTI_ERR4556465,4902
rUTI_ERR4556466,4581
rUTI_GCA_001442495.1,4454
rUTI_GCA_004135165.1,4978
rUTI_GCA_004135915.1,4977
rUTI_GCA_004141955.1,5079
rUTI_GCA_004193755.1,4801
rUTI_GCA_010092965.1,4771
rUTI_GCA_011064575.1,4237
rUTI_GCA_011751215.1,4541
rUTI_GCA_011751245.1,4392
rUTI_GCA_011751285.1,4605
rUTI_GCA_011751305.1,5006
rUTI_GCA_011751325.1,4859
rUTI_GCA_011751345.1,4559
rUTI_GCA_011751355.1,4469
rUTI_GCA_011751375.1,4581
rUTI_GCA_011751405.1,4855
rUTI_GCA_011751425.1,4584
rUTI_GCA_013372305.1,4866
rUTI_GCA_013372325.1,4888
rUTI_GCA_013372345.1,4473
rUTI_GCA_013372365.1,4445
rUTI_GCA_013372385.1,4673
rUTI_GCA_013372405.1,4801
rUTI_GCA_013372425.1,4826
rUTI_GCA_017352035.1,4634
rUTI_GCA_017352055.1,4277
rUTI_GCA_017352075.1,4660
rUTI_GCA_019443605.1,4827
rUTI_GCA_019443685.1,4744
rUTI_GCA_021383885.1,4753
rUTI_GCA_021383905.1,4748
rUTI_GCA_021496405.1,4787
rUTI_GCA_021496425.1,4279
rUTI_GCA_021496445.1,4822
rUTI_GCA_023376095.1,4935
rUTI_GCA_026968065.1,4846
rUTI_GCA_026968085.1,4672
rUTI_GCA_026968105.1,4781
rUTI_GCA_027474255.1,4608
rUTI_GCA_027474265.1,4978
rUTI_GCA_027474275.1,4725
rUTI_GCA_027474285.1,4817
rUTI_GCA_030707855.1,4980
rUTI_GCA_030707875.1,5038
rUTI_GCA_030707895.1,5009
rUTI_GCA_030707915.1,4940
rUTI_GCA_030707935.1,4911
rUTI_GCA_030707955.1,4903
rUTI_GCA_030707975.1,5011
rUTI_GCA_030707995.1,5240
rUTI_GCA_030708015.1,5153
rUTI_GCA_030708035.1,5222
rUTI_GCA_030708055.1,4892
rUTI_GCA_030708535.1,5113
rUTI_GCA_034640615.1,4297
rUTI_GCA_034641715.1,4335
rUTI_GCA_034642615.1,5121
rUTI_GCA_034642855.1,4924
rUTI_GCA_034642955.1,4691
rUTI_GCA_034643255.1,4553
rUTI_GCA_034643695.1,4700
rUTI_GCA_034643955.1,4315
rUTI_GCA_034644215.1,4858
rUTI_GCA_034644455.1,4929
UTI_GCA_000776035.1,4850
UTI_GCA_000776045.1,4274
UTI_GCA_000776055.1,4710
UTI_GCA_000776065.1,4420
UTI_GCA_000776115.1,4675
UTI_GCA_000776195.1,4582
UTI_GCA_000776235.1,4663
UTI_GCA_000776315.1,4839
UTI_GCA_000776375.1,4737
UTI_GCA_000776395.1,4945
UTI_GCA_000776435.1,4328
UTI_GCA_000776565.1,4732
UTI_GCA_000776635.1,4537
UTI_GCA_000776655.1,4811
UTI_GCA_000776675.1,4263
UTI_GCA_000776715.1,4711
UTI_GCA_000776745.1,4612
UTI_GCA_000776815.1,4541
UTI_GCA_000776965.1,4709
UTI_GCA_000777025.1,4949
UTI_GCA_000777065.1,4533
UTI_GCA_000777135.1,4583
UTI_GCA_000777195.1,4421
UTI_GCA_000777285.1,4361
UTI_GCA_000777355.1,4280
UTI_GCA_000777535.1,4349
UTI_GCA_000777695.1,4725
UTI_GCA_000777945.1,4792
UTI_GCA_000778015.1,4757
UTI_GCA_000778035.1,4858
UTI_GCA_000778235.1,4646
UTI_GCA_000778275.1,4246
UTI_GCA_000778315.1,4321
UTI_GCA_000778355.1,4821
UTI_GCA_000778375.1,4687
UTI_GCA_000778395.1,4735
UTI_GCA_000778475.1,4718
UTI_GCA_000778545.1,4472
UTI_GCA_000778565.1,4461
UTI_GCA_000778685.1,4712
UTI_GCA_000778725.1,4562
UTI_GCA_000778785.1,4469
UTI_GCA_000778935.1,4649
UTI_GCA_000778955.1,4751
UTI_GCA_000779055.1,4461
UTI_GCA_000779215.1,4347
UTI_GCA_000779255.1,4823
UTI_GCA_000779295.1,4373
UTI_GCA_000779425.1,4687
UTI_GCA_000779475.1,4705
UTI_GCA_000779515.1,4368
UTI_GCA_000779635.1,4479
UTI_GCA_000779675.1,4800
UTI_GCA_000779695.1,4785
UTI_GCA_000779715.1,4723
UTI_GCA_000779875.1,4794
UTI_GCA_000779895.1,5010
UTI_GCA_000779915.1,4653
UTI_GCA_000779955.1,4422
UTI_GCA_000779995.1,4811
UTI_GCA_000780015.1,4706
UTI_GCA_000780095.1,4803
UTI_GCA_000780115.1,5024
UTI_GCA_000780155.1,4798
UTI_GCA_000780235.1,4731
UTI_GCA_000780315.1,4700
UTI_GCA_000780415.1,4423
UTI_GCA_000780615.1,4853
UTI_GCA_000780655.1,4739
UTI_GCA_000780695.1,4939
UTI_GCA_000780735.1,4698
UTI_GCA_000780755.1,4697
UTI_GCA_000780775.1,4801
UTI_GCA_000780815.1,4618
UTI_GCA_000780845.1,4657
UTI_GCA_000780875.1,4673
UTI_GCA_000780895.1,4404
UTI_GCA_000780915.1,4395
UTI_GCA_000780995.1,4610
UTI_GCA_000781035.1,4647
UTI_GCA_000781075.1,4245
UTI_GCA_000781195.1,4554
UTI_GCA_000781215.1,4944
UTI_GCA_000781235.1,4501
UTI_GCA_000781295.1,4716
UTI_GCA_000781315.1,4781
UTI_GCA_000781355.1,4742
UTI_GCA_000781385.1,4743
UTI_GCA_000781415.1,4738
UTI_GCA_000781435.1,4371
UTI_GCA_000781455.1,4439
UTI_GCA_000785325.1,4550
UTI_GCA_002855655.1,4504
UTI_GCA_003856995.1,5208
UTI_GCA_004100965.1,4598
UTI_GCA_004101045.1,4763
UTI_GCA_004101155.1,4799
UTI_GCA_004101165.1,4873
UTI_GCA_004101205.1,4886
UTI_GCA_005508805.1,4907
UTI_GCA_013402855.1,4953
UTI_GCA_013402895.1,4895
UTI_GCA_015693455.1,4602
UTI_GCA_016092415.1,4490
UTI_GCA_016092455.1,4660
UTI_GCA_016092465.1,4605
UTI_GCA_016092535.1,4624
UTI_GCA_017869465.1,5026
UTI_GCA_017903455.1,4998
UTI_GCA_018390445.1,4718
UTI_GCA_019508785.1,4358
UTI_GCA_019508905.1,4441
UTI_GCA_019509385.1,4378
UTI_GCA_019509565.1,4681
UTI_GCA_019884625.1,5870
UTI_GCA_020085175.1,4880
UTI_GCA_020085215.1,4906
UTI_GCA_020085235.1,4820
UTI_GCA_020085255.1,4708
UTI_GCA_020085275.1,4904
UTI_GCA_020085295.1,4816
UTI_GCA_020085485.1,4750
UTI_GCA_020085575.1,4707
UTI_GCA_020085595.1,4755
UTI_GCA_020085615.1,4631
UTI_GCA_020085635.1,4765
UTI_GCA_020085675.1,4770
UTI_GCA_020085695.1,4767
UTI_GCA_020085735.1,4723
UTI_GCA_020085745.1,4757
UTI_GCA_020085775.1,4760
UTI_GCA_020085795.1,4710
UTI_GCA_020085855.1,4670
UTI_GCA_020085875.1,4703
UTI_GCA_020086185.1,4824
UTI_GCA_020086225.1,4742
UTI_GCA_020086245.1,4713
UTI_GCA_020086405.1,4648
UTI_GCA_022758865.1,4659
UTI_GCA_023024425.1,5331
UTI_GCA_029080245.1,4551
UTI_GCA_029080255.1,4555
UTI_GCA_029080445.1,4665
UTI_GCA_029080695.1,4498
UTI_GCA_029080785.1,4557
UTI_GCA_029080905.1,4721
UTI_GCA_029080945.1,4560
UTI_GCA_029082055.1,4567
UTI_GCA_029082075.1,4633
UTI_GCA_029082445.1,4654
UTI_GCA_029082465.1,4653
UTI_GCA_029082625.1,4682
UTI_GCA_029082695.1,4463
UTI_GCA_029082765.1,4750
UTI_GCA_029109395.1,4208
UTI_GCA_029109835.1,4594
UTI_GCA_029109865.1,4595
UTI_GCA_029111085.1,4661
UTI_GCA_029111125.1,4638
UTI_GCA_029111265.1,4639
UTI_GCA_029112195.1,4776
UTI_GCA_029112505.1,4435
UTI_GCA_029112895.1,4615
UTI_GCA_029113525.1,4393
UTI_GCA_029113885.1,4470
UTI_GCA_029113915.1,4473
UTI_GCA_029113945.1,4428
UTI_GCA_029114525.1,4743
UTI_GCA_029114735.1,4320
UTI_GCA_029115025.1,4540
UTI_GCA_029115065.1,4380
UTI_GCA_029115885.1,4734
UTI_GCA_029115995.1,4501
UTI_GCA_029116275.1,4427
UTI_GCA_029116805.1,4770
UTI_GCA_029117025.1,4706
UTI_GCA_029117105.1,4709
UTI_GCA_029117115.1,4724
UTI_GCA_029117905.1,4558
UTI_GCA_029117995.1,4547
UTI_GCA_029118025.1,4551
UTI_GCA_029118045.1,4555
UTI_GCA_029118055.1,4554
UTI_GCA_029118085.1,4551
UTI_GCA_029118315.1,4736
UTI_GCA_029118345.1,4737
UTI_GCA_029118425.1,4720
UTI_GCA_029118485.1,4737
UTI_GCA_029118655.1,4740
UTI_GCA_029118795.1,4678
UTI_GCA_029118805.1,4670
UTI_GCA_029118925.1,4674
UTI_GCA_029118945.1,4626
UTI_GCA_029119005.1,4674
UTI_GCA_029119195.1,4290
UTI_GCA_029119255.1,4291
UTI_GCA_029119325.1,4293
UTI_GCA_029119725.1,4806
UTI_GCA_029119885.1,4740
UTI_GCA_029119935.1,4837
UTI_GCA_029119965.1,4837
UTI_GCA_029119975.1,4835
UTI_GCA_029120005.1,4832
UTI_GCA_029120015.1,4836
UTI_GCA_029120065.1,4851
UTI_GCA_029120105.1,4836
UTI_GCA_029120125.1,4833
UTI_GCA_029120135.1,4832
UTI_GCA_029120385.1,4618
UTI_GCA_029120395.1,4616
UTI_GCA_029120455.1,4617
UTI_GCA_029120495.1,4615
UTI_GCA_029120565.1,4617
UTI_GCA_029120815.1,4684
UTI_GCA_029120865.1,4699
UTI_GCA_029120885.1,4686
UTI_GCA_029120925.1,4662
UTI_GCA_029120965.1,4671
UTI_GCA_029120975.1,4668
UTI_GCA_029121045.1,4657
UTI_GCA_029121105.1,4662
UTI_GCA_029122665.1,4716
UTI_GCA_029122705.1,4549
UTI_GCA_029122985.1,4753
UTI_GCA_029124545.1,4414
UTI_GCA_029125075.1,4760
UTI_GCA_029125105.1,4832
UTI_GCA_029125125.1,4831
UTI_GCA_029125145.1,4831
UTI_GCA_029125265.1,4716
UTI_GCA_029125385.1,4764
UTI_GCA_029369645.2,4904
UTI_GCA_030988725.1,4656
UTI_GCA_030988825.1,4697
UTI_GCA_030988915.1,4697
UTI_GCA_030991405.1,4788
UTI_GCA_030991425.1,4914
UTI_GCA_033843365.1,5247
UTI_GCA_036422055.1,5173
UTI_GCA_037081975.1,4933
UTI_GCA_037081985.1,5179
UTI_GCA_037082015.1,5115
UTI_GCA_037100245.1,4710
UTI_GCA_041251595.1,5211
UTI_GCA_041254635.1,5218
UTI_GCA_041257715.1,4775
UTI_GCA_041262745.1,4447
UTI_GCA_041262755.1,4780
UTI_GCA_049219625.1,4858
UTI_GCA_049748155.1,4397
UTI_GCA_049748375.1,4499
UTI_GCA_049748455.1,4483
UTI_GCA_049748475.1,4452
UTI_GCA_049748595.1,4483
