sample_folder,phenotype,mpf_type,present
UTI_GCA_000776035,UTI,MPF_F,1
UTI_GCA_000776055,UTI,MPF_F,1
UTI_GCA_000776055,UTI,MPF_Unknown,1
UTI_GCA_000776065,UTI,MPF_F,1
UTI_GCA_000776115,UTI,MPF_F,1
UTI_GCA_000776315,UTI,MPF_F,1
UTI_GCA_000776375,UTI,MPF_F,1
UTI_GCA_000776395,UTI,MPF_F,1
UTI_GCA_000776395,UTI,MPF_I,1
UTI_GCA_000776565,UTI,MPF_F,1
UTI_GCA_000776655,UTI,MPF_F,1
UTI_GCA_000776715,UTI,MPF_F,1
UTI_GCA_000776815,UTI,MPF_F,1
UTI_GCA_000776965,UTI,MPF_F,1
UTI_GCA_000777025,UTI,MPF_F,1
UTI_GCA_000777025,UTI,MPF_I,1
UTI_GCA_000777535,UTI,MPF_T,1
UTI_GCA_000777695,UTI,MPF_F,1
UTI_GCA_000777945,UTI,MPF_F,1
UTI_GCA_000778035,UTI,MPF_F,1
UTI_GCA_000778355,UTI,MPF_F,1
UTI_GCA_000778375,UTI,MPF_F,1
UTI_GCA_000778375,UTI,MPF_Unknown,1
UTI_GCA_000778395,UTI,MPF_F,1
UTI_GCA_000778395,UTI,MPF_Unknown,1
UTI_GCA_000778475,UTI,MPF_F,1
UTI_GCA_000778475,UTI,MPF_T,1
UTI_GCA_000778565,UTI,MPF_F,1
UTI_GCA_000778685,UTI,MPF_F,1
UTI_GCA_000778725,UTI,MPF_F,1
UTI_GCA_000778725,UTI,MPF_I,1
UTI_GCA_000779055,UTI,MPF_F,1
UTI_GCA_000779255,UTI,MPF_F,1
UTI_GCA_000779255,UTI,MPF_I,1
UTI_GCA_000779255,UTI,MPF_T,1
UTI_GCA_000779425,UTI,MPF_T,1
UTI_GCA_000779475,UTI,MPF_F,1
UTI_GCA_000779475,UTI,MPF_T,1
UTI_GCA_000779635,UTI,MPF_F,1
UTI_GCA_000779675,UTI,MPF_F,1
UTI_GCA_000779675,UTI,MPF_I,1
UTI_GCA_000779695,UTI,MPF_F,1
UTI_GCA_000779875,UTI,MPF_F,1
UTI_GCA_000779895,UTI,MPF_F,1
UTI_GCA_000779955,UTI,MPF_T,1
UTI_GCA_000779995,UTI,MPF_F,1
UTI_GCA_000780015,UTI,MPF_F,1
UTI_GCA_000780095,UTI,MPF_F,1
UTI_GCA_000780115,UTI,MPF_F,1
UTI_GCA_000780155,UTI,MPF_F,1
UTI_GCA_000780235,UTI,MPF_F,1
UTI_GCA_000780315,UTI,MPF_F,1
UTI_GCA_000780415,UTI,MPF_T,1
UTI_GCA_000780615,UTI,MPF_F,1
UTI_GCA_000780615,UTI,MPF_T,1
UTI_GCA_000780655,UTI,MPF_T,1
UTI_GCA_000780695,UTI,MPF_F,1
UTI_GCA_000780695,UTI,MPF_I,1
UTI_GCA_000780735,UTI,MPF_F,1
UTI_GCA_000780755,UTI,MPF_F,1
UTI_GCA_000780775,UTI,MPF_F,1
UTI_GCA_000780815,UTI,MPF_F,1
UTI_GCA_000780845,UTI,MPF_F,1
UTI_GCA_000780875,UTI,MPF_F,1
UTI_GCA_000780895,UTI,MPF_F,1
UTI_GCA_000780895,UTI,MPF_T,1
UTI_GCA_000780915,UTI,MPF_T,1
UTI_GCA_000780995,UTI,MPF_F,1
UTI_GCA_000781195,UTI,MPF_F,1
UTI_GCA_000781215,UTI,MPF_F,1
UTI_GCA_000781215,UTI,MPF_I,1
UTI_GCA_000781295,UTI,MPF_F,1
UTI_GCA_000781315,UTI,MPF_F,1
UTI_GCA_000781355,UTI,MPF_F,1
UTI_GCA_000781385,UTI,MPF_F,1
UTI_GCA_000781415,UTI,MPF_F,1
UTI_GCA_000781415,UTI,MPF_T,1
UTI_GCA_000785325,UTI,MPF_F,1
UTI_GCA_002855655,UTI,MPF_I,1
UTI_GCA_003856995,UTI,MPF_F,1
UTI_GCA_003856995,UTI,MPF_I,1
UTI_GCA_004100965,UTI,MPF_F,1
UTI_GCA_004101045,UTI,MPF_F,1
UTI_GCA_004101155,UTI,MPF_F,1
UTI_GCA_004101165,UTI,MPF_F,1
UTI_GCA_004101205,UTI,MPF_F,1
UTI_GCA_004101205,UTI,MPF_T,1
UTI_GCA_005508805,UTI,MPF_I,1
UTI_GCA_013402855,UTI,MPF_I,1
UTI_GCA_013402895,UTI,MPF_F,1
UTI_GCA_015693455,UTI,MPF_F,1
UTI_GCA_015693455,UTI,MPF_I,1
UTI_GCA_016092415,UTI,MPF_F,1
UTI_GCA_016092455,UTI,MPF_F,1
UTI_GCA_016092465,UTI,MPF_F,1
UTI_GCA_017869465,UTI,MPF_F,1
UTI_GCA_017903455,UTI,MPF_F,1
UTI_GCA_018390445,UTI,MPF_I,1
UTI_GCA_019508785,UTI,MPF_F,1
UTI_GCA_019508905,UTI,MPF_F,1
UTI_GCA_019509385,UTI,MPF_I,1
UTI_GCA_019509385,UTI,MPF_T,1
UTI_GCA_019509565,UTI,MPF_F,1
UTI_GCA_019884625,UTI,MPF_F,1
UTI_GCA_020085175,UTI,MPF_F,1
UTI_GCA_020085215,UTI,MPF_F,1
UTI_GCA_020085235,UTI,MPF_F,1
UTI_GCA_020085255,UTI,MPF_I,1
UTI_GCA_020085275,UTI,MPF_F,1
UTI_GCA_020085275,UTI,MPF_T,1
UTI_GCA_020085775,UTI,MPF_T,1
UTI_GCA_023024425,UTI,MPF_F,1
UTI_GCA_029080445,UTI,MPF_F,1
UTI_GCA_029080695,UTI,MPF_I,1
UTI_GCA_029080905,UTI,MPF_I,1
UTI_GCA_029082445,UTI,MPF_I,1
UTI_GCA_029082465,UTI,MPF_I,1
UTI_GCA_029082625,UTI,MPF_I,1
UTI_GCA_029082695,UTI,MPF_F,1
UTI_GCA_029082765,UTI,MPF_F,1
UTI_GCA_029109835,UTI,MPF_F,1
UTI_GCA_029109835,UTI,MPF_I,1
UTI_GCA_029109865,UTI,MPF_F,1
UTI_GCA_029109865,UTI,MPF_I,1
UTI_GCA_029112195,UTI,MPF_F,1
UTI_GCA_029112195,UTI,MPF_T,1
UTI_GCA_029112505,UTI,MPF_T,1
UTI_GCA_029113525,UTI,MPF_I,1
UTI_GCA_029113945,UTI,MPF_F,1
UTI_GCA_029114525,UTI,MPF_T,1
UTI_GCA_029115065,UTI,MPF_T,1
UTI_GCA_029115995,UTI,MPF_T,1
UTI_GCA_029116805,UTI,MPF_Unknown,1
UTI_GCA_029117115,UTI,MPF_Unknown,1
UTI_GCA_029118315,UTI,MPF_F,1
UTI_GCA_029118345,UTI,MPF_F,1
UTI_GCA_029118425,UTI,MPF_F,1
UTI_GCA_029118485,UTI,MPF_F,1
UTI_GCA_029118655,UTI,MPF_F,1
UTI_GCA_029118795,UTI,MPF_F,1
UTI_GCA_029118805,UTI,MPF_F,1
UTI_GCA_029118925,UTI,MPF_F,1
UTI_GCA_029119005,UTI,MPF_F,1
UTI_GCA_029119725,UTI,MPF_F,1
UTI_GCA_029119725,UTI,MPF_I,1
UTI_GCA_029119935,UTI,MPF_F,1
UTI_GCA_029119935,UTI,MPF_I,1
UTI_GCA_029119935,UTI,MPF_T,1
UTI_GCA_029119965,UTI,MPF_F,1
UTI_GCA_029119965,UTI,MPF_I,1
UTI_GCA_029119965,UTI,MPF_T,1
UTI_GCA_029119975,UTI,MPF_F,1
UTI_GCA_029119975,UTI,MPF_I,1
UTI_GCA_029119975,UTI,MPF_T,1
UTI_GCA_029120005,UTI,MPF_F,1
UTI_GCA_029120005,UTI,MPF_I,1
UTI_GCA_029120005,UTI,MPF_T,1
UTI_GCA_029120015,UTI,MPF_F,1
UTI_GCA_029120015,UTI,MPF_I,1
UTI_GCA_029120015,UTI,MPF_T,1
UTI_GCA_029120065,UTI,MPF_F,1
UTI_GCA_029120065,UTI,MPF_I,1
UTI_GCA_029120065,UTI,MPF_T,1
UTI_GCA_029120105,UTI,MPF_F,1
UTI_GCA_029120105,UTI,MPF_I,1
UTI_GCA_029120105,UTI,MPF_T,1
UTI_GCA_029120125,UTI,MPF_F,1
UTI_GCA_029120125,UTI,MPF_I,1
UTI_GCA_029120125,UTI,MPF_T,1
UTI_GCA_029120135,UTI,MPF_F,1
UTI_GCA_029120135,UTI,MPF_I,1
UTI_GCA_029120135,UTI,MPF_T,1
UTI_GCA_029120815,UTI,MPF_F,1
UTI_GCA_029120865,UTI,MPF_F,1
UTI_GCA_029120885,UTI,MPF_F,1
UTI_GCA_029120925,UTI,MPF_F,1
UTI_GCA_029120965,UTI,MPF_F,1
UTI_GCA_029120975,UTI,MPF_F,1
UTI_GCA_029121045,UTI,MPF_F,1
UTI_GCA_029121105,UTI,MPF_F,1
UTI_GCA_029122665,UTI,MPF_T,1
UTI_GCA_029125075,UTI,MPF_F,1
UTI_GCA_029125105,UTI,MPF_I,1
UTI_GCA_029125105,UTI,MPF_T,1
UTI_GCA_029125125,UTI,MPF_I,1
UTI_GCA_029125125,UTI,MPF_T,1
UTI_GCA_029125145,UTI,MPF_I,1
UTI_GCA_029125145,UTI,MPF_T,1
UTI_GCA_029125265,UTI,MPF_I,1
UTI_GCA_029125265,UTI,MPF_T,1
UTI_GCA_029125385,UTI,MPF_F,1
UTI_GCA_030988825,UTI,MPF_F,1
UTI_GCA_036422055,UTI,MPF_F,1
UTI_GCA_037081975,UTI,MPF_F,1
UTI_GCA_037081975,UTI,MPF_I,1
UTI_GCA_037081985,UTI,MPF_F,1
UTI_GCA_037081985,UTI,MPF_T,1
UTI_GCA_037082015,UTI,MPF_F,1
UTI_GCA_037100245,UTI,MPF_F,1
UTI_GCA_037100245,UTI,MPF_I,1
UTI_GCA_037100245,UTI,MPF_T,1
UTI_GCA_041251595,UTI,MPF_F,1
UTI_GCA_041254635,UTI,MPF_F,1
UTI_GCA_041257715,UTI,MPF_T,1
UTI_GCA_049219625,UTI,MPF_I,1
UTI_GCA_049219625,UTI,MPF_T,1
UTI_GCA_049748375,UTI,MPF_F,1
UTI_GCA_049748375,UTI,MPF_I,1
UTI_GCA_049748375,UTI,MPF_T,1
rUTI_ERR14226055,rUTI,MPF_F,1
rUTI_ERR14226056,rUTI,MPF_F,1
rUTI_ERR14226057,rUTI,MPF_T,1
rUTI_ERR14226058,rUTI,MPF_F,1
rUTI_ERR14226059,rUTI,MPF_F,1
rUTI_ERR14226060,rUTI,MPF_F,1
rUTI_ERR14226062,rUTI,MPF_F,1
rUTI_ERR14226063,rUTI,MPF_F,1
rUTI_ERR14226064,rUTI,MPF_F,1
rUTI_ERR14226065,rUTI,MPF_F,1
rUTI_ERR14226068,rUTI,MPF_F,1
rUTI_ERR14226068,rUTI,MPF_I,1
rUTI_ERR14226069,rUTI,MPF_F,1
rUTI_ERR14226069,rUTI,MPF_I,1
rUTI_ERR14226070,rUTI,MPF_F,1
rUTI_ERR14226071,rUTI,MPF_F,1
rUTI_ERR14226072,rUTI,MPF_F,1
rUTI_ERR14226072,rUTI,MPF_T,1
rUTI_ERR14226074,rUTI,MPF_F,1
rUTI_ERR14226076,rUTI,MPF_F,1
rUTI_ERR14226077,rUTI,MPF_F,1
rUTI_ERR14226078,rUTI,MPF_Unknown,1
rUTI_ERR14226079,rUTI,MPF_T,1
rUTI_ERR14226084,rUTI,MPF_F,1
rUTI_ERR14226084,rUTI,MPF_I,1
rUTI_ERR14226085,rUTI,MPF_F,1
rUTI_ERR14226085,rUTI,MPF_I,1
rUTI_ERR14226086,rUTI,MPF_T,1
rUTI_ERR14226088,rUTI,MPF_T,1
rUTI_ERR14226089,rUTI,MPF_F,1
rUTI_ERR14226089,rUTI,MPF_T,1
rUTI_ERR14226094,rUTI,MPF_F,1
rUTI_ERR14226094,rUTI,MPF_T,1
rUTI_ERR14226096,rUTI,MPF_F,1
rUTI_ERR14226097,rUTI,MPF_F,1
rUTI_ERR14226098,rUTI,MPF_F,1
rUTI_ERR14226098,rUTI,MPF_T,1
rUTI_ERR14226099,rUTI,MPF_F,1
rUTI_ERR14226099,rUTI,MPF_T,1
rUTI_ERR14226103,rUTI,MPF_F,1
rUTI_ERR14226104,rUTI,MPF_F,1
rUTI_ERR14226104,rUTI,MPF_T,1
rUTI_ERR14226105,rUTI,MPF_F,1
rUTI_ERR14226106,rUTI,MPF_F,1
rUTI_ERR14226106,rUTI,MPF_T,1
rUTI_ERR14226107,rUTI,MPF_F,1
rUTI_ERR14226108,rUTI,MPF_F,1
rUTI_ERR14226109,rUTI,MPF_F,1
rUTI_ERR14226109,rUTI,MPF_T,1
rUTI_ERR14226110,rUTI,MPF_F,1
rUTI_ERR14226110,rUTI,MPF_I,1
rUTI_ERR14226111,rUTI,MPF_F,1
rUTI_ERR14226111,rUTI,MPF_I,1
rUTI_ERR14226113,rUTI,MPF_F,1
rUTI_ERR14226113,rUTI,MPF_T,1
rUTI_ERR14226114,rUTI,MPF_T,1
rUTI_ERR14226115,rUTI,MPF_F,1
rUTI_ERR14226115,rUTI,MPF_T,1
rUTI_ERR14226116,rUTI,MPF_F,1
rUTI_ERR14226116,rUTI,MPF_T,1
rUTI_ERR14226118,rUTI,MPF_F,1
rUTI_ERR14226118,rUTI,MPF_T,1
rUTI_ERR14226121,rUTI,MPF_F,1
rUTI_ERR14226122,rUTI,MPF_F,1
rUTI_ERR14226124,rUTI,MPF_F,1
rUTI_ERR14226127,rUTI,MPF_I,1
rUTI_ERR14226128,rUTI,MPF_I,1
rUTI_ERR14226128,rUTI,MPF_T,1
rUTI_ERR14226129,rUTI,MPF_F,1
rUTI_ERR14226129,rUTI,MPF_I,1
rUTI_ERR14226130,rUTI,MPF_I,1
rUTI_ERR14226130,rUTI,MPF_T,1
rUTI_ERR14226135,rUTI,MPF_I,1
rUTI_ERR14226135,rUTI,MPF_T,1
rUTI_ERR14226137,rUTI,MPF_F,1
rUTI_ERR14226143,rUTI,MPF_F,1
rUTI_ERR14226143,rUTI,MPF_I,1
rUTI_ERR14226144,rUTI,MPF_F,1
rUTI_ERR14226144,rUTI,MPF_I,1
rUTI_ERR14226145,rUTI,MPF_F,1
rUTI_ERR14226145,rUTI,MPF_I,1
rUTI_ERR14226147,rUTI,MPF_F,1
rUTI_ERR14226149,rUTI,MPF_F,1
rUTI_ERR14226149,rUTI,MPF_I,1
rUTI_ERR14226151,rUTI,MPF_F,1
rUTI_ERR14226152,rUTI,MPF_F,1
rUTI_ERR14226153,rUTI,MPF_I,1
rUTI_ERR14226154,rUTI,MPF_F,1
rUTI_ERR14226157,rUTI,MPF_F,1
rUTI_ERR14226157,rUTI,MPF_I,1
rUTI_ERR14226157,rUTI,MPF_T,1
rUTI_ERR14226158,rUTI,MPF_F,1
rUTI_ERR14226158,rUTI,MPF_I,1
rUTI_ERR14226159,rUTI,MPF_F,1
rUTI_ERR14226159,rUTI,MPF_I,1
rUTI_ERR14226159,rUTI,MPF_T,1
rUTI_ERR14226160,rUTI,MPF_F,1
rUTI_ERR14226160,rUTI,MPF_I,1
rUTI_ERR14226160,rUTI,MPF_T,1
rUTI_ERR14226161,rUTI,MPF_F,1
rUTI_ERR14226161,rUTI,MPF_I,1
rUTI_ERR14226161,rUTI,MPF_T,1
rUTI_ERR14226162,rUTI,MPF_F,1
rUTI_ERR14226162,rUTI,MPF_I,1
rUTI_ERR14226164,rUTI,MPF_F,1
rUTI_ERR14226165,rUTI,MPF_F,1
rUTI_ERR14226166,rUTI,MPF_F,1
rUTI_ERR14226167,rUTI,MPF_F,1
rUTI_ERR14226168,rUTI,MPF_F,1
rUTI_ERR14226169,rUTI,MPF_F,1
rUTI_ERR14226171,rUTI,MPF_F,1
rUTI_ERR14226171,rUTI,MPF_T,1
rUTI_ERR14226172,rUTI,MPF_F,1
rUTI_ERR14226172,rUTI,MPF_T,1
rUTI_ERR14226173,rUTI,MPF_F,1
rUTI_ERR14226176,rUTI,MPF_F,1
rUTI_ERR14226177,rUTI,MPF_F,1
rUTI_ERR14226179,rUTI,MPF_F,1
rUTI_ERR14226180,rUTI,MPF_F,1
rUTI_ERR14226180,rUTI,MPF_I,1
rUTI_ERR14226181,rUTI,MPF_F,1
rUTI_ERR14226182,rUTI,MPF_F,1
rUTI_ERR14226183,rUTI,MPF_F,1
rUTI_ERR14226184,rUTI,MPF_F,1
rUTI_ERR14226184,rUTI,MPF_I,1
rUTI_ERR14226185,rUTI,MPF_F,1
rUTI_ERR14226185,rUTI,MPF_I,1
rUTI_ERR14226187,rUTI,MPF_F,1
rUTI_ERR14226187,rUTI,MPF_T,1
rUTI_ERR14226188,rUTI,MPF_F,1
rUTI_ERR14226188,rUTI,MPF_I,1
rUTI_ERR14226188,rUTI,MPF_T,1
rUTI_ERR14226192,rUTI,MPF_F,1
rUTI_ERR14226194,rUTI,MPF_F,1
rUTI_ERR14226194,rUTI,MPF_I,1
rUTI_ERR14226194,rUTI,MPF_T,1
rUTI_ERR14226195,rUTI,MPF_F,1
rUTI_ERR14226195,rUTI,MPF_T,1
rUTI_ERR14226197,rUTI,MPF_F,1
rUTI_ERR14226198,rUTI,MPF_F,1
rUTI_ERR14226198,rUTI,MPF_T,1
rUTI_ERR14226200,rUTI,MPF_F,1
rUTI_ERR14226200,rUTI,MPF_T,1
rUTI_ERR14226201,rUTI,MPF_F,1
rUTI_ERR14226202,rUTI,MPF_F,1
rUTI_ERR14226205,rUTI,MPF_F,1
rUTI_ERR14226205,rUTI,MPF_I,1
rUTI_ERR14226207,rUTI,MPF_F,1
rUTI_ERR14226209,rUTI,MPF_T,1
rUTI_ERR14226211,rUTI,MPF_I,1
rUTI_ERR14226214,rUTI,MPF_F,1
rUTI_ERR14226222,rUTI,MPF_F,1
rUTI_ERR14226222,rUTI,MPF_I,1
rUTI_ERR14226224,rUTI,MPF_I,1
rUTI_ERR14226225,rUTI,MPF_F,1
rUTI_ERR14226225,rUTI,MPF_I,1
rUTI_ERR14226227,rUTI,MPF_F,1
rUTI_ERR14226229,rUTI,MPF_F,1
rUTI_ERR14226230,rUTI,MPF_F,1
rUTI_ERR14226231,rUTI,MPF_F,1
rUTI_ERR14226232,rUTI,MPF_F,1
rUTI_ERR14226233,rUTI,MPF_F,1
rUTI_ERR14226236,rUTI,MPF_F,1
rUTI_ERR14226239,rUTI,MPF_F,1
rUTI_ERR14226244,rUTI,MPF_F,1
rUTI_ERR14226245,rUTI,MPF_F,1
rUTI_ERR14226245,rUTI,MPF_I,1
rUTI_ERR4556422,rUTI,MPF_I,1
rUTI_ERR4556424,rUTI,MPF_F,1
rUTI_ERR4556424,rUTI,MPF_I,1
rUTI_ERR4556426,rUTI,MPF_F,1
rUTI_ERR4556426,rUTI,MPF_T,1
rUTI_ERR4556428,rUTI,MPF_F,1
rUTI_ERR4556435,rUTI,MPF_F,1
rUTI_ERR4556435,rUTI,MPF_I,1
rUTI_ERR4556439,rUTI,MPF_I,1
rUTI_ERR4556439,rUTI,MPF_T,1
rUTI_ERR4556449,rUTI,MPF_F,1
rUTI_ERR4556462,rUTI,MPF_I,1
rUTI_ERR4556465,rUTI,MPF_I,1
rUTI_ERR4556466,rUTI,MPF_F,1
rUTI_GCA_004135165,rUTI,MPF_F,1
rUTI_GCA_004135915,rUTI,MPF_F,1
rUTI_GCA_004141955,rUTI,MPF_F,1
rUTI_GCA_004141955,rUTI,MPF_I,1
rUTI_GCA_004141955,rUTI,MPF_T,1
rUTI_GCA_004193755,rUTI,MPF_F,1
rUTI_GCA_004193755,rUTI,MPF_I,1
rUTI_GCA_011751215,rUTI,MPF_F,1
rUTI_GCA_011751285,rUTI,MPF_F,1
rUTI_GCA_011751305,rUTI,MPF_F,1
rUTI_GCA_011751325,rUTI,MPF_F,1
rUTI_GCA_011751325,rUTI,MPF_I,1
rUTI_GCA_011751345,rUTI,MPF_I,1
rUTI_GCA_011751375,rUTI,MPF_F,1
rUTI_GCA_011751405,rUTI,MPF_F,1
rUTI_GCA_013372305,rUTI,MPF_I,1
rUTI_GCA_013372325,rUTI,MPF_F,1
rUTI_GCA_013372325,rUTI,MPF_I,1
rUTI_GCA_013372365,rUTI,MPF_F,1
rUTI_GCA_013372405,rUTI,MPF_F,1
rUTI_GCA_013372425,rUTI,MPF_F,1
rUTI_GCA_017352035,rUTI,MPF_T,1
rUTI_GCA_017352055,rUTI,MPF_T,1
rUTI_GCA_017352075,rUTI,MPF_F,1
rUTI_GCA_017352075,rUTI,MPF_I,1
rUTI_GCA_019443605,rUTI,MPF_I,1
rUTI_GCA_021496405,rUTI,MPF_F,1
rUTI_GCA_021496445,rUTI,MPF_F,1
rUTI_GCA_023376095,rUTI,MPF_F,1
rUTI_GCA_023376095,rUTI,MPF_I,1
rUTI_GCA_026968085,rUTI,MPF_F,1
rUTI_GCA_026968105,rUTI,MPF_F,1
rUTI_GCA_027474255,rUTI,MPF_F,1
rUTI_GCA_027474265,rUTI,MPF_F,1
rUTI_GCA_027474275,rUTI,MPF_F,1
rUTI_GCA_027474285,rUTI,MPF_F,1
rUTI_GCA_030707855,rUTI,MPF_F,1
rUTI_GCA_030707875,rUTI,MPF_F,1
rUTI_GCA_030707895,rUTI,MPF_F,1
rUTI_GCA_030707895,rUTI,MPF_I,1
rUTI_GCA_030707895,rUTI,MPF_T,1
rUTI_GCA_030707915,rUTI,MPF_F,1
rUTI_GCA_030707955,rUTI,MPF_F,1
rUTI_GCA_030707975,rUTI,MPF_F,1
rUTI_GCA_030707995,rUTI,MPF_F,1
rUTI_GCA_030707995,rUTI,MPF_I,1
rUTI_GCA_030708015,rUTI,MPF_F,1
rUTI_GCA_030708035,rUTI,MPF_F,1
rUTI_GCA_030708035,rUTI,MPF_I,1
rUTI_GCA_030708055,rUTI,MPF_F,1
rUTI_GCA_030708535,rUTI,MPF_F,1
rUTI_GCA_030708535,rUTI,MPF_T,1
rUTI_GCA_034642615,rUTI,MPF_F,1
rUTI_GCA_034642855,rUTI,MPF_F,1
rUTI_GCA_034642955,rUTI,MPF_F,1
rUTI_GCA_034643695,rUTI,MPF_F,1
rUTI_GCA_034644215,rUTI,MPF_I,1
rUTI_GCA_034644455,rUTI,MPF_F,1
