sample_folder,phenotype,relaxase_type,present
UTI_GCA_000776035,UTI,MOBF,1
UTI_GCA_000776055,UTI,MOBF,1
UTI_GCA_000776065,UTI,MOBF,1
UTI_GCA_000776115,UTI,MOBF,1
UTI_GCA_000776315,UTI,MOBF,1
UTI_GCA_000776375,UTI,MOBF,1
UTI_GCA_000776395,UTI,MOBF,1
UTI_GCA_000776395,UTI,MOBP,1
UTI_GCA_000776565,UTI,MOBF,1
UTI_GCA_000776565,UTI,MOBQ,1
UTI_GCA_000776655,UTI,MOBF,1
UTI_GCA_000776715,UTI,MOBF,1
UTI_GCA_000776815,UTI,MOBF,1
UTI_GCA_000776965,UTI,MOBF,1
UTI_GCA_000777025,UTI,MOBF,1
UTI_GCA_000777025,UTI,MOBP,1
UTI_GCA_000777025,UTI,MOBQ,1
UTI_GCA_000777535,UTI,MOBF,1
UTI_GCA_000777695,UTI,MOBF,1
UTI_GCA_000777945,UTI,MOBF,1
UTI_GCA_000777945,UTI,MOBP,1
UTI_GCA_000778015,UTI,MOBQ,1
UTI_GCA_000778035,UTI,MOBF,1
UTI_GCA_000778035,UTI,MOBP,1
UTI_GCA_000778355,UTI,MOBF,1
UTI_GCA_000778375,UTI,MOBF,1
UTI_GCA_000778395,UTI,MOBF,1
UTI_GCA_000778475,UTI,MOBF,1
UTI_GCA_000778475,UTI,MOBQ,1
UTI_GCA_000778565,UTI,MOBF,1
UTI_GCA_000778565,UTI,MOBP,1
UTI_GCA_000778565,UTI,MOBV,1
UTI_GCA_000778685,UTI,MOBF,1
UTI_GCA_000778725,UTI,MOBF,1
UTI_GCA_000778725,UTI,MOBP,1
UTI_GCA_000778725,UTI,MOBQ,1
UTI_GCA_000778935,UTI,MOBQ,1
UTI_GCA_000779055,UTI,MOBF,1
UTI_GCA_000779255,UTI,MOBF,1
UTI_GCA_000779255,UTI,MOBP,1
UTI_GCA_000779425,UTI,MOBP,1
UTI_GCA_000779425,UTI,MOBQ,1
UTI_GCA_000779475,UTI,MOBF,1
UTI_GCA_000779475,UTI,MOBP,1
UTI_GCA_000779515,UTI,MOBP,1
UTI_GCA_000779635,UTI,MOBF,1
UTI_GCA_000779675,UTI,MOBF,1
UTI_GCA_000779675,UTI,MOBP,1
UTI_GCA_000779695,UTI,MOBF,1
UTI_GCA_000779695,UTI,MOBP,1
UTI_GCA_000779695,UTI,MOBQ,1
UTI_GCA_000779875,UTI,MOBF,1
UTI_GCA_000779875,UTI,MOBQ,1
UTI_GCA_000779955,UTI,MOBC,1
UTI_GCA_000779995,UTI,MOBF,1
UTI_GCA_000780015,UTI,MOBF,1
UTI_GCA_000780015,UTI,MOBQ,1
UTI_GCA_000780095,UTI,MOBF,1
UTI_GCA_000780115,UTI,MOBF,1
UTI_GCA_000780155,UTI,MOBF,1
UTI_GCA_000780155,UTI,MOBV,1
UTI_GCA_000780235,UTI,MOBF,1
UTI_GCA_000780315,UTI,MOBF,1
UTI_GCA_000780415,UTI,MOBP,1
UTI_GCA_000780615,UTI,MOBF,1
UTI_GCA_000780615,UTI,MOBP,1
UTI_GCA_000780615,UTI,MOBQ,1
UTI_GCA_000780655,UTI,MOBC,1
UTI_GCA_000780655,UTI,MOBF,1
UTI_GCA_000780655,UTI,MOBP,1
UTI_GCA_000780655,UTI,MOBQ,1
UTI_GCA_000780695,UTI,MOBF,1
UTI_GCA_000780695,UTI,MOBP,1
UTI_GCA_000780695,UTI,MOBQ,1
UTI_GCA_000780735,UTI,MOBF,1
UTI_GCA_000780755,UTI,MOBF,1
UTI_GCA_000780755,UTI,MOBP,1
UTI_GCA_000780775,UTI,MOBF,1
UTI_GCA_000780815,UTI,MOBF,1
UTI_GCA_000780845,UTI,MOBF,1
UTI_GCA_000780875,UTI,MOBF,1
UTI_GCA_000780875,UTI,MOBP,1
UTI_GCA_000780895,UTI,MOBF,1
UTI_GCA_000780915,UTI,MOBP,1
UTI_GCA_000780995,UTI,MOBF,1
UTI_GCA_000781195,UTI,MOBF,1
UTI_GCA_000781195,UTI,MOBP,1
UTI_GCA_000781215,UTI,MOBF,1
UTI_GCA_000781215,UTI,MOBP,1
UTI_GCA_000781295,UTI,MOBF,1
UTI_GCA_000781295,UTI,MOBQ,1
UTI_GCA_000781315,UTI,MOBF,1
UTI_GCA_000781355,UTI,MOBF,1
UTI_GCA_000781385,UTI,MOBF,1
UTI_GCA_000781385,UTI,MOBP,1
UTI_GCA_000781415,UTI,MOBF,1
UTI_GCA_000781415,UTI,MOBP,1
UTI_GCA_000785325,UTI,MOBF,1
UTI_GCA_000785325,UTI,MOBP,1
UTI_GCA_002855655,UTI,MOBP,1
UTI_GCA_003856995,UTI,MOBF,1
UTI_GCA_003856995,UTI,MOBH,1
UTI_GCA_003856995,UTI,MOBP,1
UTI_GCA_004100965,UTI,MOBF,1
UTI_GCA_004100965,UTI,MOBQ,1
UTI_GCA_004101045,UTI,MOBF,1
UTI_GCA_004101045,UTI,MOBQ,1
UTI_GCA_004101155,UTI,MOBF,1
UTI_GCA_004101155,UTI,MOBQ,1
UTI_GCA_004101165,UTI,MOBF,1
UTI_GCA_004101165,UTI,MOBP,1
UTI_GCA_004101165,UTI,MOBQ,1
UTI_GCA_004101205,UTI,MOBF,1
UTI_GCA_004101205,UTI,MOBP,1
UTI_GCA_004101205,UTI,MOBQ,1
UTI_GCA_005508805,UTI,MOBP,1
UTI_GCA_013402855,UTI,MOBP,1
UTI_GCA_013402895,UTI,MOBF,1
UTI_GCA_013402895,UTI,MOBQ,1
UTI_GCA_015693455,UTI,MOBF,1
UTI_GCA_015693455,UTI,MOBP,1
UTI_GCA_015693455,UTI,MOBQ,1
UTI_GCA_016092415,UTI,MOBF,1
UTI_GCA_016092455,UTI,MOBF,1
UTI_GCA_016092465,UTI,MOBF,1
UTI_GCA_017869465,UTI,MOBF,1
UTI_GCA_017869465,UTI,MOBH,1
UTI_GCA_017903455,UTI,MOBC,1
UTI_GCA_017903455,UTI,MOBF,1
UTI_GCA_017903455,UTI,MOBH,1
UTI_GCA_018390445,UTI,MOBP,1
UTI_GCA_019508785,UTI,MOBF,1
UTI_GCA_019508785,UTI,MOBP,1
UTI_GCA_019508905,UTI,MOBF,1
UTI_GCA_019509385,UTI,MOBP,1
UTI_GCA_019509565,UTI,MOBF,1
UTI_GCA_019884625,UTI,MOBF,1
UTI_GCA_020085175,UTI,MOBF,1
UTI_GCA_020085215,UTI,MOBF,1
UTI_GCA_020085215,UTI,MOBQ,1
UTI_GCA_020085235,UTI,MOBF,1
UTI_GCA_020085235,UTI,MOBP,1
UTI_GCA_020085235,UTI,MOBQ,1
UTI_GCA_020085255,UTI,MOBP,1
UTI_GCA_020085255,UTI,MOBQ,1
UTI_GCA_020085275,UTI,MOBF,1
UTI_GCA_020085275,UTI,MOBP,1
UTI_GCA_020085295,UTI,MOBP,1
UTI_GCA_020085595,UTI,MOBQ,1
UTI_GCA_020085635,UTI,MOBQ,1
UTI_GCA_020085675,UTI,MOBQ,1
UTI_GCA_020085695,UTI,MOBP,1
UTI_GCA_020085695,UTI,MOBQ,1
UTI_GCA_020085735,UTI,MOBQ,1
UTI_GCA_020085775,UTI,MOBP,1
UTI_GCA_020085775,UTI,MOBQ,1
UTI_GCA_020085795,UTI,MOBQ,1
UTI_GCA_020085855,UTI,MOBP,1
UTI_GCA_020085855,UTI,MOBQ,1
UTI_GCA_020086185,UTI,MOBF,1
UTI_GCA_020086185,UTI,MOBQ,1
UTI_GCA_020086225,UTI,MOBQ,1
UTI_GCA_020086245,UTI,MOBQ,1
UTI_GCA_020086405,UTI,MOBQ,1
UTI_GCA_023024425,UTI,MOBF,1
UTI_GCA_023024425,UTI,MOBH,1
UTI_GCA_023024425,UTI,MOBP,1
UTI_GCA_029080245,UTI,MOBQ,1
UTI_GCA_029080255,UTI,MOBQ,1
UTI_GCA_029080445,UTI,MOBF,1
UTI_GCA_029080445,UTI,MOBP,1
UTI_GCA_029080445,UTI,MOBQ,1
UTI_GCA_029080695,UTI,MOBP,1
UTI_GCA_029080785,UTI,MOBC,1
UTI_GCA_029080905,UTI,MOBP,1
UTI_GCA_029080905,UTI,MOBQ,1
UTI_GCA_029080945,UTI,MOBQ,1
UTI_GCA_029082055,UTI,MOBQ,1
UTI_GCA_029082075,UTI,MOBQ,1
UTI_GCA_029082445,UTI,MOBP,1
UTI_GCA_029082445,UTI,MOBQ,1
UTI_GCA_029082465,UTI,MOBP,1
UTI_GCA_029082465,UTI,MOBQ,1
UTI_GCA_029082625,UTI,MOBP,1
UTI_GCA_029082625,UTI,MOBQ,1
UTI_GCA_029082695,UTI,MOBP,1
UTI_GCA_029082765,UTI,MOBF,1
UTI_GCA_029082765,UTI,MOBP,1
UTI_GCA_029109835,UTI,MOBF,1
UTI_GCA_029109835,UTI,MOBP,1
UTI_GCA_029109835,UTI,MOBQ,1
UTI_GCA_029109865,UTI,MOBF,1
UTI_GCA_029109865,UTI,MOBP,1
UTI_GCA_029109865,UTI,MOBQ,1
UTI_GCA_029111085,UTI,MOBQ,1
UTI_GCA_029111125,UTI,MOBQ,1
UTI_GCA_029111265,UTI,MOBQ,1
UTI_GCA_029112195,UTI,MOBF,1
UTI_GCA_029112195,UTI,MOBP,1
UTI_GCA_029112195,UTI,MOBQ,1
UTI_GCA_029112505,UTI,MOBP,1
UTI_GCA_029113525,UTI,MOBP,1
UTI_GCA_029113885,UTI,MOBP,1
UTI_GCA_029113915,UTI,MOBP,1
UTI_GCA_029113945,UTI,MOBF,1
UTI_GCA_029114525,UTI,MOBF,1
UTI_GCA_029114525,UTI,MOBP,1
UTI_GCA_029114525,UTI,MOBQ,1
UTI_GCA_029115025,UTI,MOBP,1
UTI_GCA_029115025,UTI,MOBQ,1
UTI_GCA_029115065,UTI,MOBF,1
UTI_GCA_029115885,UTI,MOBP,1
UTI_GCA_029115885,UTI,MOBQ,1
UTI_GCA_029115995,UTI,MOBP,1
UTI_GCA_029116805,UTI,MOBF,1
UTI_GCA_029116805,UTI,MOBQ,1
UTI_GCA_029117025,UTI,MOBF,1
UTI_GCA_029117025,UTI,MOBQ,1
UTI_GCA_029117105,UTI,MOBF,1
UTI_GCA_029117105,UTI,MOBQ,1
UTI_GCA_029117115,UTI,MOBF,1
UTI_GCA_029117115,UTI,MOBQ,1
UTI_GCA_029117905,UTI,MOBQ,1
UTI_GCA_029117995,UTI,MOBQ,1
UTI_GCA_029118025,UTI,MOBQ,1
UTI_GCA_029118045,UTI,MOBQ,1
UTI_GCA_029118055,UTI,MOBQ,1
UTI_GCA_029118085,UTI,MOBQ,1
UTI_GCA_029118315,UTI,MOBF,1
UTI_GCA_029118315,UTI,MOBQ,1
UTI_GCA_029118345,UTI,MOBF,1
UTI_GCA_029118345,UTI,MOBQ,1
UTI_GCA_029118425,UTI,MOBF,1
UTI_GCA_029118425,UTI,MOBQ,1
UTI_GCA_029118485,UTI,MOBF,1
UTI_GCA_029118485,UTI,MOBQ,1
UTI_GCA_029118655,UTI,MOBF,1
UTI_GCA_029118655,UTI,MOBQ,1
UTI_GCA_029118795,UTI,MOBF,1
UTI_GCA_029118795,UTI,MOBQ,1
UTI_GCA_029118805,UTI,MOBF,1
UTI_GCA_029118805,UTI,MOBQ,1
UTI_GCA_029118925,UTI,MOBF,1
UTI_GCA_029118925,UTI,MOBQ,1
UTI_GCA_029118945,UTI,MOBQ,1
UTI_GCA_029119005,UTI,MOBF,1
UTI_GCA_029119005,UTI,MOBQ,1
UTI_GCA_029119255,UTI,MOBQ,1
UTI_GCA_029119325,UTI,MOBQ,1
UTI_GCA_029119725,UTI,MOBF,1
UTI_GCA_029119725,UTI,MOBP,1
UTI_GCA_029119935,UTI,MOBF,1
UTI_GCA_029119935,UTI,MOBP,1
UTI_GCA_029119935,UTI,MOBQ,1
UTI_GCA_029119965,UTI,MOBF,1
UTI_GCA_029119965,UTI,MOBP,1
UTI_GCA_029119965,UTI,MOBQ,1
UTI_GCA_029119975,UTI,MOBF,1
UTI_GCA_029119975,UTI,MOBP,1
UTI_GCA_029119975,UTI,MOBQ,1
UTI_GCA_029120005,UTI,MOBF,1
UTI_GCA_029120005,UTI,MOBP,1
UTI_GCA_029120005,UTI,MOBQ,1
UTI_GCA_029120015,UTI,MOBF,1
UTI_GCA_029120015,UTI,MOBP,1
UTI_GCA_029120015,UTI,MOBQ,1
UTI_GCA_029120065,UTI,MOBF,1
UTI_GCA_029120065,UTI,MOBP,1
UTI_GCA_029120065,UTI,MOBQ,1
UTI_GCA_029120105,UTI,MOBF,1
UTI_GCA_029120105,UTI,MOBP,1
UTI_GCA_029120105,UTI,MOBQ,1
UTI_GCA_029120125,UTI,MOBF,1
UTI_GCA_029120125,UTI,MOBP,1
UTI_GCA_029120125,UTI,MOBQ,1
UTI_GCA_029120135,UTI,MOBF,1
UTI_GCA_029120135,UTI,MOBP,1
UTI_GCA_029120135,UTI,MOBQ,1
UTI_GCA_029120815,UTI,MOBF,1
UTI_GCA_029120815,UTI,MOBP,1
UTI_GCA_029120815,UTI,MOBQ,1
UTI_GCA_029120865,UTI,MOBF,1
UTI_GCA_029120865,UTI,MOBP,1
UTI_GCA_029120865,UTI,MOBQ,1
UTI_GCA_029120885,UTI,MOBF,1
UTI_GCA_029120885,UTI,MOBP,1
UTI_GCA_029120885,UTI,MOBQ,1
UTI_GCA_029120925,UTI,MOBF,1
UTI_GCA_029120925,UTI,MOBQ,1
UTI_GCA_029120965,UTI,MOBF,1
UTI_GCA_029120965,UTI,MOBQ,1
UTI_GCA_029120975,UTI,MOBF,1
UTI_GCA_029120975,UTI,MOBQ,1
UTI_GCA_029121045,UTI,MOBF,1
UTI_GCA_029121045,UTI,MOBQ,1
UTI_GCA_029121105,UTI,MOBF,1
UTI_GCA_029121105,UTI,MOBQ,1
UTI_GCA_029122665,UTI,MOBF,1
UTI_GCA_029122665,UTI,MOBP,1
UTI_GCA_029122665,UTI,MOBQ,1
UTI_GCA_029122705,UTI,MOBP,1
UTI_GCA_029122705,UTI,MOBQ,1
UTI_GCA_029122985,UTI,MOBP,1
UTI_GCA_029125075,UTI,MOBF,1
UTI_GCA_029125075,UTI,MOBQ,1
UTI_GCA_029125105,UTI,MOBF,1
UTI_GCA_029125105,UTI,MOBP,1
UTI_GCA_029125105,UTI,MOBQ,1
UTI_GCA_029125125,UTI,MOBF,1
UTI_GCA_029125125,UTI,MOBP,1
UTI_GCA_029125125,UTI,MOBQ,1
UTI_GCA_029125145,UTI,MOBF,1
UTI_GCA_029125145,UTI,MOBP,1
UTI_GCA_029125145,UTI,MOBQ,1
UTI_GCA_029125265,UTI,MOBF,1
UTI_GCA_029125265,UTI,MOBP,1
UTI_GCA_029125265,UTI,MOBQ,1
UTI_GCA_029125385,UTI,MOBF,1
UTI_GCA_029125385,UTI,MOBQ,1
UTI_GCA_030988725,UTI,MOBP,1
UTI_GCA_030988725,UTI,MOBQ,1
UTI_GCA_030988825,UTI,MOBF,1
UTI_GCA_030988825,UTI,MOBP,1
UTI_GCA_030988825,UTI,MOBQ,1
UTI_GCA_030988915,UTI,MOBP,1
UTI_GCA_030991405,UTI,MOBP,1
UTI_GCA_030991405,UTI,MOBQ,1
UTI_GCA_030991425,UTI,MOBP,1
UTI_GCA_030991425,UTI,MOBQ,1
UTI_GCA_036422055,UTI,MOBF,1
UTI_GCA_037081975,UTI,MOBF,1
UTI_GCA_037081975,UTI,MOBP,1
UTI_GCA_037081985,UTI,MOBF,1
UTI_GCA_037082015,UTI,MOBF,1
UTI_GCA_037082015,UTI,MOBP,1
UTI_GCA_037082015,UTI,MOBQ,1
UTI_GCA_037100245,UTI,MOBF,1
UTI_GCA_037100245,UTI,MOBP,1
UTI_GCA_041251595,UTI,MOBF,1
UTI_GCA_041251595,UTI,MOBH,1
UTI_GCA_041254635,UTI,MOBF,1
UTI_GCA_041254635,UTI,MOBH,1
UTI_GCA_041257715,UTI,MOBF,1
UTI_GCA_041257715,UTI,MOBP,1
UTI_GCA_041257715,UTI,MOBQ,1
UTI_GCA_049219625,UTI,MOBP,1
UTI_GCA_049219625,UTI,MOBQ,1
UTI_GCA_049748375,UTI,MOBF,1
UTI_GCA_049748375,UTI,MOBP,1
UTI_GCA_049748455,UTI,MOBF,1
rUTI_ERR14226055,rUTI,MOBF,1
rUTI_ERR14226056,rUTI,MOBF,1
rUTI_ERR14226056,rUTI,MOBP,1
rUTI_ERR14226056,rUTI,MOBQ,1
rUTI_ERR14226057,rUTI,MOBF,1
rUTI_ERR14226057,rUTI,MOBP,1
rUTI_ERR14226057,rUTI,MOBQ,1
rUTI_ERR14226058,rUTI,MOBF,1
rUTI_ERR14226059,rUTI,MOBF,1
rUTI_ERR14226060,rUTI,MOBF,1
rUTI_ERR14226062,rUTI,MOBF,1
rUTI_ERR14226068,rUTI,MOBF,1
rUTI_ERR14226068,rUTI,MOBP,1
rUTI_ERR14226069,rUTI,MOBF,1
rUTI_ERR14226069,rUTI,MOBP,1
rUTI_ERR14226070,rUTI,MOBF,1
rUTI_ERR14226071,rUTI,MOBF,1
rUTI_ERR14226071,rUTI,MOBP,1
rUTI_ERR14226072,rUTI,MOBF,1
rUTI_ERR14226072,rUTI,MOBP,1
rUTI_ERR14226073,rUTI,MOBQ,1
rUTI_ERR14226074,rUTI,MOBF,1
rUTI_ERR14226076,rUTI,MOBP,1
rUTI_ERR14226078,rUTI,MOBP,1
rUTI_ERR14226079,rUTI,MOBP,1
rUTI_ERR14226081,rUTI,MOBQ,1
rUTI_ERR14226082,rUTI,MOBQ,1
rUTI_ERR14226083,rUTI,MOBQ,1
rUTI_ERR14226084,rUTI,MOBF,1
rUTI_ERR14226084,rUTI,MOBP,1
rUTI_ERR14226085,rUTI,MOBF,1
rUTI_ERR14226085,rUTI,MOBP,1
rUTI_ERR14226086,rUTI,MOBF,1
rUTI_ERR14226088,rUTI,MOBP,1
rUTI_ERR14226089,rUTI,MOBF,1
rUTI_ERR14226089,rUTI,MOBP,1
rUTI_ERR14226089,rUTI,MOBQ,1
rUTI_ERR14226093,rUTI,MOBQ,1
rUTI_ERR14226094,rUTI,MOBF,1
rUTI_ERR14226094,rUTI,MOBQ,1
rUTI_ERR14226096,rUTI,MOBF,1
rUTI_ERR14226096,rUTI,MOBP,1
rUTI_ERR14226097,rUTI,MOBF,1
rUTI_ERR14226097,rUTI,MOBP,1
rUTI_ERR14226098,rUTI,MOBF,1
rUTI_ERR14226098,rUTI,MOBP,1
rUTI_ERR14226098,rUTI,MOBQ,1
rUTI_ERR14226099,rUTI,MOBF,1
rUTI_ERR14226099,rUTI,MOBP,1
rUTI_ERR14226099,rUTI,MOBQ,1
rUTI_ERR14226103,rUTI,MOBF,1
rUTI_ERR14226104,rUTI,MOBC,1
rUTI_ERR14226104,rUTI,MOBF,1
rUTI_ERR14226104,rUTI,MOBH,1
rUTI_ERR14226104,rUTI,MOBP,1
rUTI_ERR14226104,rUTI,MOBQ,1
rUTI_ERR14226105,rUTI,MOBF,1
rUTI_ERR14226105,rUTI,MOBP,1
rUTI_ERR14226106,rUTI,MOBF,1
rUTI_ERR14226106,rUTI,MOBP,1
rUTI_ERR14226107,rUTI,MOBF,1
rUTI_ERR14226107,rUTI,MOBQ,1
rUTI_ERR14226108,rUTI,MOBF,1
rUTI_ERR14226108,rUTI,MOBP,1
rUTI_ERR14226109,rUTI,MOBF,1
rUTI_ERR14226109,rUTI,MOBP,1
rUTI_ERR14226110,rUTI,MOBF,1
rUTI_ERR14226110,rUTI,MOBP,1
rUTI_ERR14226110,rUTI,MOBQ,1
rUTI_ERR14226111,rUTI,MOBH,1
rUTI_ERR14226111,rUTI,MOBP,1
rUTI_ERR14226112,rUTI,MOBP,1
rUTI_ERR14226112,rUTI,MOBQ,1
rUTI_ERR14226113,rUTI,MOBC,1
rUTI_ERR14226113,rUTI,MOBF,1
rUTI_ERR14226114,rUTI,MOBF,1
rUTI_ERR14226114,rUTI,MOBP,1
rUTI_ERR14226114,rUTI,MOBQ,1
rUTI_ERR14226115,rUTI,MOBC,1
rUTI_ERR14226115,rUTI,MOBF,1
rUTI_ERR14226116,rUTI,MOBF,1
rUTI_ERR14226116,rUTI,MOBP,1
rUTI_ERR14226118,rUTI,MOBF,1
rUTI_ERR14226118,rUTI,MOBP,1
rUTI_ERR14226121,rUTI,MOBF,1
rUTI_ERR14226121,rUTI,MOBP,1
rUTI_ERR14226122,rUTI,MOBF,1
rUTI_ERR14226122,rUTI,MOBP,1
rUTI_ERR14226124,rUTI,MOBF,1
rUTI_ERR14226126,rUTI,MOBQ,1
rUTI_ERR14226127,rUTI,MOBP,1
rUTI_ERR14226128,rUTI,MOBP,1
rUTI_ERR14226129,rUTI,MOBC,1
rUTI_ERR14226129,rUTI,MOBF,1
rUTI_ERR14226129,rUTI,MOBP,1
rUTI_ERR14226129,rUTI,MOBQ,1
rUTI_ERR14226130,rUTI,MOBP,1
rUTI_ERR14226133,rUTI,MOBF,1
rUTI_ERR14226133,rUTI,MOBP,1
rUTI_ERR14226134,rUTI,MOBF,1
rUTI_ERR14226134,rUTI,MOBP,1
rUTI_ERR14226135,rUTI,MOBP,1
rUTI_ERR14226137,rUTI,MOBF,1
rUTI_ERR14226143,rUTI,MOBF,1
rUTI_ERR14226143,rUTI,MOBP,1
rUTI_ERR14226144,rUTI,MOBF,1
rUTI_ERR14226144,rUTI,MOBP,1
rUTI_ERR14226145,rUTI,MOBF,1
rUTI_ERR14226145,rUTI,MOBP,1
rUTI_ERR14226147,rUTI,MOBF,1
rUTI_ERR14226147,rUTI,MOBP,1
rUTI_ERR14226147,rUTI,MOBQ,1
rUTI_ERR14226149,rUTI,MOBF,1
rUTI_ERR14226149,rUTI,MOBP,1
rUTI_ERR14226151,rUTI,MOBF,1
rUTI_ERR14226151,rUTI,MOBP,1
rUTI_ERR14226152,rUTI,MOBF,1
rUTI_ERR14226152,rUTI,MOBP,1
rUTI_ERR14226153,rUTI,MOBP,1
rUTI_ERR14226153,rUTI,MOBQ,1
rUTI_ERR14226154,rUTI,MOBF,1
rUTI_ERR14226157,rUTI,MOBF,1
rUTI_ERR14226157,rUTI,MOBP,1
rUTI_ERR14226157,rUTI,MOBQ,1
rUTI_ERR14226158,rUTI,MOBF,1
rUTI_ERR14226158,rUTI,MOBP,1
rUTI_ERR14226158,rUTI,MOBQ,1
rUTI_ERR14226159,rUTI,MOBF,1
rUTI_ERR14226159,rUTI,MOBP,1
rUTI_ERR14226159,rUTI,MOBQ,1
rUTI_ERR14226160,rUTI,MOBF,1
rUTI_ERR14226160,rUTI,MOBP,1
rUTI_ERR14226160,rUTI,MOBQ,1
rUTI_ERR14226161,rUTI,MOBF,1
rUTI_ERR14226161,rUTI,MOBP,1
rUTI_ERR14226161,rUTI,MOBQ,1
rUTI_ERR14226162,rUTI,MOBF,1
rUTI_ERR14226162,rUTI,MOBP,1
rUTI_ERR14226162,rUTI,MOBQ,1
rUTI_ERR14226164,rUTI,MOBF,1
rUTI_ERR14226165,rUTI,MOBF,1
rUTI_ERR14226166,rUTI,MOBF,1
rUTI_ERR14226167,rUTI,MOBF,1
rUTI_ERR14226167,rUTI,MOBP,1
rUTI_ERR14226168,rUTI,MOBF,1
rUTI_ERR14226169,rUTI,MOBF,1
rUTI_ERR14226171,rUTI,MOBF,1
rUTI_ERR14226171,rUTI,MOBP,1
rUTI_ERR14226172,rUTI,MOBF,1
rUTI_ERR14226172,rUTI,MOBP,1
rUTI_ERR14226173,rUTI,MOBF,1
rUTI_ERR14226175,rUTI,MOBP,1
rUTI_ERR14226175,rUTI,MOBQ,1
rUTI_ERR14226176,rUTI,MOBF,1
rUTI_ERR14226177,rUTI,MOBF,1
rUTI_ERR14226179,rUTI,MOBF,1
rUTI_ERR14226180,rUTI,MOBF,1
rUTI_ERR14226180,rUTI,MOBP,1
rUTI_ERR14226181,rUTI,MOBF,1
rUTI_ERR14226182,rUTI,MOBF,1
rUTI_ERR14226183,rUTI,MOBF,1
rUTI_ERR14226184,rUTI,MOBF,1
rUTI_ERR14226184,rUTI,MOBP,1
rUTI_ERR14226184,rUTI,MOBQ,1
rUTI_ERR14226185,rUTI,MOBF,1
rUTI_ERR14226185,rUTI,MOBP,1
rUTI_ERR14226185,rUTI,MOBQ,1
rUTI_ERR14226187,rUTI,MOBF,1
rUTI_ERR14226187,rUTI,MOBP,1
rUTI_ERR14226188,rUTI,MOBF,1
rUTI_ERR14226188,rUTI,MOBP,1
rUTI_ERR14226188,rUTI,MOBQ,1
rUTI_ERR14226191,rUTI,MOBQ,1
rUTI_ERR14226192,rUTI,MOBF,1
rUTI_ERR14226194,rUTI,MOBF,1
rUTI_ERR14226194,rUTI,MOBP,1
rUTI_ERR14226195,rUTI,MOBF,1
rUTI_ERR14226195,rUTI,MOBQ,1
rUTI_ERR14226196,rUTI,MOBQ,1
rUTI_ERR14226197,rUTI,MOBF,1
rUTI_ERR14226198,rUTI,MOBF,1
rUTI_ERR14226198,rUTI,MOBP,1
rUTI_ERR14226200,rUTI,MOBF,1
rUTI_ERR14226200,rUTI,MOBP,1
rUTI_ERR14226201,rUTI,MOBF,1
rUTI_ERR14226202,rUTI,MOBF,1
rUTI_ERR14226205,rUTI,MOBF,1
rUTI_ERR14226205,rUTI,MOBP,1
rUTI_ERR14226205,rUTI,MOBQ,1
rUTI_ERR14226207,rUTI,MOBF,1
rUTI_ERR14226207,rUTI,MOBQ,1
rUTI_ERR14226208,rUTI,MOBF,1
rUTI_ERR14226208,rUTI,MOBP,1
rUTI_ERR14226208,rUTI,MOBQ,1
rUTI_ERR14226209,rUTI,MOBF,1
rUTI_ERR14226209,rUTI,MOBP,1
rUTI_ERR14226209,rUTI,MOBQ,1
rUTI_ERR14226211,rUTI,MOBP,1
rUTI_ERR14226213,rUTI,MOBQ,1
rUTI_ERR14226214,rUTI,MOBF,1
rUTI_ERR14226214,rUTI,MOBP,1
rUTI_ERR14226214,rUTI,MOBQ,1
rUTI_ERR14226215,rUTI,MOBF,1
rUTI_ERR14226216,rUTI,MOBF,1
rUTI_ERR14226217,rUTI,MOBF,1
rUTI_ERR14226218,rUTI,MOBF,1
rUTI_ERR14226219,rUTI,MOBF,1
rUTI_ERR14226220,rUTI,MOBF,1
rUTI_ERR14226222,rUTI,MOBF,1
rUTI_ERR14226222,rUTI,MOBP,1
rUTI_ERR14226223,rUTI,MOBP,1
rUTI_ERR14226224,rUTI,MOBP,1
rUTI_ERR14226225,rUTI,MOBF,1
rUTI_ERR14226225,rUTI,MOBP,1
rUTI_ERR14226225,rUTI,MOBQ,1
rUTI_ERR14226227,rUTI,MOBF,1
rUTI_ERR14226229,rUTI,MOBF,1
rUTI_ERR14226230,rUTI,MOBF,1
rUTI_ERR14226231,rUTI,MOBF,1
rUTI_ERR14226231,rUTI,MOBP,1
rUTI_ERR14226232,rUTI,MOBF,1
rUTI_ERR14226232,rUTI,MOBP,1
rUTI_ERR14226233,rUTI,MOBF,1
rUTI_ERR14226234,rUTI,MOBP,1
rUTI_ERR14226235,rUTI,MOBP,1
rUTI_ERR14226236,rUTI,MOBF,1
rUTI_ERR14226236,rUTI,MOBP,1
rUTI_ERR14226237,rUTI,MOBP,1
rUTI_ERR14226238,rUTI,MOBP,1
rUTI_ERR14226239,rUTI,MOBF,1
rUTI_ERR14226239,rUTI,MOBP,1
rUTI_ERR14226244,rUTI,MOBF,1
rUTI_ERR14226245,rUTI,MOBF,1
rUTI_ERR14226245,rUTI,MOBP,1
rUTI_ERR4556422,rUTI,MOBP,1
rUTI_ERR4556422,rUTI,MOBQ,1
rUTI_ERR4556424,rUTI,MOBF,1
rUTI_ERR4556424,rUTI,MOBP,1
rUTI_ERR4556424,rUTI,MOBQ,1
rUTI_ERR4556426,rUTI,MOBF,1
rUTI_ERR4556426,rUTI,MOBP,1
rUTI_ERR4556428,rUTI,MOBF,1
rUTI_ERR4556435,rUTI,MOBF,1
rUTI_ERR4556435,rUTI,MOBP,1
rUTI_ERR4556439,rUTI,MOBP,1
rUTI_ERR4556449,rUTI,MOBF,1
rUTI_ERR4556462,rUTI,MOBP,1
rUTI_ERR4556465,rUTI,MOBP,1
rUTI_ERR4556466,rUTI,MOBF,1
rUTI_GCA_004135165,rUTI,MOBF,1
rUTI_GCA_004135165,rUTI,MOBP,1
rUTI_GCA_004135165,rUTI,MOBQ,1
rUTI_GCA_004135915,rUTI,MOBF,1
rUTI_GCA_004135915,rUTI,MOBP,1
rUTI_GCA_004135915,rUTI,MOBQ,1
rUTI_GCA_004141955,rUTI,MOBF,1
rUTI_GCA_004141955,rUTI,MOBP,1
rUTI_GCA_004141955,rUTI,MOBQ,1
rUTI_GCA_004193755,rUTI,MOBF,1
rUTI_GCA_004193755,rUTI,MOBP,1
rUTI_GCA_004193755,rUTI,MOBQ,1
rUTI_GCA_011751215,rUTI,MOBF,1
rUTI_GCA_011751215,rUTI,MOBV,1
rUTI_GCA_011751285,rUTI,MOBF,1
rUTI_GCA_011751305,rUTI,MOBF,1
rUTI_GCA_011751305,rUTI,MOBP,1
rUTI_GCA_011751305,rUTI,MOBQ,1
rUTI_GCA_011751325,rUTI,MOBF,1
rUTI_GCA_011751325,rUTI,MOBP,1
rUTI_GCA_011751325,rUTI,MOBQ,1
rUTI_GCA_011751345,rUTI,MOBP,1
rUTI_GCA_011751355,rUTI,MOBP,1
rUTI_GCA_011751375,rUTI,MOBF,1
rUTI_GCA_011751375,rUTI,MOBP,1
rUTI_GCA_011751405,rUTI,MOBF,1
rUTI_GCA_011751405,rUTI,MOBQ,1
rUTI_GCA_011751425,rUTI,MOBP,1
rUTI_GCA_013372305,rUTI,MOBP,1
rUTI_GCA_013372305,rUTI,MOBQ,1
rUTI_GCA_013372325,rUTI,MOBF,1
rUTI_GCA_013372325,rUTI,MOBP,1
rUTI_GCA_013372325,rUTI,MOBQ,1
rUTI_GCA_013372365,rUTI,MOBF,1
rUTI_GCA_013372385,rUTI,MOBP,1
rUTI_GCA_013372405,rUTI,MOBF,1
rUTI_GCA_013372405,rUTI,MOBP,1
rUTI_GCA_013372405,rUTI,MOBQ,1
rUTI_GCA_013372425,rUTI,MOBF,1
rUTI_GCA_013372425,rUTI,MOBP,1
rUTI_GCA_017352035,rUTI,MOBF,1
rUTI_GCA_017352075,rUTI,MOBF,1
rUTI_GCA_017352075,rUTI,MOBP,1
rUTI_GCA_019443605,rUTI,MOBP,1
rUTI_GCA_019443685,rUTI,MOBP,1
rUTI_GCA_019443685,rUTI,MOBQ,1
rUTI_GCA_021496405,rUTI,MOBF,1
rUTI_GCA_021496445,rUTI,MOBF,1
rUTI_GCA_021496445,rUTI,MOBP,1
rUTI_GCA_021496445,rUTI,MOBQ,1
rUTI_GCA_023376095,rUTI,MOBF,1
rUTI_GCA_023376095,rUTI,MOBP,1
rUTI_GCA_026968085,rUTI,MOBF,1
rUTI_GCA_026968105,rUTI,MOBF,1
rUTI_GCA_026968105,rUTI,MOBP,1
rUTI_GCA_027474255,rUTI,MOBF,1
rUTI_GCA_027474255,rUTI,MOBQ,1
rUTI_GCA_027474265,rUTI,MOBF,1
rUTI_GCA_027474265,rUTI,MOBP,1
rUTI_GCA_027474275,rUTI,MOBF,1
rUTI_GCA_027474275,rUTI,MOBP,1
rUTI_GCA_027474285,rUTI,MOBF,1
rUTI_GCA_027474285,rUTI,MOBP,1
rUTI_GCA_030707855,rUTI,MOBF,1
rUTI_GCA_030707855,rUTI,MOBP,1
rUTI_GCA_030707875,rUTI,MOBF,1
rUTI_GCA_030707895,rUTI,MOBC,1
rUTI_GCA_030707895,rUTI,MOBF,1
rUTI_GCA_030707895,rUTI,MOBP,1
rUTI_GCA_030707895,rUTI,MOBQ,1
rUTI_GCA_030707915,rUTI,MOBF,1
rUTI_GCA_030707935,rUTI,MOBF,1
rUTI_GCA_030707935,rUTI,MOBP,1
rUTI_GCA_030707935,rUTI,MOBQ,1
rUTI_GCA_030707955,rUTI,MOBF,1
rUTI_GCA_030707955,rUTI,MOBP,1
rUTI_GCA_030707975,rUTI,MOBF,1
rUTI_GCA_030707975,rUTI,MOBP,1
rUTI_GCA_030707975,rUTI,MOBQ,1
rUTI_GCA_030707995,rUTI,MOBF,1
rUTI_GCA_030707995,rUTI,MOBP,1
rUTI_GCA_030708015,rUTI,MOBF,1
rUTI_GCA_030708035,rUTI,MOBF,1
rUTI_GCA_030708035,rUTI,MOBP,1
rUTI_GCA_030708055,rUTI,MOBF,1
rUTI_GCA_030708055,rUTI,MOBP,1
rUTI_GCA_030708055,rUTI,MOBQ,1
rUTI_GCA_030708535,rUTI,MOBF,1
rUTI_GCA_030708535,rUTI,MOBP,1
rUTI_GCA_034642615,rUTI,MOBF,1
rUTI_GCA_034642615,rUTI,MOBP,1
rUTI_GCA_034642855,rUTI,MOBF,1
rUTI_GCA_034642855,rUTI,MOBP,1
rUTI_GCA_034642955,rUTI,MOBF,1
rUTI_GCA_034643255,rUTI,MOBF,1
rUTI_GCA_034643695,rUTI,MOBF,1
rUTI_GCA_034644215,rUTI,MOBP,1
rUTI_GCA_034644455,rUTI,MOBF,1
rUTI_GCA_034644455,rUTI,MOBP,1
