feature,rUTI_isolates,UTI_isolates,odds_ratio,pvalue,FDR
Col(BS512),7,48,0.12384840871021775,3.923663532844587e-09,2.1187783077360772e-07
Col(IMGS31),0,1,0.0,1.0,1.0
Col(MG828),39,22,2.0699510070767557,0.012386479010662303,0.09555283808225205
Col(MP18),3,0,inf,0.1146347622719083,0.3835967277362784
Col156,23,73,0.24792274870873568,2.9504098584130314e-08,7.966106617715185e-07
ColRNAI_rep_cluster_1857,7,1,7.597989949748744,0.033154743602922664,0.223794519319728
ColRNAI_rep_cluster_1987,4,3,1.4125412541254125,0.7179186020981655,0.9940411413666908
ColpVC,10,10,1.0561224489795917,1.0,1.0
IncC,1,2,0.524390243902439,1.0,1.0
IncFIA,122,116,1.2645730706075533,0.24081435723239036,0.5418323037728784
IncFIB,129,147,0.7977736549165121,0.30712715364094456,0.6378794729465772
IncFIC,75,43,2.3167051304810937,0.00014781614329339646,0.0026606905792811364
IncFII,43,62,0.6595092024539877,0.0722914420478893,0.3002875285066171
IncHI1B,5,6,0.8747927031509121,1.0,1.0
IncHI2A,1,5,0.20682926829268292,0.216367280009788,0.5418323037728784
IncI-gamma/K1,16,12,1.4385964912280702,0.4349898129040992,0.7513677811550151
IncI1,0,1,0.0,1.0,1.0
IncI1/B/O,19,24,0.8170677361853832,0.6297169955318762,0.8948609936505609
IncI2,7,4,1.8731155778894473,0.3707067763796702,0.7414135527593404
IncK2/Z,19,5,4.308021390374331,0.002618127262751954,0.028275774437721102
IncL/M,0,1,0.0,1.0,1.0
IncN,11,10,1.1676923076923076,0.8242373327027088,1.0
IncQ1,18,20,0.9430851063829787,1.0,1.0
IncR,1,2,0.524390243902439,1.0,1.0
IncX1,14,6,2.564236111111111,0.06598201406714144,0.29691906330213647
IncX3,1,0,inf,0.48699763593380613,0.7513677811550151
IncX4,4,6,0.6963696369636964,0.7518054813330339,1.0
IncY,5,6,0.8747927031509121,1.0,1.0
rep_cluster_1088,1,5,0.20682926829268292,0.216367280009788,0.5418323037728784
rep_cluster_1368,0,1,0.0,1.0,1.0
rep_cluster_1451,1,0,inf,0.48699763593380613,0.7513677811550151
rep_cluster_1704,3,0,inf,0.1146347622719083,0.3835967277362784
rep_cluster_1760,0,9,0.0,0.003672108715946425,0.033048978443517826
rep_cluster_1778,31,49,0.6073469387755102,0.06202178054916563,0.29691906330213647
rep_cluster_2131,72,84,0.8507462686567164,0.48046490777375256,0.7513677811550151
rep_cluster_2134,0,1,0.0,1.0,1.0
rep_cluster_2141,6,2,3.225,0.16564304945543218,0.4707749826628072
rep_cluster_2150,4,0,inf,0.055406801764755695,0.29691906330213647
rep_cluster_2175,4,2,2.128712871287129,0.43878916730560763,0.7513677811550151
rep_cluster_2232,0,4,0.0,0.12373209648528287,0.3835967277362784
rep_cluster_2244,9,9,1.0558375634517767,1.0,1.0
rep_cluster_2313,2,1,2.1176470588235294,0.6145508911614859,0.8948609936505609
rep_cluster_2335,11,5,2.391794871794872,0.1278655759120928,0.3835967277362784
rep_cluster_2344,0,1,0.0,1.0,1.0
rep_cluster_2350,52,25,2.593246753246753,0.00037033011102555934,0.004999456498845051
rep_cluster_2358,4,0,inf,0.055406801764755695,0.29691906330213647
rep_cluster_2361,2,0,inf,0.23657468096310488,0.5418323037728784
rep_cluster_2370,7,2,3.7814070351758793,0.09785541061003139,0.377442298067264
rep_cluster_2373,1,0,inf,0.48699763593380613,0.7513677811550151
rep_cluster_2392,2,0,inf,0.23657468096310488,0.5418323037728784
rep_cluster_2401,14,9,1.6851851851851851,0.2850047679147382,0.6156102986958345
rep_cluster_435,1,0,inf,0.48699763593380613,0.7513677811550151
rep_cluster_488,6,9,0.6933333333333334,0.602523351301546,0.8948609936505609
rep_cluster_827,1,0,inf,0.48699763593380613,0.7513677811550151
