sample_folder,phenotype,rep_type,present
UTI_GCA_000776035,UTI,IncFIA,1
UTI_GCA_000776035,UTI,IncFIB,1
UTI_GCA_000776035,UTI,IncFIC,1
UTI_GCA_000776035,UTI,rep_cluster_2131,1
UTI_GCA_000776055,UTI,IncFIA,1
UTI_GCA_000776055,UTI,IncFIB,1
UTI_GCA_000776065,UTI,IncFIA,1
UTI_GCA_000776065,UTI,IncFIB,1
UTI_GCA_000776115,UTI,IncFIA,1
UTI_GCA_000776115,UTI,IncFIB,1
UTI_GCA_000776115,UTI,IncFIC,1
UTI_GCA_000776315,UTI,IncFIA,1
UTI_GCA_000776315,UTI,IncFIB,1
UTI_GCA_000776315,UTI,IncFIC,1
UTI_GCA_000776315,UTI,rep_cluster_2131,1
UTI_GCA_000776375,UTI,IncFIB,1
UTI_GCA_000776375,UTI,rep_cluster_2244,1
UTI_GCA_000776395,UTI,IncFIA,1
UTI_GCA_000776395,UTI,IncFIB,1
UTI_GCA_000776395,UTI,IncK2/Z,1
UTI_GCA_000776565,UTI,IncFIA,1
UTI_GCA_000776565,UTI,IncFIB,1
UTI_GCA_000776565,UTI,IncFIC,1
UTI_GCA_000776565,UTI,rep_cluster_2131,1
UTI_GCA_000776565,UTI,rep_cluster_2344,1
UTI_GCA_000776655,UTI,IncFIA,1
UTI_GCA_000776655,UTI,IncFIB,1
UTI_GCA_000776655,UTI,rep_cluster_2131,1
UTI_GCA_000776715,UTI,IncFIA,1
UTI_GCA_000776715,UTI,IncFIB,1
UTI_GCA_000776715,UTI,rep_cluster_2131,1
UTI_GCA_000776745,UTI,IncHI1B,1
UTI_GCA_000776815,UTI,IncFIA,1
UTI_GCA_000776815,UTI,IncFIB,1
UTI_GCA_000776965,UTI,IncFIA,1
UTI_GCA_000776965,UTI,IncFIB,1
UTI_GCA_000776965,UTI,rep_cluster_2131,1
UTI_GCA_000777025,UTI,Col156,1
UTI_GCA_000777025,UTI,IncFIB,1
UTI_GCA_000777025,UTI,IncFIC,1
UTI_GCA_000777025,UTI,IncI1/B/O,1
UTI_GCA_000777025,UTI,rep_cluster_2131,1
UTI_GCA_000777025,UTI,rep_cluster_2232,1
UTI_GCA_000777695,UTI,IncFIA,1
UTI_GCA_000777695,UTI,IncFIB,1
UTI_GCA_000777695,UTI,rep_cluster_2131,1
UTI_GCA_000777945,UTI,IncFIA,1
UTI_GCA_000777945,UTI,IncFIB,1
UTI_GCA_000778015,UTI,IncFIB,1
UTI_GCA_000778015,UTI,IncFII,1
UTI_GCA_000778015,UTI,IncQ1,1
UTI_GCA_000778015,UTI,rep_cluster_2131,1
UTI_GCA_000778035,UTI,IncFIA,1
UTI_GCA_000778035,UTI,IncFIB,1
UTI_GCA_000778035,UTI,rep_cluster_2131,1
UTI_GCA_000778035,UTI,rep_cluster_2401,1
UTI_GCA_000778315,UTI,IncHI1B,1
UTI_GCA_000778355,UTI,IncFIA,1
UTI_GCA_000778355,UTI,IncFIB,1
UTI_GCA_000778355,UTI,IncFIC,1
UTI_GCA_000778355,UTI,rep_cluster_2131,1
UTI_GCA_000778375,UTI,IncFIA,1
UTI_GCA_000778375,UTI,IncFIB,1
UTI_GCA_000778375,UTI,IncFIC,1
UTI_GCA_000778395,UTI,IncFIA,1
UTI_GCA_000778395,UTI,IncFIB,1
UTI_GCA_000778395,UTI,rep_cluster_2335,1
UTI_GCA_000778475,UTI,Col156,1
UTI_GCA_000778475,UTI,IncFIA,1
UTI_GCA_000778475,UTI,IncFIB,1
UTI_GCA_000778475,UTI,IncFII,1
UTI_GCA_000778475,UTI,IncN,1
UTI_GCA_000778475,UTI,rep_cluster_2131,1
UTI_GCA_000778545,UTI,IncY,1
UTI_GCA_000778565,UTI,IncFIA,1
UTI_GCA_000778565,UTI,IncFIB,1
UTI_GCA_000778565,UTI,rep_cluster_2131,1
UTI_GCA_000778685,UTI,IncFIA,1
UTI_GCA_000778725,UTI,Col156,1
UTI_GCA_000778725,UTI,IncFIB,1
UTI_GCA_000778725,UTI,IncFIC,1
UTI_GCA_000778725,UTI,IncI1/B/O,1
UTI_GCA_000778725,UTI,rep_cluster_1778,1
UTI_GCA_000778725,UTI,rep_cluster_2244,1
UTI_GCA_000778935,UTI,Col(BS512),1
UTI_GCA_000778935,UTI,IncFIB,1
UTI_GCA_000778935,UTI,IncFII,1
UTI_GCA_000778935,UTI,rep_cluster_1778,1
UTI_GCA_000778935,UTI,rep_cluster_2131,1
UTI_GCA_000779055,UTI,IncFIA,1
UTI_GCA_000779055,UTI,IncFIB,1
UTI_GCA_000779055,UTI,IncFIC,1
UTI_GCA_000779055,UTI,rep_cluster_2131,1
UTI_GCA_000779255,UTI,IncFIA,1
UTI_GCA_000779255,UTI,IncFIB,1
UTI_GCA_000779255,UTI,IncFIC,1
UTI_GCA_000779255,UTI,IncI1/B/O,1
UTI_GCA_000779255,UTI,IncX4,1
UTI_GCA_000779255,UTI,rep_cluster_2131,1
UTI_GCA_000779425,UTI,IncX1,1
UTI_GCA_000779425,UTI,rep_cluster_1778,1
UTI_GCA_000779475,UTI,IncFIB,1
UTI_GCA_000779475,UTI,IncFII,1
UTI_GCA_000779475,UTI,IncI1,1
UTI_GCA_000779475,UTI,IncI2,1
UTI_GCA_000779515,UTI,rep_cluster_2350,1
UTI_GCA_000779635,UTI,IncFIA,1
UTI_GCA_000779635,UTI,IncFIB,1
UTI_GCA_000779635,UTI,rep_cluster_2131,1
UTI_GCA_000779675,UTI,IncFIB,1
UTI_GCA_000779675,UTI,IncFIC,1
UTI_GCA_000779675,UTI,IncI-gamma/K1,1
UTI_GCA_000779675,UTI,rep_cluster_2244,1
UTI_GCA_000779695,UTI,Col(MG828),1
UTI_GCA_000779695,UTI,ColRNAI_rep_cluster_1987,1
UTI_GCA_000779695,UTI,IncFIA,1
UTI_GCA_000779695,UTI,IncFIB,1
UTI_GCA_000779695,UTI,IncFIC,1
UTI_GCA_000779695,UTI,IncQ1,1
UTI_GCA_000779695,UTI,rep_cluster_2131,1
UTI_GCA_000779875,UTI,IncFIA,1
UTI_GCA_000779875,UTI,IncFIB,1
UTI_GCA_000779895,UTI,IncFII,1
UTI_GCA_000779955,UTI,IncFIB,1
UTI_GCA_000779955,UTI,IncHI1B,1
UTI_GCA_000779955,UTI,IncY,1
UTI_GCA_000779995,UTI,IncFIA,1
UTI_GCA_000779995,UTI,IncFIB,1
UTI_GCA_000779995,UTI,rep_cluster_2131,1
UTI_GCA_000780015,UTI,Col156,1
UTI_GCA_000780015,UTI,IncFIA,1
UTI_GCA_000780015,UTI,IncFIB,1
UTI_GCA_000780015,UTI,rep_cluster_1778,1
UTI_GCA_000780095,UTI,IncFIA,1
UTI_GCA_000780095,UTI,IncFIB,1
UTI_GCA_000780095,UTI,rep_cluster_2131,1
UTI_GCA_000780115,UTI,IncFIA,1
UTI_GCA_000780115,UTI,IncFIB,1
UTI_GCA_000780115,UTI,IncFIC,1
UTI_GCA_000780115,UTI,rep_cluster_2131,1
UTI_GCA_000780155,UTI,Col(IMGS31),1
UTI_GCA_000780155,UTI,IncFIA,1
UTI_GCA_000780155,UTI,IncFIB,1
UTI_GCA_000780155,UTI,rep_cluster_2131,1
UTI_GCA_000780235,UTI,IncFIA,1
UTI_GCA_000780235,UTI,IncFIB,1
UTI_GCA_000780235,UTI,IncFIC,1
UTI_GCA_000780235,UTI,rep_cluster_2131,1
UTI_GCA_000780315,UTI,IncFIA,1
UTI_GCA_000780315,UTI,rep_cluster_488,1
UTI_GCA_000780415,UTI,IncI2,1
UTI_GCA_000780615,UTI,IncFIA,1
UTI_GCA_000780615,UTI,IncFIC,1
UTI_GCA_000780615,UTI,IncFII,1
UTI_GCA_000780615,UTI,IncX4,1
UTI_GCA_000780615,UTI,rep_cluster_1778,1
UTI_GCA_000780655,UTI,IncFIB,1
UTI_GCA_000780655,UTI,IncFII,1
UTI_GCA_000780655,UTI,IncQ1,1
UTI_GCA_000780655,UTI,rep_cluster_1778,1
UTI_GCA_000780655,UTI,rep_cluster_2175,1
UTI_GCA_000780695,UTI,IncFIB,1
UTI_GCA_000780695,UTI,IncFIC,1
UTI_GCA_000780695,UTI,IncK2/Z,1
UTI_GCA_000780695,UTI,rep_cluster_2131,1
UTI_GCA_000780695,UTI,rep_cluster_2244,1
UTI_GCA_000780695,UTI,rep_cluster_2401,1
UTI_GCA_000780735,UTI,IncFIA,1
UTI_GCA_000780735,UTI,IncFIB,1
UTI_GCA_000780735,UTI,rep_cluster_2131,1
UTI_GCA_000780755,UTI,IncFIA,1
UTI_GCA_000780755,UTI,IncFIB,1
UTI_GCA_000780755,UTI,rep_cluster_2131,1
UTI_GCA_000780775,UTI,IncFIA,1
UTI_GCA_000780775,UTI,IncFIB,1
UTI_GCA_000780815,UTI,IncFIA,1
UTI_GCA_000780815,UTI,IncFIB,1
UTI_GCA_000780815,UTI,rep_cluster_2131,1
UTI_GCA_000780845,UTI,IncFIA,1
UTI_GCA_000780875,UTI,IncFIA,1
UTI_GCA_000780875,UTI,IncFIB,1
UTI_GCA_000780875,UTI,IncFIC,1
UTI_GCA_000780875,UTI,rep_cluster_2131,1
UTI_GCA_000780895,UTI,IncFII,1
UTI_GCA_000780915,UTI,IncX4,1
UTI_GCA_000780995,UTI,IncFIA,1
UTI_GCA_000780995,UTI,IncFIB,1
UTI_GCA_000781075,UTI,rep_cluster_2350,1
UTI_GCA_000781195,UTI,IncFIA,1
UTI_GCA_000781195,UTI,IncFIB,1
UTI_GCA_000781195,UTI,rep_cluster_2350,1
UTI_GCA_000781215,UTI,IncFIA,1
UTI_GCA_000781215,UTI,IncFIC,1
UTI_GCA_000781215,UTI,IncI-gamma/K1,1
UTI_GCA_000781295,UTI,Col156,1
UTI_GCA_000781295,UTI,IncFIA,1
UTI_GCA_000781315,UTI,IncFIA,1
UTI_GCA_000781315,UTI,IncFIB,1
UTI_GCA_000781315,UTI,rep_cluster_2131,1
UTI_GCA_000781315,UTI,rep_cluster_2232,1
UTI_GCA_000781355,UTI,IncFIA,1
UTI_GCA_000781385,UTI,IncFIA,1
UTI_GCA_000781385,UTI,IncFIB,1
UTI_GCA_000781385,UTI,rep_cluster_2401,1
UTI_GCA_000781415,UTI,IncFIA,1
UTI_GCA_000781415,UTI,IncFIB,1
UTI_GCA_000781415,UTI,IncFIC,1
UTI_GCA_000781415,UTI,IncI2,1
UTI_GCA_000781415,UTI,IncX4,1
UTI_GCA_000781415,UTI,rep_cluster_2131,1
UTI_GCA_000781455,UTI,IncY,1
UTI_GCA_000785325,UTI,IncFIB,1
UTI_GCA_000785325,UTI,IncFIC,1
UTI_GCA_000785325,UTI,IncQ1,1
UTI_GCA_000785325,UTI,rep_cluster_2244,1
UTI_GCA_002855655,UTI,IncL/M,1
UTI_GCA_002855655,UTI,rep_cluster_488,1
UTI_GCA_003856995,UTI,IncFIA,1
UTI_GCA_003856995,UTI,IncFIB,1
UTI_GCA_003856995,UTI,IncFIC,1
UTI_GCA_003856995,UTI,IncHI1B,1
UTI_GCA_003856995,UTI,IncHI2A,1
UTI_GCA_003856995,UTI,IncI-gamma/K1,1
UTI_GCA_003856995,UTI,rep_cluster_1088,1
UTI_GCA_003856995,UTI,rep_cluster_2244,1
UTI_GCA_003856995,UTI,rep_cluster_2313,1
UTI_GCA_004100965,UTI,Col156,1
UTI_GCA_004100965,UTI,IncFIA,1
UTI_GCA_004100965,UTI,IncFIB,1
UTI_GCA_004100965,UTI,rep_cluster_1778,1
UTI_GCA_004100965,UTI,rep_cluster_2131,1
UTI_GCA_004101045,UTI,IncFIA,1
UTI_GCA_004101045,UTI,IncFIB,1
UTI_GCA_004101045,UTI,rep_cluster_1778,1
UTI_GCA_004101045,UTI,rep_cluster_2131,1
UTI_GCA_004101155,UTI,Col(BS512),1
UTI_GCA_004101155,UTI,IncFIA,1
UTI_GCA_004101155,UTI,IncFII,1
UTI_GCA_004101155,UTI,rep_cluster_1778,1
UTI_GCA_004101165,UTI,Col(BS512),1
UTI_GCA_004101165,UTI,Col156,1
UTI_GCA_004101165,UTI,IncFIA,1
UTI_GCA_004101165,UTI,IncFIB,1
UTI_GCA_004101165,UTI,IncFII,1
UTI_GCA_004101165,UTI,IncI1/B/O,1
UTI_GCA_004101165,UTI,rep_cluster_1778,1
UTI_GCA_004101165,UTI,rep_cluster_2131,1
UTI_GCA_004101205,UTI,Col156,1
UTI_GCA_004101205,UTI,IncFIA,1
UTI_GCA_004101205,UTI,IncFIB,1
UTI_GCA_004101205,UTI,IncN,1
UTI_GCA_004101205,UTI,rep_cluster_1778,1
UTI_GCA_004101205,UTI,rep_cluster_2131,1
UTI_GCA_004101205,UTI,rep_cluster_2141,1
UTI_GCA_004101205,UTI,rep_cluster_2350,1
UTI_GCA_005508805,UTI,IncI1/B/O,1
UTI_GCA_013402855,UTI,IncI-gamma/K1,1
UTI_GCA_013402855,UTI,IncK2/Z,1
UTI_GCA_013402895,UTI,Col156,1
UTI_GCA_013402895,UTI,IncFIA,1
UTI_GCA_013402895,UTI,IncFIB,1
UTI_GCA_015693455,UTI,Col(MG828),1
UTI_GCA_015693455,UTI,Col156,1
UTI_GCA_015693455,UTI,IncFIA,1
UTI_GCA_015693455,UTI,IncFIB,1
UTI_GCA_015693455,UTI,IncFIC,1
UTI_GCA_015693455,UTI,IncI-gamma/K1,1
UTI_GCA_015693455,UTI,rep_cluster_1778,1
UTI_GCA_015693455,UTI,rep_cluster_2131,1
UTI_GCA_015693455,UTI,rep_cluster_2350,1
UTI_GCA_016092415,UTI,IncFIA,1
UTI_GCA_016092415,UTI,IncFIB,1
UTI_GCA_016092415,UTI,IncFII,1
UTI_GCA_016092455,UTI,Col(MG828),1
UTI_GCA_016092455,UTI,IncFIB,1
UTI_GCA_016092455,UTI,rep_cluster_2244,1
UTI_GCA_016092455,UTI,rep_cluster_488,1
UTI_GCA_016092465,UTI,IncFIA,1
UTI_GCA_016092465,UTI,IncFIB,1
UTI_GCA_016092465,UTI,IncQ1,1
UTI_GCA_017869465,UTI,IncFIA,1
UTI_GCA_017869465,UTI,IncFIB,1
UTI_GCA_017869465,UTI,IncFIC,1
UTI_GCA_017869465,UTI,IncHI2A,1
UTI_GCA_017869465,UTI,IncN,1
UTI_GCA_017869465,UTI,IncQ1,1
UTI_GCA_017869465,UTI,rep_cluster_1088,1
UTI_GCA_017869465,UTI,rep_cluster_2350,1
UTI_GCA_017903455,UTI,IncFIA,1
UTI_GCA_017903455,UTI,IncFIB,1
UTI_GCA_017903455,UTI,IncHI2A,1
UTI_GCA_017903455,UTI,IncY,1
UTI_GCA_017903455,UTI,rep_cluster_1088,1
UTI_GCA_018390445,UTI,IncK2/Z,1
UTI_GCA_018390445,UTI,rep_cluster_2350,1
UTI_GCA_019508785,UTI,IncFIB,1
UTI_GCA_019508785,UTI,IncFIC,1
UTI_GCA_019508785,UTI,rep_cluster_2244,1
UTI_GCA_019508905,UTI,IncFIA,1
UTI_GCA_019508905,UTI,IncFIB,1
UTI_GCA_019508905,UTI,IncFII,1
UTI_GCA_019508905,UTI,rep_cluster_2131,1
UTI_GCA_019509385,UTI,IncI-gamma/K1,1
UTI_GCA_019509385,UTI,IncR,1
UTI_GCA_019509385,UTI,rep_cluster_2175,1
UTI_GCA_019509565,UTI,IncFIA,1
UTI_GCA_019509565,UTI,IncFIB,1
UTI_GCA_019509565,UTI,rep_cluster_2131,1
UTI_GCA_019884625,UTI,IncFIA,1
UTI_GCA_019884625,UTI,IncFIB,1
UTI_GCA_019884625,UTI,IncFIC,1
UTI_GCA_019884625,UTI,IncFII,1
UTI_GCA_020085175,UTI,IncFIA,1
UTI_GCA_020085175,UTI,IncFIB,1
UTI_GCA_020085175,UTI,IncFIC,1
UTI_GCA_020085175,UTI,rep_cluster_2131,1
UTI_GCA_020085215,UTI,IncFIA,1
UTI_GCA_020085215,UTI,IncFIB,1
UTI_GCA_020085215,UTI,IncFIC,1
UTI_GCA_020085215,UTI,rep_cluster_1778,1
UTI_GCA_020085215,UTI,rep_cluster_2131,1
UTI_GCA_020085235,UTI,Col(BS512),1
UTI_GCA_020085235,UTI,IncFIB,1
UTI_GCA_020085235,UTI,rep_cluster_1778,1
UTI_GCA_020085235,UTI,rep_cluster_2131,1
UTI_GCA_020085235,UTI,rep_cluster_2350,1
UTI_GCA_020085255,UTI,Col(BS512),1
UTI_GCA_020085255,UTI,Col156,1
UTI_GCA_020085255,UTI,IncFIA,1
UTI_GCA_020085255,UTI,IncFIB,1
UTI_GCA_020085255,UTI,rep_cluster_2131,1
UTI_GCA_020085275,UTI,IncFIA,1
UTI_GCA_020085275,UTI,IncFIB,1
UTI_GCA_020085275,UTI,IncX1,1
UTI_GCA_020085275,UTI,rep_cluster_2131,1
UTI_GCA_020085275,UTI,rep_cluster_2350,1
UTI_GCA_020085295,UTI,rep_cluster_2350,1
UTI_GCA_020085485,UTI,Col(BS512),1
UTI_GCA_020085485,UTI,IncFIB,1
UTI_GCA_020085485,UTI,IncFII,1
UTI_GCA_020085485,UTI,rep_cluster_2131,1
UTI_GCA_020085575,UTI,Col(BS512),1
UTI_GCA_020085575,UTI,ColpVC,1
UTI_GCA_020085575,UTI,IncFIB,1
UTI_GCA_020085575,UTI,IncFII,1
UTI_GCA_020085575,UTI,rep_cluster_2131,1
UTI_GCA_020085595,UTI,Col(BS512),1
UTI_GCA_020085595,UTI,IncFIB,1
UTI_GCA_020085595,UTI,IncFII,1
UTI_GCA_020085595,UTI,IncQ1,1
UTI_GCA_020085595,UTI,rep_cluster_1778,1
UTI_GCA_020085595,UTI,rep_cluster_2131,1
UTI_GCA_020085615,UTI,Col(BS512),1
UTI_GCA_020085615,UTI,ColpVC,1
UTI_GCA_020085615,UTI,IncFIB,1
UTI_GCA_020085615,UTI,IncFII,1
UTI_GCA_020085615,UTI,rep_cluster_2131,1
UTI_GCA_020085635,UTI,Col156,1
UTI_GCA_020085635,UTI,IncFIB,1
UTI_GCA_020085635,UTI,IncFII,1
UTI_GCA_020085635,UTI,rep_cluster_2131,1
UTI_GCA_020085675,UTI,Col(MG828),1
UTI_GCA_020085675,UTI,IncFIB,1
UTI_GCA_020085675,UTI,IncFII,1
UTI_GCA_020085675,UTI,rep_cluster_1778,1
UTI_GCA_020085675,UTI,rep_cluster_2131,1
UTI_GCA_020085695,UTI,Col(BS512),1
UTI_GCA_020085695,UTI,IncFIB,1
UTI_GCA_020085695,UTI,IncFII,1
UTI_GCA_020085695,UTI,IncQ1,1
UTI_GCA_020085695,UTI,rep_cluster_1778,1
UTI_GCA_020085695,UTI,rep_cluster_2131,1
UTI_GCA_020085735,UTI,Col(BS512),1
UTI_GCA_020085735,UTI,IncFIB,1
UTI_GCA_020085735,UTI,IncFII,1
UTI_GCA_020085735,UTI,IncQ1,1
UTI_GCA_020085735,UTI,rep_cluster_1778,1
UTI_GCA_020085735,UTI,rep_cluster_2131,1
UTI_GCA_020085745,UTI,Col(BS512),1
UTI_GCA_020085745,UTI,Col(MG828),1
UTI_GCA_020085745,UTI,ColpVC,1
UTI_GCA_020085745,UTI,IncFIB,1
UTI_GCA_020085745,UTI,IncFII,1
UTI_GCA_020085745,UTI,rep_cluster_2131,1
UTI_GCA_020085775,UTI,Col(BS512),1
UTI_GCA_020085775,UTI,IncFIB,1
UTI_GCA_020085775,UTI,IncFII,1
UTI_GCA_020085775,UTI,IncQ1,1
UTI_GCA_020085775,UTI,rep_cluster_1368,1
UTI_GCA_020085775,UTI,rep_cluster_1778,1
UTI_GCA_020085775,UTI,rep_cluster_2131,1
UTI_GCA_020085795,UTI,Col(BS512),1
UTI_GCA_020085795,UTI,Col(MG828),1
UTI_GCA_020085795,UTI,ColpVC,1
UTI_GCA_020085795,UTI,IncFIB,1
UTI_GCA_020085795,UTI,IncFII,1
UTI_GCA_020085795,UTI,rep_cluster_1778,1
UTI_GCA_020085795,UTI,rep_cluster_2131,1
UTI_GCA_020085795,UTI,rep_cluster_2335,1
UTI_GCA_020085855,UTI,Col(BS512),1
UTI_GCA_020085855,UTI,IncFIB,1
UTI_GCA_020085855,UTI,IncFII,1
UTI_GCA_020085855,UTI,rep_cluster_1778,1
UTI_GCA_020085875,UTI,Col(BS512),1
UTI_GCA_020085875,UTI,IncFIB,1
UTI_GCA_020085875,UTI,IncFII,1
UTI_GCA_020085875,UTI,rep_cluster_2131,1
UTI_GCA_020086185,UTI,Col(BS512),1
UTI_GCA_020086185,UTI,Col156,1
UTI_GCA_020086185,UTI,IncFIB,1
UTI_GCA_020086185,UTI,IncFII,1
UTI_GCA_020086185,UTI,rep_cluster_2131,1
UTI_GCA_020086185,UTI,rep_cluster_2350,1
UTI_GCA_020086185,UTI,rep_cluster_2370,1
UTI_GCA_020086225,UTI,Col(BS512),1
UTI_GCA_020086225,UTI,Col156,1
UTI_GCA_020086225,UTI,IncFIB,1
UTI_GCA_020086225,UTI,IncFII,1
UTI_GCA_020086225,UTI,IncQ1,1
UTI_GCA_020086225,UTI,rep_cluster_2131,1
UTI_GCA_020086245,UTI,Col(BS512),1
UTI_GCA_020086245,UTI,Col156,1
UTI_GCA_020086245,UTI,IncFIB,1
UTI_GCA_020086245,UTI,IncFII,1
UTI_GCA_020086245,UTI,IncQ1,1
UTI_GCA_020086245,UTI,rep_cluster_1778,1
UTI_GCA_020086245,UTI,rep_cluster_2131,1
UTI_GCA_020086405,UTI,Col(BS512),1
UTI_GCA_020086405,UTI,IncFIB,1
UTI_GCA_020086405,UTI,IncFII,1
UTI_GCA_020086405,UTI,rep_cluster_1778,1
UTI_GCA_020086405,UTI,rep_cluster_2131,1
UTI_GCA_020086405,UTI,rep_cluster_2370,1
UTI_GCA_022758865,UTI,rep_cluster_2335,1
UTI_GCA_023024425,UTI,ColRNAI_rep_cluster_1987,1
UTI_GCA_023024425,UTI,IncC,1
UTI_GCA_023024425,UTI,IncFIA,1
UTI_GCA_023024425,UTI,IncFIB,1
UTI_GCA_023024425,UTI,IncFIC,1
UTI_GCA_023024425,UTI,IncHI1B,1
UTI_GCA_023024425,UTI,IncHI2A,1
UTI_GCA_023024425,UTI,rep_cluster_1088,1
UTI_GCA_023024425,UTI,rep_cluster_2350,1
UTI_GCA_029080245,UTI,Col156,1
UTI_GCA_029080245,UTI,rep_cluster_1778,1
UTI_GCA_029080255,UTI,Col156,1
UTI_GCA_029080255,UTI,rep_cluster_1778,1
UTI_GCA_029080445,UTI,Col156,1
UTI_GCA_029080445,UTI,IncFIA,1
UTI_GCA_029080445,UTI,IncFIB,1
UTI_GCA_029080445,UTI,IncFIC,1
UTI_GCA_029080445,UTI,rep_cluster_1778,1
UTI_GCA_029080695,UTI,IncI-gamma/K1,1
UTI_GCA_029080785,UTI,ColRNAI_rep_cluster_1857,1
UTI_GCA_029080905,UTI,Col(BS512),1
UTI_GCA_029080905,UTI,Col156,1
UTI_GCA_029080905,UTI,IncI-gamma/K1,1
UTI_GCA_029080905,UTI,rep_cluster_1778,1
UTI_GCA_029080945,UTI,Col(BS512),1
UTI_GCA_029080945,UTI,Col156,1
UTI_GCA_029080945,UTI,rep_cluster_1778,1
UTI_GCA_029082055,UTI,Col(BS512),1
UTI_GCA_029082055,UTI,Col156,1
UTI_GCA_029082055,UTI,rep_cluster_1778,1
UTI_GCA_029082075,UTI,Col(BS512),1
UTI_GCA_029082075,UTI,Col156,1
UTI_GCA_029082075,UTI,rep_cluster_1778,1
UTI_GCA_029082445,UTI,Col(BS512),1
UTI_GCA_029082445,UTI,ColpVC,1
UTI_GCA_029082445,UTI,IncFIB,1
UTI_GCA_029082445,UTI,IncFII,1
UTI_GCA_029082445,UTI,IncI1/B/O,1
UTI_GCA_029082445,UTI,rep_cluster_1778,1
UTI_GCA_029082445,UTI,rep_cluster_2131,1
UTI_GCA_029082445,UTI,rep_cluster_2350,1
UTI_GCA_029082465,UTI,Col(BS512),1
UTI_GCA_029082465,UTI,ColpVC,1
UTI_GCA_029082465,UTI,IncFIB,1
UTI_GCA_029082465,UTI,IncFII,1
UTI_GCA_029082465,UTI,IncI1/B/O,1
UTI_GCA_029082465,UTI,rep_cluster_1778,1
UTI_GCA_029082465,UTI,rep_cluster_2131,1
UTI_GCA_029082465,UTI,rep_cluster_2350,1
UTI_GCA_029082625,UTI,Col(BS512),1
UTI_GCA_029082625,UTI,ColpVC,1
UTI_GCA_029082625,UTI,IncFIB,1
UTI_GCA_029082625,UTI,IncFII,1
UTI_GCA_029082625,UTI,IncI1/B/O,1
UTI_GCA_029082625,UTI,rep_cluster_1778,1
UTI_GCA_029082625,UTI,rep_cluster_2131,1
UTI_GCA_029082625,UTI,rep_cluster_2350,1
UTI_GCA_029082695,UTI,ColRNAI_rep_cluster_1987,1
UTI_GCA_029082695,UTI,IncR,1
UTI_GCA_029082765,UTI,IncFIA,1
UTI_GCA_029082765,UTI,IncFIB,1
UTI_GCA_029082765,UTI,IncFIC,1
UTI_GCA_029082765,UTI,rep_cluster_2401,1
UTI_GCA_029109835,UTI,Col156,1
UTI_GCA_029109835,UTI,IncFIA,1
UTI_GCA_029109835,UTI,IncFIB,1
UTI_GCA_029109835,UTI,IncI1/B/O,1
UTI_GCA_029109835,UTI,rep_cluster_1778,1
UTI_GCA_029109835,UTI,rep_cluster_2131,1
UTI_GCA_029109865,UTI,Col156,1
UTI_GCA_029109865,UTI,IncFIA,1
UTI_GCA_029109865,UTI,IncFIB,1
UTI_GCA_029109865,UTI,IncI1/B/O,1
UTI_GCA_029109865,UTI,rep_cluster_2131,1
UTI_GCA_029111085,UTI,Col(BS512),1
UTI_GCA_029111085,UTI,Col(MG828),1
UTI_GCA_029111085,UTI,rep_cluster_1778,1
UTI_GCA_029111085,UTI,rep_cluster_2131,1
UTI_GCA_029111085,UTI,rep_cluster_2335,1
UTI_GCA_029111125,UTI,Col(MG828),1
UTI_GCA_029111125,UTI,IncFIB,1
UTI_GCA_029111125,UTI,IncFII,1
UTI_GCA_029111125,UTI,rep_cluster_2131,1
UTI_GCA_029111265,UTI,Col(MG828),1
UTI_GCA_029111265,UTI,IncFIB,1
UTI_GCA_029111265,UTI,rep_cluster_2131,1
UTI_GCA_029112195,UTI,Col156,1
UTI_GCA_029112195,UTI,ColpVC,1
UTI_GCA_029112195,UTI,IncFIA,1
UTI_GCA_029112195,UTI,IncFII,1
UTI_GCA_029112195,UTI,IncX1,1
UTI_GCA_029112195,UTI,rep_cluster_1778,1
UTI_GCA_029112195,UTI,rep_cluster_2335,1
UTI_GCA_029112505,UTI,IncX1,1
UTI_GCA_029113525,UTI,IncI-gamma/K1,1
UTI_GCA_029113885,UTI,rep_cluster_2350,1
UTI_GCA_029113885,UTI,rep_cluster_488,1
UTI_GCA_029113915,UTI,rep_cluster_2350,1
UTI_GCA_029113915,UTI,rep_cluster_488,1
UTI_GCA_029113945,UTI,IncFIA,1
UTI_GCA_029113945,UTI,IncFIB,1
UTI_GCA_029113945,UTI,IncFIC,1
UTI_GCA_029114525,UTI,Col(MG828),1
UTI_GCA_029114525,UTI,Col156,1
UTI_GCA_029114525,UTI,IncFIA,1
UTI_GCA_029114525,UTI,IncFII,1
UTI_GCA_029114525,UTI,IncX4,1
UTI_GCA_029114525,UTI,rep_cluster_2401,1
UTI_GCA_029115025,UTI,Col(BS512),1
UTI_GCA_029115025,UTI,Col(MG828),1
UTI_GCA_029115025,UTI,Col156,1
UTI_GCA_029115025,UTI,rep_cluster_1778,1
UTI_GCA_029115025,UTI,rep_cluster_2401,1
UTI_GCA_029115885,UTI,Col(BS512),1
UTI_GCA_029115885,UTI,Col156,1
UTI_GCA_029115885,UTI,IncY,1
UTI_GCA_029115885,UTI,rep_cluster_2350,1
UTI_GCA_029115885,UTI,rep_cluster_2401,1
UTI_GCA_029115995,UTI,IncI2,1
UTI_GCA_029116805,UTI,Col156,1
UTI_GCA_029116805,UTI,IncFIA,1
UTI_GCA_029116805,UTI,IncFIB,1
UTI_GCA_029116805,UTI,IncFII,1
UTI_GCA_029117025,UTI,Col156,1
UTI_GCA_029117025,UTI,IncFIA,1
UTI_GCA_029117025,UTI,IncFIB,1
UTI_GCA_029117105,UTI,Col156,1
UTI_GCA_029117105,UTI,IncFIA,1
UTI_GCA_029117105,UTI,IncFIB,1
UTI_GCA_029117115,UTI,Col156,1
UTI_GCA_029117115,UTI,IncFIA,1
UTI_GCA_029117115,UTI,IncFIB,1
UTI_GCA_029117905,UTI,Col(BS512),1
UTI_GCA_029117905,UTI,Col156,1
UTI_GCA_029117995,UTI,Col(BS512),1
UTI_GCA_029117995,UTI,Col156,1
UTI_GCA_029118025,UTI,Col(BS512),1
UTI_GCA_029118025,UTI,Col156,1
UTI_GCA_029118045,UTI,Col(BS512),1
UTI_GCA_029118045,UTI,Col156,1
UTI_GCA_029118055,UTI,Col(BS512),1
UTI_GCA_029118055,UTI,Col156,1
UTI_GCA_029118085,UTI,Col(BS512),1
UTI_GCA_029118085,UTI,Col156,1
UTI_GCA_029118315,UTI,Col(MG828),1
UTI_GCA_029118315,UTI,Col156,1
UTI_GCA_029118315,UTI,IncFIA,1
UTI_GCA_029118315,UTI,IncFIB,1
UTI_GCA_029118315,UTI,rep_cluster_1778,1
UTI_GCA_029118345,UTI,Col(MG828),1
UTI_GCA_029118345,UTI,Col156,1
UTI_GCA_029118345,UTI,IncFIA,1
UTI_GCA_029118345,UTI,IncFIB,1
UTI_GCA_029118345,UTI,rep_cluster_1778,1
UTI_GCA_029118425,UTI,Col(MG828),1
UTI_GCA_029118425,UTI,Col156,1
UTI_GCA_029118425,UTI,IncFIA,1
UTI_GCA_029118425,UTI,IncFIB,1
UTI_GCA_029118425,UTI,rep_cluster_1778,1
UTI_GCA_029118485,UTI,Col(MG828),1
UTI_GCA_029118485,UTI,Col156,1
UTI_GCA_029118485,UTI,IncFIA,1
UTI_GCA_029118485,UTI,IncFIB,1
UTI_GCA_029118485,UTI,rep_cluster_1778,1
UTI_GCA_029118655,UTI,Col(MG828),1
UTI_GCA_029118655,UTI,Col156,1
UTI_GCA_029118655,UTI,IncFIA,1
UTI_GCA_029118655,UTI,IncFIB,1
UTI_GCA_029118655,UTI,rep_cluster_1778,1
UTI_GCA_029118795,UTI,Col156,1
UTI_GCA_029118795,UTI,IncFIA,1
UTI_GCA_029118805,UTI,Col156,1
UTI_GCA_029118805,UTI,IncFIA,1
UTI_GCA_029118925,UTI,Col156,1
UTI_GCA_029118925,UTI,IncFIA,1
UTI_GCA_029118945,UTI,Col(BS512),1
UTI_GCA_029118945,UTI,IncFIB,1
UTI_GCA_029118945,UTI,IncFII,1
UTI_GCA_029118945,UTI,IncQ1,1
UTI_GCA_029118945,UTI,rep_cluster_1778,1
UTI_GCA_029118945,UTI,rep_cluster_2131,1
UTI_GCA_029119005,UTI,Col156,1
UTI_GCA_029119005,UTI,IncFIA,1
UTI_GCA_029119255,UTI,rep_cluster_2131,1
UTI_GCA_029119325,UTI,rep_cluster_2131,1
UTI_GCA_029119725,UTI,IncFIA,1
UTI_GCA_029119725,UTI,IncFIB,1
UTI_GCA_029119725,UTI,IncFIC,1
UTI_GCA_029119725,UTI,IncK2/Z,1
UTI_GCA_029119725,UTI,rep_cluster_2131,1
UTI_GCA_029119935,UTI,Col156,1
UTI_GCA_029119935,UTI,IncFIA,1
UTI_GCA_029119935,UTI,IncFIB,1
UTI_GCA_029119935,UTI,IncFII,1
UTI_GCA_029119935,UTI,IncI1/B/O,1
UTI_GCA_029119935,UTI,rep_cluster_1760,1
UTI_GCA_029119965,UTI,Col156,1
UTI_GCA_029119965,UTI,IncFIA,1
UTI_GCA_029119965,UTI,IncFIB,1
UTI_GCA_029119965,UTI,IncI1/B/O,1
UTI_GCA_029119965,UTI,rep_cluster_1760,1
UTI_GCA_029119975,UTI,Col156,1
UTI_GCA_029119975,UTI,IncFIA,1
UTI_GCA_029119975,UTI,IncFIB,1
UTI_GCA_029119975,UTI,IncFII,1
UTI_GCA_029119975,UTI,IncI1/B/O,1
UTI_GCA_029119975,UTI,rep_cluster_1760,1
UTI_GCA_029120005,UTI,Col156,1
UTI_GCA_029120005,UTI,IncFIA,1
UTI_GCA_029120005,UTI,IncFIB,1
UTI_GCA_029120005,UTI,IncI1/B/O,1
UTI_GCA_029120005,UTI,rep_cluster_1760,1
UTI_GCA_029120015,UTI,Col156,1
UTI_GCA_029120015,UTI,IncFIA,1
UTI_GCA_029120015,UTI,IncFIB,1
UTI_GCA_029120015,UTI,IncFII,1
UTI_GCA_029120015,UTI,IncI1/B/O,1
UTI_GCA_029120015,UTI,rep_cluster_1760,1
UTI_GCA_029120065,UTI,Col156,1
UTI_GCA_029120065,UTI,IncFIA,1
UTI_GCA_029120065,UTI,IncFIB,1
UTI_GCA_029120065,UTI,IncFII,1
UTI_GCA_029120065,UTI,IncI1/B/O,1
UTI_GCA_029120065,UTI,rep_cluster_1760,1
UTI_GCA_029120105,UTI,Col156,1
UTI_GCA_029120105,UTI,IncFIA,1
UTI_GCA_029120105,UTI,IncFIB,1
UTI_GCA_029120105,UTI,IncI1/B/O,1
UTI_GCA_029120105,UTI,rep_cluster_1760,1
UTI_GCA_029120125,UTI,Col156,1
UTI_GCA_029120125,UTI,IncFIA,1
UTI_GCA_029120125,UTI,IncFIB,1
UTI_GCA_029120125,UTI,IncFII,1
UTI_GCA_029120125,UTI,IncI1/B/O,1
UTI_GCA_029120125,UTI,rep_cluster_1760,1
UTI_GCA_029120135,UTI,Col156,1
UTI_GCA_029120135,UTI,IncFIA,1
UTI_GCA_029120135,UTI,IncFIB,1
UTI_GCA_029120135,UTI,IncFII,1
UTI_GCA_029120135,UTI,IncI1/B/O,1
UTI_GCA_029120135,UTI,rep_cluster_1760,1
UTI_GCA_029120385,UTI,IncFIB,1
UTI_GCA_029120385,UTI,IncFII,1
UTI_GCA_029120385,UTI,IncQ1,1
UTI_GCA_029120385,UTI,rep_cluster_2131,1
UTI_GCA_029120395,UTI,IncFIB,1
UTI_GCA_029120395,UTI,IncFII,1
UTI_GCA_029120395,UTI,IncQ1,1
UTI_GCA_029120395,UTI,rep_cluster_2131,1
UTI_GCA_029120455,UTI,IncFIB,1
UTI_GCA_029120455,UTI,IncFII,1
UTI_GCA_029120455,UTI,IncQ1,1
UTI_GCA_029120455,UTI,rep_cluster_2131,1
UTI_GCA_029120495,UTI,IncFIB,1
UTI_GCA_029120495,UTI,IncFII,1
UTI_GCA_029120495,UTI,IncQ1,1
UTI_GCA_029120495,UTI,rep_cluster_2131,1
UTI_GCA_029120565,UTI,IncFIB,1
UTI_GCA_029120565,UTI,IncFII,1
UTI_GCA_029120565,UTI,IncQ1,1
UTI_GCA_029120565,UTI,rep_cluster_2131,1
UTI_GCA_029120815,UTI,Col(BS512),1
UTI_GCA_029120815,UTI,Col156,1
UTI_GCA_029120815,UTI,IncFIA,1
UTI_GCA_029120815,UTI,rep_cluster_2350,1
UTI_GCA_029120865,UTI,Col(BS512),1
UTI_GCA_029120865,UTI,Col156,1
UTI_GCA_029120865,UTI,ColpVC,1
UTI_GCA_029120865,UTI,IncFIA,1
UTI_GCA_029120865,UTI,IncFIB,1
UTI_GCA_029120865,UTI,IncFII,1
UTI_GCA_029120865,UTI,rep_cluster_2350,1
UTI_GCA_029120885,UTI,Col(BS512),1
UTI_GCA_029120885,UTI,Col156,1
UTI_GCA_029120885,UTI,IncFIA,1
UTI_GCA_029120885,UTI,IncFIB,1
UTI_GCA_029120885,UTI,rep_cluster_2350,1
UTI_GCA_029120925,UTI,Col(MG828),1
UTI_GCA_029120925,UTI,Col156,1
UTI_GCA_029120925,UTI,IncFIA,1
UTI_GCA_029120925,UTI,IncFIB,1
UTI_GCA_029120925,UTI,IncFIC,1
UTI_GCA_029120965,UTI,Col(MG828),1
UTI_GCA_029120965,UTI,Col156,1
UTI_GCA_029120965,UTI,IncFIA,1
UTI_GCA_029120965,UTI,IncFIB,1
UTI_GCA_029120975,UTI,Col(MG828),1
UTI_GCA_029120975,UTI,Col156,1
UTI_GCA_029120975,UTI,IncFIA,1
UTI_GCA_029120975,UTI,IncFIB,1
UTI_GCA_029120975,UTI,IncFIC,1
UTI_GCA_029121045,UTI,Col(MG828),1
UTI_GCA_029121045,UTI,Col156,1
UTI_GCA_029121045,UTI,IncFIA,1
UTI_GCA_029121045,UTI,IncFIB,1
UTI_GCA_029121105,UTI,Col(MG828),1
UTI_GCA_029121105,UTI,Col156,1
UTI_GCA_029121105,UTI,IncFIA,1
UTI_GCA_029121105,UTI,IncFIB,1
UTI_GCA_029121105,UTI,IncFIC,1
UTI_GCA_029122665,UTI,Col(BS512),1
UTI_GCA_029122665,UTI,Col156,1
UTI_GCA_029122665,UTI,IncFIB,1
UTI_GCA_029122665,UTI,IncFII,1
UTI_GCA_029122665,UTI,rep_cluster_2131,1
UTI_GCA_029122665,UTI,rep_cluster_2350,1
UTI_GCA_029122705,UTI,Col(BS512),1
UTI_GCA_029122705,UTI,rep_cluster_2131,1
UTI_GCA_029122705,UTI,rep_cluster_2141,1
UTI_GCA_029122705,UTI,rep_cluster_2401,1
UTI_GCA_029122985,UTI,Col(BS512),1
UTI_GCA_029122985,UTI,IncFIB,1
UTI_GCA_029122985,UTI,IncFII,1
UTI_GCA_029122985,UTI,rep_cluster_2131,1
UTI_GCA_029122985,UTI,rep_cluster_2350,1
UTI_GCA_029122985,UTI,rep_cluster_2401,1
UTI_GCA_029125075,UTI,Col156,1
UTI_GCA_029125075,UTI,IncFIA,1
UTI_GCA_029125075,UTI,IncFIB,1
UTI_GCA_029125075,UTI,IncFII,1
UTI_GCA_029125075,UTI,rep_cluster_1778,1
UTI_GCA_029125105,UTI,Col156,1
UTI_GCA_029125105,UTI,IncI1/B/O,1
UTI_GCA_029125105,UTI,IncN,1
UTI_GCA_029125105,UTI,rep_cluster_488,1
UTI_GCA_029125125,UTI,Col156,1
UTI_GCA_029125125,UTI,IncI1/B/O,1
UTI_GCA_029125125,UTI,IncN,1
UTI_GCA_029125125,UTI,rep_cluster_488,1
UTI_GCA_029125145,UTI,Col156,1
UTI_GCA_029125145,UTI,IncI1/B/O,1
UTI_GCA_029125145,UTI,IncN,1
UTI_GCA_029125145,UTI,rep_cluster_488,1
UTI_GCA_029125265,UTI,Col156,1
UTI_GCA_029125265,UTI,IncI1/B/O,1
UTI_GCA_029125265,UTI,IncN,1
UTI_GCA_029125265,UTI,rep_cluster_488,1
UTI_GCA_029125385,UTI,Col156,1
UTI_GCA_029125385,UTI,IncFIA,1
UTI_GCA_029125385,UTI,IncFIB,1
UTI_GCA_029125385,UTI,IncFII,1
UTI_GCA_029125385,UTI,rep_cluster_1778,1
UTI_GCA_030988725,UTI,Col(BS512),1
UTI_GCA_030988725,UTI,IncFIB,1
UTI_GCA_030988725,UTI,IncFII,1
UTI_GCA_030988725,UTI,rep_cluster_1778,1
UTI_GCA_030988825,UTI,Col(BS512),1
UTI_GCA_030988825,UTI,IncFIB,1
UTI_GCA_030988825,UTI,IncFIC,1
UTI_GCA_030988825,UTI,IncFII,1
UTI_GCA_030988825,UTI,rep_cluster_1778,1
UTI_GCA_030988825,UTI,rep_cluster_2131,1
UTI_GCA_030988915,UTI,Col(BS512),1
UTI_GCA_030988915,UTI,IncFIB,1
UTI_GCA_030988915,UTI,IncFII,1
UTI_GCA_030988915,UTI,rep_cluster_2131,1
UTI_GCA_030991405,UTI,Col(BS512),1
UTI_GCA_030991405,UTI,Col156,1
UTI_GCA_030991405,UTI,ColpVC,1
UTI_GCA_030991405,UTI,IncFIB,1
UTI_GCA_030991405,UTI,IncFII,1
UTI_GCA_030991405,UTI,rep_cluster_1778,1
UTI_GCA_030991405,UTI,rep_cluster_2131,1
UTI_GCA_030991405,UTI,rep_cluster_2350,1
UTI_GCA_030991425,UTI,Col(BS512),1
UTI_GCA_030991425,UTI,IncFIB,1
UTI_GCA_030991425,UTI,IncFII,1
UTI_GCA_030991425,UTI,rep_cluster_1778,1
UTI_GCA_030991425,UTI,rep_cluster_2131,1
UTI_GCA_033843365,UTI,IncFIA,1
UTI_GCA_033843365,UTI,IncFIB,1
UTI_GCA_033843365,UTI,IncFIC,1
UTI_GCA_033843365,UTI,rep_cluster_2232,1
UTI_GCA_036422055,UTI,IncFIA,1
UTI_GCA_036422055,UTI,IncFIC,1
UTI_GCA_037081975,UTI,IncFIA,1
UTI_GCA_037081975,UTI,IncFIB,1
UTI_GCA_037081975,UTI,IncFIC,1
UTI_GCA_037081975,UTI,IncI-gamma/K1,1
UTI_GCA_037081975,UTI,rep_cluster_2232,1
UTI_GCA_037081985,UTI,IncFIA,1
UTI_GCA_037081985,UTI,IncFIB,1
UTI_GCA_037081985,UTI,IncFIC,1
UTI_GCA_037081985,UTI,IncN,1
UTI_GCA_037081985,UTI,rep_cluster_2131,1
UTI_GCA_037082015,UTI,IncFIA,1
UTI_GCA_037082015,UTI,IncFIB,1
UTI_GCA_037082015,UTI,IncQ1,1
UTI_GCA_037082015,UTI,rep_cluster_2131,1
UTI_GCA_037082015,UTI,rep_cluster_2350,1
UTI_GCA_037100245,UTI,IncFIA,1
UTI_GCA_037100245,UTI,IncFIC,1
UTI_GCA_037100245,UTI,IncI-gamma/K1,1
UTI_GCA_037100245,UTI,IncX1,1
UTI_GCA_041251595,UTI,IncFIB,1
UTI_GCA_041251595,UTI,IncFIC,1
UTI_GCA_041251595,UTI,IncHI1B,1
UTI_GCA_041251595,UTI,IncHI2A,1
UTI_GCA_041251595,UTI,rep_cluster_1088,1
UTI_GCA_041251595,UTI,rep_cluster_2244,1
UTI_GCA_041254635,UTI,IncC,1
UTI_GCA_041254635,UTI,IncFIA,1
UTI_GCA_041254635,UTI,IncFIC,1
UTI_GCA_041254635,UTI,IncFII,1
UTI_GCA_041257715,UTI,IncFIB,1
UTI_GCA_041257715,UTI,IncFII,1
UTI_GCA_041257715,UTI,IncN,1
UTI_GCA_041257715,UTI,IncQ1,1
UTI_GCA_041257715,UTI,IncX4,1
UTI_GCA_041257715,UTI,rep_cluster_2134,1
UTI_GCA_049219625,UTI,Col156,1
UTI_GCA_049219625,UTI,IncI1/B/O,1
UTI_GCA_049219625,UTI,IncX1,1
UTI_GCA_049748155,UTI,IncY,1
UTI_GCA_049748375,UTI,IncFIA,1
UTI_GCA_049748375,UTI,IncI-gamma/K1,1
UTI_GCA_049748375,UTI,IncN,1
UTI_GCA_049748455,UTI,Col(MG828),1
UTI_GCA_049748455,UTI,IncFIA,1
UTI_GCA_049748455,UTI,IncFII,1
rUTI_ERR14226055,rUTI,IncFIA,1
rUTI_ERR14226055,rUTI,IncFIB,1
rUTI_ERR14226056,rUTI,Col156,1
rUTI_ERR14226056,rUTI,ColRNAI_rep_cluster_1987,1
rUTI_ERR14226056,rUTI,IncFIA,1
rUTI_ERR14226056,rUTI,IncFIB,1
rUTI_ERR14226056,rUTI,IncFIC,1
rUTI_ERR14226056,rUTI,rep_cluster_2131,1
rUTI_ERR14226056,rUTI,rep_cluster_2313,1
rUTI_ERR14226056,rUTI,rep_cluster_2350,1
rUTI_ERR14226057,rUTI,Col(BS512),1
rUTI_ERR14226057,rUTI,Col156,1
rUTI_ERR14226057,rUTI,IncX1,1
rUTI_ERR14226057,rUTI,rep_cluster_1778,1
rUTI_ERR14226057,rUTI,rep_cluster_827,1
rUTI_ERR14226058,rUTI,IncFIA,1
rUTI_ERR14226058,rUTI,IncFIB,1
rUTI_ERR14226058,rUTI,IncFIC,1
rUTI_ERR14226058,rUTI,rep_cluster_2131,1
rUTI_ERR14226059,rUTI,IncFIA,1
rUTI_ERR14226059,rUTI,IncFIB,1
rUTI_ERR14226059,rUTI,rep_cluster_2350,1
rUTI_ERR14226060,rUTI,IncFIA,1
rUTI_ERR14226060,rUTI,IncFIB,1
rUTI_ERR14226060,rUTI,IncFII,1
rUTI_ERR14226062,rUTI,IncFIA,1
rUTI_ERR14226062,rUTI,IncFIB,1
rUTI_ERR14226062,rUTI,IncFIC,1
rUTI_ERR14226062,rUTI,IncHI1B,1
rUTI_ERR14226062,rUTI,rep_cluster_2131,1
rUTI_ERR14226063,rUTI,IncFIB,1
rUTI_ERR14226063,rUTI,IncQ1,1
rUTI_ERR14226063,rUTI,rep_cluster_2131,1
rUTI_ERR14226064,rUTI,IncFIB,1
rUTI_ERR14226064,rUTI,IncQ1,1
rUTI_ERR14226064,rUTI,rep_cluster_2131,1
rUTI_ERR14226065,rUTI,IncFIB,1
rUTI_ERR14226065,rUTI,IncQ1,1
rUTI_ERR14226065,rUTI,rep_cluster_2131,1
rUTI_ERR14226068,rUTI,IncFIA,1
rUTI_ERR14226068,rUTI,IncFIB,1
rUTI_ERR14226068,rUTI,IncFIC,1
rUTI_ERR14226068,rUTI,IncI-gamma/K1,1
rUTI_ERR14226068,rUTI,rep_cluster_2350,1
rUTI_ERR14226069,rUTI,ColRNAI_rep_cluster_1857,1
rUTI_ERR14226069,rUTI,ColpVC,1
rUTI_ERR14226069,rUTI,IncFIA,1
rUTI_ERR14226069,rUTI,IncFIB,1
rUTI_ERR14226069,rUTI,IncFIC,1
rUTI_ERR14226069,rUTI,IncI-gamma/K1,1
rUTI_ERR14226069,rUTI,rep_cluster_2350,1
rUTI_ERR14226070,rUTI,IncFIA,1
rUTI_ERR14226070,rUTI,IncFIB,1
rUTI_ERR14226070,rUTI,rep_cluster_2131,1
rUTI_ERR14226071,rUTI,IncFIA,1
rUTI_ERR14226071,rUTI,IncFIB,1
rUTI_ERR14226071,rUTI,IncFIC,1
rUTI_ERR14226071,rUTI,IncI-gamma/K1,1
rUTI_ERR14226071,rUTI,rep_cluster_2350,1
rUTI_ERR14226072,rUTI,IncFIB,1
rUTI_ERR14226072,rUTI,IncX1,1
rUTI_ERR14226072,rUTI,rep_cluster_2350,1
rUTI_ERR14226073,rUTI,rep_cluster_2131,1
rUTI_ERR14226074,rUTI,IncFIB,1
rUTI_ERR14226076,rUTI,IncFIB,1
rUTI_ERR14226076,rUTI,rep_cluster_2358,1
rUTI_ERR14226077,rUTI,IncFIB,1
rUTI_ERR14226078,rUTI,IncFIA,1
rUTI_ERR14226078,rUTI,IncFIB,1
rUTI_ERR14226078,rUTI,rep_cluster_2350,1
rUTI_ERR14226079,rUTI,IncI2,1
rUTI_ERR14226079,rUTI,IncY,1
rUTI_ERR14226081,rUTI,Col156,1
rUTI_ERR14226081,rUTI,rep_cluster_1778,1
rUTI_ERR14226082,rUTI,Col156,1
rUTI_ERR14226082,rUTI,rep_cluster_1778,1
rUTI_ERR14226083,rUTI,Col156,1
rUTI_ERR14226083,rUTI,rep_cluster_1778,1
rUTI_ERR14226084,rUTI,IncFIA,1
rUTI_ERR14226084,rUTI,IncFIB,1
rUTI_ERR14226084,rUTI,IncI1/B/O,1
rUTI_ERR14226084,rUTI,rep_cluster_2131,1
rUTI_ERR14226085,rUTI,IncFIA,1
rUTI_ERR14226085,rUTI,IncFIB,1
rUTI_ERR14226085,rUTI,IncFIC,1
rUTI_ERR14226085,rUTI,IncI1/B/O,1
rUTI_ERR14226085,rUTI,rep_cluster_2131,1
rUTI_ERR14226086,rUTI,ColpVC,1
rUTI_ERR14226086,rUTI,IncN,1
rUTI_ERR14226088,rUTI,IncI2,1
rUTI_ERR14226089,rUTI,Col156,1
rUTI_ERR14226089,rUTI,IncFIA,1
rUTI_ERR14226089,rUTI,IncFIB,1
rUTI_ERR14226089,rUTI,IncX4,1
rUTI_ERR14226093,rUTI,IncY,1
rUTI_ERR14226093,rUTI,rep_cluster_2131,1
rUTI_ERR14226094,rUTI,Col156,1
rUTI_ERR14226094,rUTI,IncFIA,1
rUTI_ERR14226094,rUTI,IncFIC,1
rUTI_ERR14226094,rUTI,IncI-gamma/K1,1
rUTI_ERR14226094,rUTI,IncN,1
rUTI_ERR14226096,rUTI,IncFIA,1
rUTI_ERR14226096,rUTI,IncFIB,1
rUTI_ERR14226096,rUTI,IncFII,1
rUTI_ERR14226096,rUTI,rep_cluster_1704,1
rUTI_ERR14226097,rUTI,IncFIA,1
rUTI_ERR14226097,rUTI,IncFIB,1
rUTI_ERR14226097,rUTI,IncFII,1
rUTI_ERR14226097,rUTI,rep_cluster_1704,1
rUTI_ERR14226098,rUTI,Col156,1
rUTI_ERR14226098,rUTI,IncFIA,1
rUTI_ERR14226098,rUTI,IncFIB,1
rUTI_ERR14226098,rUTI,IncFII,1
rUTI_ERR14226098,rUTI,IncX4,1
rUTI_ERR14226098,rUTI,rep_cluster_2401,1
rUTI_ERR14226099,rUTI,ColRNAI_rep_cluster_1857,1
rUTI_ERR14226099,rUTI,IncFIA,1
rUTI_ERR14226099,rUTI,IncFII,1
rUTI_ERR14226099,rUTI,IncX4,1
rUTI_ERR14226099,rUTI,rep_cluster_1778,1
rUTI_ERR14226099,rUTI,rep_cluster_2350,1
rUTI_ERR14226103,rUTI,IncFIA,1
rUTI_ERR14226103,rUTI,IncFIB,1
rUTI_ERR14226104,rUTI,Col(MG828),1
rUTI_ERR14226104,rUTI,Col156,1
rUTI_ERR14226104,rUTI,IncFIB,1
rUTI_ERR14226104,rUTI,IncFIC,1
rUTI_ERR14226104,rUTI,IncHI2A,1
rUTI_ERR14226104,rUTI,rep_cluster_1088,1
rUTI_ERR14226104,rUTI,rep_cluster_2150,1
rUTI_ERR14226104,rUTI,rep_cluster_2175,1
rUTI_ERR14226104,rUTI,rep_cluster_2244,1
rUTI_ERR14226104,rUTI,rep_cluster_2401,1
rUTI_ERR14226105,rUTI,IncFIB,1
rUTI_ERR14226105,rUTI,IncFIC,1
rUTI_ERR14226105,rUTI,IncFII,1
rUTI_ERR14226105,rUTI,IncI1/B/O,1
rUTI_ERR14226106,rUTI,IncFIA,1
rUTI_ERR14226106,rUTI,IncFII,1
rUTI_ERR14226106,rUTI,IncX1,1
rUTI_ERR14226107,rUTI,Col(MG828),1
rUTI_ERR14226107,rUTI,IncFIA,1
rUTI_ERR14226107,rUTI,IncFIB,1
rUTI_ERR14226107,rUTI,IncFIC,1
rUTI_ERR14226107,rUTI,rep_cluster_1778,1
rUTI_ERR14226107,rUTI,rep_cluster_2131,1
rUTI_ERR14226108,rUTI,IncFIB,1
rUTI_ERR14226108,rUTI,IncFIC,1
rUTI_ERR14226108,rUTI,IncFII,1
rUTI_ERR14226108,rUTI,IncI1/B/O,1
rUTI_ERR14226109,rUTI,IncFIA,1
rUTI_ERR14226109,rUTI,IncFII,1
rUTI_ERR14226109,rUTI,IncX1,1
rUTI_ERR14226110,rUTI,Col(MG828),1
rUTI_ERR14226110,rUTI,Col(MP18),1
rUTI_ERR14226110,rUTI,Col156,1
rUTI_ERR14226110,rUTI,IncFIA,1
rUTI_ERR14226110,rUTI,IncFIB,1
rUTI_ERR14226110,rUTI,IncFIC,1
rUTI_ERR14226110,rUTI,IncI1/B/O,1
rUTI_ERR14226110,rUTI,rep_cluster_1778,1
rUTI_ERR14226110,rUTI,rep_cluster_2131,1
rUTI_ERR14226110,rUTI,rep_cluster_2350,1
rUTI_ERR14226110,rUTI,rep_cluster_2401,1
rUTI_ERR14226111,rUTI,IncC,1
rUTI_ERR14226111,rUTI,IncI-gamma/K1,1
rUTI_ERR14226112,rUTI,ColRNAI_rep_cluster_1987,1
rUTI_ERR14226112,rUTI,rep_cluster_2131,1
rUTI_ERR14226113,rUTI,ColpVC,1
rUTI_ERR14226113,rUTI,IncFIA,1
rUTI_ERR14226113,rUTI,IncFIB,1
rUTI_ERR14226113,rUTI,IncR,1
rUTI_ERR14226114,rUTI,ColRNAI_rep_cluster_1987,1
rUTI_ERR14226114,rUTI,IncN,1
rUTI_ERR14226114,rUTI,rep_cluster_2131,1
rUTI_ERR14226115,rUTI,ColpVC,1
rUTI_ERR14226115,rUTI,IncFIA,1
rUTI_ERR14226115,rUTI,IncFIB,1
rUTI_ERR14226115,rUTI,IncN,1
rUTI_ERR14226116,rUTI,IncFIA,1
rUTI_ERR14226116,rUTI,IncFIB,1
rUTI_ERR14226116,rUTI,IncN,1
rUTI_ERR14226116,rUTI,IncQ1,1
rUTI_ERR14226116,rUTI,rep_cluster_2350,1
rUTI_ERR14226118,rUTI,IncFIA,1
rUTI_ERR14226118,rUTI,IncFIB,1
rUTI_ERR14226118,rUTI,IncN,1
rUTI_ERR14226118,rUTI,IncQ1,1
rUTI_ERR14226118,rUTI,rep_cluster_2350,1
rUTI_ERR14226121,rUTI,Col(MG828),1
rUTI_ERR14226121,rUTI,IncFIB,1
rUTI_ERR14226121,rUTI,IncFIC,1
rUTI_ERR14226121,rUTI,rep_cluster_2244,1
rUTI_ERR14226122,rUTI,Col(MG828),1
rUTI_ERR14226122,rUTI,IncFIB,1
rUTI_ERR14226122,rUTI,IncFIC,1
rUTI_ERR14226122,rUTI,rep_cluster_2244,1
rUTI_ERR14226124,rUTI,IncFIA,1
rUTI_ERR14226126,rUTI,Col(MG828),1
rUTI_ERR14226126,rUTI,Col(MP18),1
rUTI_ERR14226126,rUTI,rep_cluster_1778,1
rUTI_ERR14226126,rUTI,rep_cluster_2141,1
rUTI_ERR14226127,rUTI,IncI-gamma/K1,1
rUTI_ERR14226127,rUTI,IncQ1,1
rUTI_ERR14226127,rUTI,rep_cluster_2350,1
rUTI_ERR14226128,rUTI,IncI-gamma/K1,1
rUTI_ERR14226128,rUTI,rep_cluster_2175,1
rUTI_ERR14226129,rUTI,Col(MG828),1
rUTI_ERR14226129,rUTI,ColRNAI_rep_cluster_1857,1
rUTI_ERR14226129,rUTI,IncFIA,1
rUTI_ERR14226129,rUTI,IncFIB,1
rUTI_ERR14226129,rUTI,IncFIC,1
rUTI_ERR14226129,rUTI,IncI1/B/O,1
rUTI_ERR14226129,rUTI,rep_cluster_1451,1
rUTI_ERR14226129,rUTI,rep_cluster_2131,1
rUTI_ERR14226130,rUTI,IncI-gamma/K1,1
rUTI_ERR14226130,rUTI,rep_cluster_2175,1
rUTI_ERR14226131,rUTI,IncHI1B,1
rUTI_ERR14226132,rUTI,IncHI1B,1
rUTI_ERR14226133,rUTI,ColRNAI_rep_cluster_1857,1
rUTI_ERR14226133,rUTI,rep_cluster_2335,1
rUTI_ERR14226133,rUTI,rep_cluster_2392,1
rUTI_ERR14226134,rUTI,ColRNAI_rep_cluster_1857,1
rUTI_ERR14226134,rUTI,rep_cluster_2335,1
rUTI_ERR14226134,rUTI,rep_cluster_2392,1
rUTI_ERR14226135,rUTI,Col(MG828),1
rUTI_ERR14226135,rUTI,IncI1/B/O,1
rUTI_ERR14226135,rUTI,IncI2,1
rUTI_ERR14226135,rUTI,IncX1,1
rUTI_ERR14226135,rUTI,rep_cluster_2335,1
rUTI_ERR14226135,rUTI,rep_cluster_2350,1
rUTI_ERR14226135,rUTI,rep_cluster_2370,1
rUTI_ERR14226137,rUTI,IncFIA,1
rUTI_ERR14226137,rUTI,IncFIB,1
rUTI_ERR14226137,rUTI,rep_cluster_2131,1
rUTI_ERR14226143,rUTI,IncFIA,1
rUTI_ERR14226143,rUTI,IncFIB,1
rUTI_ERR14226143,rUTI,IncFIC,1
rUTI_ERR14226143,rUTI,IncK2/Z,1
rUTI_ERR14226143,rUTI,rep_cluster_2131,1
rUTI_ERR14226144,rUTI,IncFIA,1
rUTI_ERR14226144,rUTI,IncFIB,1
rUTI_ERR14226144,rUTI,IncK2/Z,1
rUTI_ERR14226144,rUTI,rep_cluster_2131,1
rUTI_ERR14226145,rUTI,IncFIA,1
rUTI_ERR14226145,rUTI,IncFIB,1
rUTI_ERR14226145,rUTI,IncFIC,1
rUTI_ERR14226145,rUTI,IncK2/Z,1
rUTI_ERR14226145,rUTI,rep_cluster_2131,1
rUTI_ERR14226147,rUTI,Col(BS512),1
rUTI_ERR14226147,rUTI,Col(MG828),1
rUTI_ERR14226147,rUTI,IncFIA,1
rUTI_ERR14226147,rUTI,IncFIB,1
rUTI_ERR14226147,rUTI,IncFII,1
rUTI_ERR14226147,rUTI,rep_cluster_1778,1
rUTI_ERR14226147,rUTI,rep_cluster_2131,1
rUTI_ERR14226147,rUTI,rep_cluster_2335,1
rUTI_ERR14226147,rUTI,rep_cluster_2350,1
rUTI_ERR14226149,rUTI,IncFIC,1
rUTI_ERR14226149,rUTI,IncK2/Z,1
rUTI_ERR14226151,rUTI,Col(MG828),1
rUTI_ERR14226151,rUTI,IncFIB,1
rUTI_ERR14226151,rUTI,IncFIC,1
rUTI_ERR14226151,rUTI,rep_cluster_2244,1
rUTI_ERR14226152,rUTI,IncFIA,1
rUTI_ERR14226152,rUTI,IncFIB,1
rUTI_ERR14226152,rUTI,rep_cluster_2131,1
rUTI_ERR14226153,rUTI,IncI1/B/O,1
rUTI_ERR14226153,rUTI,rep_cluster_1778,1
rUTI_ERR14226153,rUTI,rep_cluster_2350,1
rUTI_ERR14226154,rUTI,IncFIA,1
rUTI_ERR14226154,rUTI,IncFIB,1
rUTI_ERR14226154,rUTI,IncFIC,1
rUTI_ERR14226155,rUTI,rep_cluster_1704,1
rUTI_ERR14226157,rUTI,Col(MG828),1
rUTI_ERR14226157,rUTI,ColRNAI_rep_cluster_1857,1
rUTI_ERR14226157,rUTI,IncFIA,1
rUTI_ERR14226157,rUTI,IncI2,1
rUTI_ERR14226157,rUTI,rep_cluster_2131,1
rUTI_ERR14226157,rUTI,rep_cluster_2350,1
rUTI_ERR14226158,rUTI,Col(MG828),1
rUTI_ERR14226158,rUTI,IncFIB,1
rUTI_ERR14226158,rUTI,rep_cluster_2131,1
rUTI_ERR14226159,rUTI,Col(MG828),1
rUTI_ERR14226159,rUTI,IncFIA,1
rUTI_ERR14226159,rUTI,IncFIC,1
rUTI_ERR14226159,rUTI,IncFII,1
rUTI_ERR14226159,rUTI,IncI2,1
rUTI_ERR14226159,rUTI,rep_cluster_2131,1
rUTI_ERR14226159,rUTI,rep_cluster_2350,1
rUTI_ERR14226160,rUTI,Col(MG828),1
rUTI_ERR14226160,rUTI,IncFIA,1
rUTI_ERR14226160,rUTI,IncI2,1
rUTI_ERR14226160,rUTI,rep_cluster_2131,1
rUTI_ERR14226160,rUTI,rep_cluster_2350,1
rUTI_ERR14226161,rUTI,Col(MG828),1
rUTI_ERR14226161,rUTI,IncFIA,1
rUTI_ERR14226161,rUTI,IncFII,1
rUTI_ERR14226161,rUTI,IncI2,1
rUTI_ERR14226161,rUTI,rep_cluster_2131,1
rUTI_ERR14226161,rUTI,rep_cluster_2350,1
rUTI_ERR14226162,rUTI,Col(MG828),1
rUTI_ERR14226162,rUTI,IncFIB,1
rUTI_ERR14226162,rUTI,rep_cluster_2131,1
rUTI_ERR14226163,rUTI,ColpVC,1
rUTI_ERR14226164,rUTI,IncFIA,1
rUTI_ERR14226164,rUTI,IncFIB,1
rUTI_ERR14226165,rUTI,IncFIA,1
rUTI_ERR14226165,rUTI,IncFIB,1
rUTI_ERR14226165,rUTI,IncFIC,1
rUTI_ERR14226165,rUTI,rep_cluster_2131,1
rUTI_ERR14226166,rUTI,IncFIA,1
rUTI_ERR14226166,rUTI,IncFIB,1
rUTI_ERR14226166,rUTI,rep_cluster_2131,1
rUTI_ERR14226167,rUTI,IncFIA,1
rUTI_ERR14226167,rUTI,IncFIB,1
rUTI_ERR14226167,rUTI,IncFIC,1
rUTI_ERR14226167,rUTI,rep_cluster_2350,1
rUTI_ERR14226168,rUTI,IncFIA,1
rUTI_ERR14226168,rUTI,IncFIB,1
rUTI_ERR14226168,rUTI,IncFIC,1
rUTI_ERR14226168,rUTI,rep_cluster_2131,1
rUTI_ERR14226169,rUTI,IncFIA,1
rUTI_ERR14226169,rUTI,IncFIB,1
rUTI_ERR14226169,rUTI,IncFII,1
rUTI_ERR14226169,rUTI,rep_cluster_2131,1
rUTI_ERR14226171,rUTI,IncFIA,1
rUTI_ERR14226171,rUTI,IncFIB,1
rUTI_ERR14226171,rUTI,IncFIC,1
rUTI_ERR14226171,rUTI,IncX1,1
rUTI_ERR14226171,rUTI,rep_cluster_2131,1
rUTI_ERR14226172,rUTI,IncFIA,1
rUTI_ERR14226172,rUTI,IncFIB,1
rUTI_ERR14226172,rUTI,IncX1,1
rUTI_ERR14226172,rUTI,rep_cluster_2131,1
rUTI_ERR14226173,rUTI,IncFIA,1
rUTI_ERR14226173,rUTI,IncFIB,1
rUTI_ERR14226173,rUTI,rep_cluster_2131,1
rUTI_ERR14226175,rUTI,Col(BS512),1
rUTI_ERR14226175,rUTI,ColRNAI_rep_cluster_1987,1
rUTI_ERR14226175,rUTI,IncFIB,1
rUTI_ERR14226175,rUTI,IncFII,1
rUTI_ERR14226175,rUTI,IncQ1,1
rUTI_ERR14226175,rUTI,rep_cluster_2131,1
rUTI_ERR14226175,rUTI,rep_cluster_2141,1
rUTI_ERR14226175,rUTI,rep_cluster_2350,1
rUTI_ERR14226176,rUTI,Col(MG828),1
rUTI_ERR14226176,rUTI,IncFIA,1
rUTI_ERR14226176,rUTI,IncFIB,1
rUTI_ERR14226176,rUTI,IncFII,1
rUTI_ERR14226176,rUTI,rep_cluster_2131,1
rUTI_ERR14226176,rUTI,rep_cluster_2335,1
rUTI_ERR14226176,rUTI,rep_cluster_2370,1
rUTI_ERR14226177,rUTI,IncFIA,1
rUTI_ERR14226177,rUTI,IncFIB,1
rUTI_ERR14226177,rUTI,rep_cluster_2131,1
rUTI_ERR14226179,rUTI,IncFIA,1
rUTI_ERR14226179,rUTI,IncFIB,1
rUTI_ERR14226179,rUTI,IncFIC,1
rUTI_ERR14226179,rUTI,rep_cluster_2131,1
rUTI_ERR14226180,rUTI,ColpVC,1
rUTI_ERR14226180,rUTI,IncFIA,1
rUTI_ERR14226180,rUTI,IncFIB,1
rUTI_ERR14226180,rUTI,IncFIC,1
rUTI_ERR14226180,rUTI,IncI-gamma/K1,1
rUTI_ERR14226181,rUTI,IncFIA,1
rUTI_ERR14226181,rUTI,IncFIB,1
rUTI_ERR14226181,rUTI,IncFIC,1
rUTI_ERR14226181,rUTI,IncI-gamma/K1,1
rUTI_ERR14226182,rUTI,IncFIB,1
rUTI_ERR14226182,rUTI,IncI-gamma/K1,1
rUTI_ERR14226183,rUTI,IncFIA,1
rUTI_ERR14226183,rUTI,IncFIB,1
rUTI_ERR14226183,rUTI,rep_cluster_2131,1
rUTI_ERR14226184,rUTI,Col(MG828),1
rUTI_ERR14226184,rUTI,IncFIA,1
rUTI_ERR14226184,rUTI,IncFIB,1
rUTI_ERR14226184,rUTI,IncFIC,1
rUTI_ERR14226184,rUTI,IncFII,1
rUTI_ERR14226184,rUTI,IncK2/Z,1
rUTI_ERR14226184,rUTI,rep_cluster_1778,1
rUTI_ERR14226184,rUTI,rep_cluster_2131,1
rUTI_ERR14226184,rUTI,rep_cluster_2141,1
rUTI_ERR14226184,rUTI,rep_cluster_2150,1
rUTI_ERR14226184,rUTI,rep_cluster_2350,1
rUTI_ERR14226185,rUTI,Col(MG828),1
rUTI_ERR14226185,rUTI,IncFIA,1
rUTI_ERR14226185,rUTI,IncFIB,1
rUTI_ERR14226185,rUTI,IncFIC,1
rUTI_ERR14226185,rUTI,IncFII,1
rUTI_ERR14226185,rUTI,IncK2/Z,1
rUTI_ERR14226185,rUTI,rep_cluster_1778,1
rUTI_ERR14226185,rUTI,rep_cluster_2131,1
rUTI_ERR14226185,rUTI,rep_cluster_2141,1
rUTI_ERR14226185,rUTI,rep_cluster_2150,1
rUTI_ERR14226185,rUTI,rep_cluster_2350,1
rUTI_ERR14226187,rUTI,IncFIA,1
rUTI_ERR14226187,rUTI,IncX1,1
rUTI_ERR14226187,rUTI,IncX3,1
rUTI_ERR14226188,rUTI,IncFIA,1
rUTI_ERR14226188,rUTI,IncFIC,1
rUTI_ERR14226188,rUTI,IncI1/B/O,1
rUTI_ERR14226188,rUTI,rep_cluster_1778,1
rUTI_ERR14226188,rUTI,rep_cluster_2175,1
rUTI_ERR14226188,rUTI,rep_cluster_2350,1
rUTI_ERR14226188,rUTI,rep_cluster_2401,1
rUTI_ERR14226191,rUTI,Col156,1
rUTI_ERR14226191,rUTI,ColpVC,1
rUTI_ERR14226191,rUTI,rep_cluster_1778,1
rUTI_ERR14226192,rUTI,IncFIA,1
rUTI_ERR14226192,rUTI,IncFIB,1
rUTI_ERR14226192,rUTI,IncQ1,1
rUTI_ERR14226194,rUTI,IncFIA,1
rUTI_ERR14226194,rUTI,IncFIB,1
rUTI_ERR14226194,rUTI,IncFIC,1
rUTI_ERR14226194,rUTI,IncHI1B,1
rUTI_ERR14226194,rUTI,IncK2/Z,1
rUTI_ERR14226194,rUTI,IncX1,1
rUTI_ERR14226195,rUTI,Col156,1
rUTI_ERR14226195,rUTI,IncFIA,1
rUTI_ERR14226195,rUTI,IncFIB,1
rUTI_ERR14226195,rUTI,IncFII,1
rUTI_ERR14226195,rUTI,rep_cluster_2131,1
rUTI_ERR14226195,rUTI,rep_cluster_2335,1
rUTI_ERR14226196,rUTI,Col(MG828),1
rUTI_ERR14226196,rUTI,Col(MP18),1
rUTI_ERR14226196,rUTI,rep_cluster_1778,1
rUTI_ERR14226196,rUTI,rep_cluster_2141,1
rUTI_ERR14226197,rUTI,IncFIA,1
rUTI_ERR14226197,rUTI,IncFIB,1
rUTI_ERR14226197,rUTI,rep_cluster_2131,1
rUTI_ERR14226198,rUTI,Col(MG828),1
rUTI_ERR14226198,rUTI,IncFIB,1
rUTI_ERR14226198,rUTI,IncFIC,1
rUTI_ERR14226198,rUTI,IncN,1
rUTI_ERR14226198,rUTI,IncX1,1
rUTI_ERR14226198,rUTI,rep_cluster_2244,1
rUTI_ERR14226198,rUTI,rep_cluster_2350,1
rUTI_ERR14226200,rUTI,Col(MG828),1
rUTI_ERR14226200,rUTI,IncFIB,1
rUTI_ERR14226200,rUTI,IncFIC,1
rUTI_ERR14226200,rUTI,IncN,1
rUTI_ERR14226200,rUTI,IncX1,1
rUTI_ERR14226200,rUTI,rep_cluster_2244,1
rUTI_ERR14226200,rUTI,rep_cluster_2350,1
rUTI_ERR14226201,rUTI,IncFIA,1
rUTI_ERR14226201,rUTI,IncFIC,1
rUTI_ERR14226201,rUTI,rep_cluster_2335,1
rUTI_ERR14226202,rUTI,IncFIA,1
rUTI_ERR14226202,rUTI,IncFIC,1
rUTI_ERR14226202,rUTI,rep_cluster_2335,1
rUTI_ERR14226205,rUTI,Col(MG828),1
rUTI_ERR14226205,rUTI,ColpVC,1
rUTI_ERR14226205,rUTI,IncFIA,1
rUTI_ERR14226205,rUTI,IncFIB,1
rUTI_ERR14226205,rUTI,IncFIC,1
rUTI_ERR14226205,rUTI,IncI1/B/O,1
rUTI_ERR14226205,rUTI,rep_cluster_1778,1
rUTI_ERR14226205,rUTI,rep_cluster_2131,1
rUTI_ERR14226205,rUTI,rep_cluster_2150,1
rUTI_ERR14226205,rUTI,rep_cluster_2350,1
rUTI_ERR14226205,rUTI,rep_cluster_2370,1
rUTI_ERR14226205,rUTI,rep_cluster_2401,1
rUTI_ERR14226205,rUTI,rep_cluster_488,1
rUTI_ERR14226207,rUTI,IncFIA,1
rUTI_ERR14226207,rUTI,IncFIB,1
rUTI_ERR14226207,rUTI,rep_cluster_1778,1
rUTI_ERR14226208,rUTI,Col(MG828),1
rUTI_ERR14226208,rUTI,Col156,1
rUTI_ERR14226208,rUTI,ColRNAI_rep_cluster_1857,1
rUTI_ERR14226208,rUTI,IncFIA,1
rUTI_ERR14226208,rUTI,IncFIC,1
rUTI_ERR14226208,rUTI,IncFII,1
rUTI_ERR14226208,rUTI,IncY,1
rUTI_ERR14226209,rUTI,Col(MG828),1
rUTI_ERR14226209,rUTI,Col156,1
rUTI_ERR14226209,rUTI,IncFIA,1
rUTI_ERR14226209,rUTI,IncFIC,1
rUTI_ERR14226209,rUTI,IncFII,1
rUTI_ERR14226209,rUTI,IncN,1
rUTI_ERR14226209,rUTI,IncY,1
rUTI_ERR14226209,rUTI,rep_cluster_2350,1
rUTI_ERR14226211,rUTI,IncK2/Z,1
rUTI_ERR14226213,rUTI,Col(BS512),1
rUTI_ERR14226213,rUTI,IncHI1B,1
rUTI_ERR14226213,rUTI,rep_cluster_2141,1
rUTI_ERR14226214,rUTI,Col(MG828),1
rUTI_ERR14226214,rUTI,Col156,1
rUTI_ERR14226214,rUTI,ColpVC,1
rUTI_ERR14226214,rUTI,IncFIA,1
rUTI_ERR14226214,rUTI,IncFIB,1
rUTI_ERR14226214,rUTI,IncQ1,1
rUTI_ERR14226214,rUTI,rep_cluster_1778,1
rUTI_ERR14226214,rUTI,rep_cluster_2131,1
rUTI_ERR14226214,rUTI,rep_cluster_2350,1
rUTI_ERR14226214,rUTI,rep_cluster_2361,1
rUTI_ERR14226215,rUTI,rep_cluster_2350,1
rUTI_ERR14226215,rUTI,rep_cluster_2370,1
rUTI_ERR14226216,rUTI,Col(MG828),1
rUTI_ERR14226216,rUTI,rep_cluster_2350,1
rUTI_ERR14226217,rUTI,Col(MG828),1
rUTI_ERR14226217,rUTI,rep_cluster_2350,1
rUTI_ERR14226218,rUTI,rep_cluster_2350,1
rUTI_ERR14226219,rUTI,Col(MG828),1
rUTI_ERR14226219,rUTI,rep_cluster_2350,1
rUTI_ERR14226220,rUTI,Col(MG828),1
rUTI_ERR14226220,rUTI,rep_cluster_2350,1
rUTI_ERR14226222,rUTI,Col(MG828),1
rUTI_ERR14226222,rUTI,IncFIB,1
rUTI_ERR14226222,rUTI,IncFIC,1
rUTI_ERR14226222,rUTI,IncI-gamma/K1,1
rUTI_ERR14226222,rUTI,IncK2/Z,1
rUTI_ERR14226222,rUTI,rep_cluster_2244,1
rUTI_ERR14226222,rUTI,rep_cluster_2313,1
rUTI_ERR14226223,rUTI,rep_cluster_2350,1
rUTI_ERR14226223,rUTI,rep_cluster_2358,1
rUTI_ERR14226224,rUTI,IncK2/Z,1
rUTI_ERR14226225,rUTI,IncFIA,1
rUTI_ERR14226225,rUTI,IncFIB,1
rUTI_ERR14226225,rUTI,IncFIC,1
rUTI_ERR14226225,rUTI,rep_cluster_2131,1
rUTI_ERR14226227,rUTI,IncFIA,1
rUTI_ERR14226227,rUTI,IncFIB,1
rUTI_ERR14226227,rUTI,IncFIC,1
rUTI_ERR14226229,rUTI,IncFIA,1
rUTI_ERR14226229,rUTI,IncFIB,1
rUTI_ERR14226229,rUTI,IncQ1,1
rUTI_ERR14226229,rUTI,rep_cluster_2131,1
rUTI_ERR14226230,rUTI,IncFIA,1
rUTI_ERR14226230,rUTI,IncFIB,1
rUTI_ERR14226230,rUTI,IncQ1,1
rUTI_ERR14226230,rUTI,rep_cluster_2131,1
rUTI_ERR14226231,rUTI,IncFIA,1
rUTI_ERR14226231,rUTI,IncFIB,1
rUTI_ERR14226231,rUTI,rep_cluster_2350,1
rUTI_ERR14226232,rUTI,IncFIB,1
rUTI_ERR14226232,rUTI,IncFIC,1
rUTI_ERR14226232,rUTI,IncFII,1
rUTI_ERR14226232,rUTI,IncX1,1
rUTI_ERR14226232,rUTI,rep_cluster_2335,1
rUTI_ERR14226232,rUTI,rep_cluster_2370,1
rUTI_ERR14226233,rUTI,IncFIA,1
rUTI_ERR14226233,rUTI,IncFIB,1
rUTI_ERR14226233,rUTI,IncFIC,1
rUTI_ERR14226233,rUTI,rep_cluster_488,1
rUTI_ERR14226234,rUTI,rep_cluster_2350,1
rUTI_ERR14226235,rUTI,rep_cluster_2350,1
rUTI_ERR14226235,rUTI,rep_cluster_2370,1
rUTI_ERR14226236,rUTI,IncFIA,1
rUTI_ERR14226236,rUTI,IncFIB,1
rUTI_ERR14226236,rUTI,IncFIC,1
rUTI_ERR14226236,rUTI,rep_cluster_2350,1
rUTI_ERR14226237,rUTI,rep_cluster_2350,1
rUTI_ERR14226237,rUTI,rep_cluster_2358,1
rUTI_ERR14226238,rUTI,rep_cluster_2350,1
rUTI_ERR14226239,rUTI,IncFIA,1
rUTI_ERR14226239,rUTI,rep_cluster_2350,1
rUTI_ERR14226245,rUTI,IncFIA,1
rUTI_ERR14226245,rUTI,IncFIB,1
rUTI_ERR14226245,rUTI,IncK2/Z,1
rUTI_ERR14226245,rUTI,rep_cluster_2131,1
rUTI_ERR4556422,rUTI,Col156,1
rUTI_ERR4556422,rUTI,IncK2/Z,1
rUTI_ERR4556424,rUTI,IncFIB,1
rUTI_ERR4556424,rUTI,IncK2/Z,1
rUTI_ERR4556424,rUTI,rep_cluster_2244,1
rUTI_ERR4556424,rUTI,rep_cluster_2350,1
rUTI_ERR4556424,rUTI,rep_cluster_2361,1
rUTI_ERR4556426,rUTI,IncFIA,1
rUTI_ERR4556426,rUTI,IncFIB,1
rUTI_ERR4556426,rUTI,IncFIC,1
rUTI_ERR4556426,rUTI,IncX1,1
rUTI_ERR4556426,rUTI,rep_cluster_2131,1
rUTI_ERR4556428,rUTI,IncFIA,1
rUTI_ERR4556435,rUTI,IncFIA,1
rUTI_ERR4556435,rUTI,IncK2/Z,1
rUTI_ERR4556439,rUTI,IncI-gamma/K1,1
rUTI_ERR4556439,rUTI,IncI1/B/O,1
rUTI_ERR4556439,rUTI,IncX4,1
rUTI_ERR4556449,rUTI,IncFIA,1
rUTI_ERR4556449,rUTI,IncFIC,1
rUTI_ERR4556462,rUTI,IncI-gamma/K1,1
rUTI_ERR4556464,rUTI,ColpVC,1
rUTI_ERR4556465,rUTI,IncK2/Z,1
rUTI_ERR4556466,rUTI,IncFIA,1
rUTI_ERR4556466,rUTI,IncFIB,1
rUTI_ERR4556466,rUTI,IncFIC,1
rUTI_GCA_004135165,rUTI,IncFIA,1
rUTI_GCA_004135165,rUTI,IncFIB,1
rUTI_GCA_004135165,rUTI,IncFII,1
rUTI_GCA_004135165,rUTI,rep_cluster_1778,1
rUTI_GCA_004135165,rUTI,rep_cluster_2131,1
rUTI_GCA_004135165,rUTI,rep_cluster_2350,1
rUTI_GCA_004135165,rUTI,rep_cluster_2401,1
rUTI_GCA_004135915,rUTI,IncFIA,1
rUTI_GCA_004135915,rUTI,IncFIB,1
rUTI_GCA_004135915,rUTI,IncFIC,1
rUTI_GCA_004135915,rUTI,IncFII,1
rUTI_GCA_004135915,rUTI,rep_cluster_1778,1
rUTI_GCA_004135915,rUTI,rep_cluster_2131,1
rUTI_GCA_004135915,rUTI,rep_cluster_2350,1
rUTI_GCA_004135915,rUTI,rep_cluster_2401,1
rUTI_GCA_004141955,rUTI,IncFIA,1
rUTI_GCA_004141955,rUTI,IncFIB,1
rUTI_GCA_004141955,rUTI,IncFII,1
rUTI_GCA_004141955,rUTI,IncI1/B/O,1
rUTI_GCA_004141955,rUTI,IncN,1
rUTI_GCA_004141955,rUTI,rep_cluster_1778,1
rUTI_GCA_004141955,rUTI,rep_cluster_2131,1
rUTI_GCA_004141955,rUTI,rep_cluster_2350,1
rUTI_GCA_004141955,rUTI,rep_cluster_2401,1
rUTI_GCA_004193755,rUTI,IncFIA,1
rUTI_GCA_004193755,rUTI,IncFIC,1
rUTI_GCA_004193755,rUTI,IncI1/B/O,1
rUTI_GCA_004193755,rUTI,rep_cluster_1778,1
rUTI_GCA_004193755,rUTI,rep_cluster_2350,1
rUTI_GCA_004193755,rUTI,rep_cluster_2401,1
rUTI_GCA_011751215,rUTI,IncFIA,1
rUTI_GCA_011751215,rUTI,IncFIB,1
rUTI_GCA_011751215,rUTI,IncFIC,1
rUTI_GCA_011751215,rUTI,rep_cluster_2358,1
rUTI_GCA_011751215,rUTI,rep_cluster_2373,1
rUTI_GCA_011751245,rUTI,rep_cluster_488,1
rUTI_GCA_011751285,rUTI,IncFIB,1
rUTI_GCA_011751305,rUTI,Col(MG828),1
rUTI_GCA_011751305,rUTI,Col156,1
rUTI_GCA_011751305,rUTI,IncFIA,1
rUTI_GCA_011751305,rUTI,IncFIB,1
rUTI_GCA_011751305,rUTI,IncFIC,1
rUTI_GCA_011751305,rUTI,rep_cluster_1778,1
rUTI_GCA_011751305,rUTI,rep_cluster_2131,1
rUTI_GCA_011751325,rUTI,IncFIB,1
rUTI_GCA_011751325,rUTI,IncFIC,1
rUTI_GCA_011751325,rUTI,IncFII,1
rUTI_GCA_011751325,rUTI,IncK2/Z,1
rUTI_GCA_011751325,rUTI,rep_cluster_1778,1
rUTI_GCA_011751325,rUTI,rep_cluster_2401,1
rUTI_GCA_011751345,rUTI,IncK2/Z,1
rUTI_GCA_011751345,rUTI,rep_cluster_488,1
rUTI_GCA_011751355,rUTI,Col(MG828),1
rUTI_GCA_011751375,rUTI,IncFIA,1
rUTI_GCA_011751375,rUTI,IncFIB,1
rUTI_GCA_011751375,rUTI,IncFIC,1
rUTI_GCA_011751375,rUTI,rep_cluster_2131,1
rUTI_GCA_011751405,rUTI,Col(MG828),1
rUTI_GCA_011751405,rUTI,Col156,1
rUTI_GCA_011751405,rUTI,IncFIA,1
rUTI_GCA_011751405,rUTI,IncFIC,1
rUTI_GCA_011751405,rUTI,rep_cluster_1778,1
rUTI_GCA_011751425,rUTI,rep_cluster_2350,1
rUTI_GCA_013372305,rUTI,Col(BS512),1
rUTI_GCA_013372305,rUTI,Col156,1
rUTI_GCA_013372305,rUTI,IncFIB,1
rUTI_GCA_013372305,rUTI,IncFII,1
rUTI_GCA_013372305,rUTI,IncI1/B/O,1
rUTI_GCA_013372305,rUTI,IncQ1,1
rUTI_GCA_013372325,rUTI,Col156,1
rUTI_GCA_013372325,rUTI,IncFIA,1
rUTI_GCA_013372325,rUTI,IncFIB,1
rUTI_GCA_013372325,rUTI,IncFII,1
rUTI_GCA_013372325,rUTI,IncI1/B/O,1
rUTI_GCA_013372325,rUTI,rep_cluster_2131,1
rUTI_GCA_013372365,rUTI,IncFIA,1
rUTI_GCA_013372365,rUTI,IncFIB,1
rUTI_GCA_013372365,rUTI,IncFIC,1
rUTI_GCA_013372365,rUTI,rep_cluster_2335,1
rUTI_GCA_013372385,rUTI,rep_cluster_2370,1
rUTI_GCA_013372405,rUTI,Col(MG828),1
rUTI_GCA_013372405,rUTI,IncFIA,1
rUTI_GCA_013372405,rUTI,IncFIB,1
rUTI_GCA_013372405,rUTI,IncFIC,1
rUTI_GCA_013372405,rUTI,rep_cluster_1778,1
rUTI_GCA_013372405,rUTI,rep_cluster_2131,1
rUTI_GCA_013372425,rUTI,Col(MG828),1
rUTI_GCA_013372425,rUTI,IncFIA,1
rUTI_GCA_013372425,rUTI,IncFIB,1
rUTI_GCA_013372425,rUTI,IncFII,1
rUTI_GCA_013372425,rUTI,IncQ1,1
rUTI_GCA_017352035,rUTI,IncFIB,1
rUTI_GCA_017352035,rUTI,IncFII,1
rUTI_GCA_017352035,rUTI,IncQ1,1
rUTI_GCA_017352055,rUTI,IncFII,1
rUTI_GCA_017352055,rUTI,IncX1,1
rUTI_GCA_017352075,rUTI,IncFIA,1
rUTI_GCA_017352075,rUTI,IncFIB,1
rUTI_GCA_017352075,rUTI,IncFIC,1
rUTI_GCA_017352075,rUTI,IncI-gamma/K1,1
rUTI_GCA_017352075,rUTI,IncQ1,1
rUTI_GCA_019443605,rUTI,Col(BS512),1
rUTI_GCA_019443605,rUTI,Col(MG828),1
rUTI_GCA_019443605,rUTI,IncFIB,1
rUTI_GCA_019443605,rUTI,IncFII,1
rUTI_GCA_019443605,rUTI,IncI1/B/O,1
rUTI_GCA_019443605,rUTI,rep_cluster_2131,1
rUTI_GCA_019443605,rUTI,rep_cluster_2401,1
rUTI_GCA_019443685,rUTI,Col(BS512),1
rUTI_GCA_019443685,rUTI,IncFIB,1
rUTI_GCA_019443685,rUTI,IncFII,1
rUTI_GCA_019443685,rUTI,IncQ1,1
rUTI_GCA_019443685,rUTI,rep_cluster_1778,1
rUTI_GCA_019443685,rUTI,rep_cluster_2131,1
rUTI_GCA_019443685,rUTI,rep_cluster_2401,1
rUTI_GCA_021496405,rUTI,IncFIA,1
rUTI_GCA_021496405,rUTI,IncFIC,1
rUTI_GCA_021496445,rUTI,Col156,1
rUTI_GCA_021496445,rUTI,IncFIA,1
rUTI_GCA_021496445,rUTI,IncFIB,1
rUTI_GCA_021496445,rUTI,IncFII,1
rUTI_GCA_021496445,rUTI,rep_cluster_2131,1
rUTI_GCA_023376095,rUTI,IncFIA,1
rUTI_GCA_023376095,rUTI,IncFII,1
rUTI_GCA_023376095,rUTI,IncK2/Z,1
rUTI_GCA_023376095,rUTI,IncY,1
rUTI_GCA_023376095,rUTI,rep_cluster_2350,1
rUTI_GCA_023376095,rUTI,rep_cluster_2401,1
rUTI_GCA_026968085,rUTI,IncFIB,1
rUTI_GCA_026968085,rUTI,IncFIC,1
rUTI_GCA_026968085,rUTI,rep_cluster_2244,1
rUTI_GCA_026968105,rUTI,IncFIA,1
rUTI_GCA_026968105,rUTI,IncFIB,1
rUTI_GCA_026968105,rUTI,IncFIC,1
rUTI_GCA_026968105,rUTI,rep_cluster_2131,1
rUTI_GCA_027474255,rUTI,Col156,1
rUTI_GCA_027474255,rUTI,IncFIA,1
rUTI_GCA_027474255,rUTI,IncFIB,1
rUTI_GCA_027474255,rUTI,IncFIC,1
rUTI_GCA_027474255,rUTI,rep_cluster_2131,1
rUTI_GCA_027474265,rUTI,IncFIA,1
rUTI_GCA_027474265,rUTI,IncFIB,1
rUTI_GCA_027474265,rUTI,IncFIC,1
rUTI_GCA_027474265,rUTI,rep_cluster_2131,1
rUTI_GCA_027474265,rUTI,rep_cluster_2401,1
rUTI_GCA_027474275,rUTI,IncFIA,1
rUTI_GCA_027474275,rUTI,IncFIB,1
rUTI_GCA_027474275,rUTI,IncFIC,1
rUTI_GCA_027474275,rUTI,rep_cluster_2131,1
rUTI_GCA_027474285,rUTI,IncFIA,1
rUTI_GCA_027474285,rUTI,IncFIB,1
rUTI_GCA_027474285,rUTI,IncFIC,1
rUTI_GCA_027474285,rUTI,rep_cluster_2131,1
rUTI_GCA_030707855,rUTI,IncFIA,1
rUTI_GCA_030707855,rUTI,IncFIB,1
rUTI_GCA_030707855,rUTI,IncFIC,1
rUTI_GCA_030707855,rUTI,rep_cluster_2131,1
rUTI_GCA_030707875,rUTI,IncFIA,1
rUTI_GCA_030707875,rUTI,IncFIB,1
rUTI_GCA_030707875,rUTI,IncFIC,1
rUTI_GCA_030707895,rUTI,Col(MG828),1
rUTI_GCA_030707895,rUTI,IncFIA,1
rUTI_GCA_030707895,rUTI,IncFIB,1
rUTI_GCA_030707895,rUTI,IncFII,1
rUTI_GCA_030707895,rUTI,IncI1/B/O,1
rUTI_GCA_030707895,rUTI,rep_cluster_1778,1
rUTI_GCA_030707915,rUTI,IncFIA,1
rUTI_GCA_030707915,rUTI,IncFIB,1
rUTI_GCA_030707915,rUTI,IncFIC,1
rUTI_GCA_030707935,rUTI,Col(MG828),1
rUTI_GCA_030707935,rUTI,IncFIA,1
rUTI_GCA_030707935,rUTI,IncFIC,1
rUTI_GCA_030707935,rUTI,IncFII,1
rUTI_GCA_030707935,rUTI,rep_cluster_1778,1
rUTI_GCA_030707935,rUTI,rep_cluster_488,1
rUTI_GCA_030707955,rUTI,IncFIA,1
rUTI_GCA_030707955,rUTI,IncFIB,1
rUTI_GCA_030707955,rUTI,IncFII,1
rUTI_GCA_030707955,rUTI,rep_cluster_2131,1
rUTI_GCA_030707975,rUTI,IncFIA,1
rUTI_GCA_030707975,rUTI,IncFIB,1
rUTI_GCA_030707975,rUTI,IncFII,1
rUTI_GCA_030707975,rUTI,rep_cluster_1778,1
rUTI_GCA_030707975,rUTI,rep_cluster_2131,1
rUTI_GCA_030707975,rUTI,rep_cluster_488,1
rUTI_GCA_030707995,rUTI,IncFIA,1
rUTI_GCA_030707995,rUTI,IncFIB,1
rUTI_GCA_030707995,rUTI,IncFIC,1
rUTI_GCA_030707995,rUTI,IncI1/B/O,1
rUTI_GCA_030707995,rUTI,rep_cluster_2131,1
rUTI_GCA_030707995,rUTI,rep_cluster_435,1
rUTI_GCA_030708015,rUTI,IncFIA,1
rUTI_GCA_030708015,rUTI,IncFIB,1
rUTI_GCA_030708015,rUTI,IncFIC,1
rUTI_GCA_030708035,rUTI,IncFIA,1
rUTI_GCA_030708035,rUTI,IncFIB,1
rUTI_GCA_030708035,rUTI,IncFIC,1
rUTI_GCA_030708035,rUTI,IncI1/B/O,1
rUTI_GCA_030708035,rUTI,rep_cluster_2131,1
rUTI_GCA_030708055,rUTI,IncFIA,1
rUTI_GCA_030708055,rUTI,IncFIB,1
rUTI_GCA_030708055,rUTI,IncFII,1
rUTI_GCA_030708055,rUTI,rep_cluster_1778,1
rUTI_GCA_030708055,rUTI,rep_cluster_2350,1
rUTI_GCA_030708535,rUTI,IncFIA,1
rUTI_GCA_030708535,rUTI,IncFIB,1
rUTI_GCA_030708535,rUTI,IncFIC,1
rUTI_GCA_030708535,rUTI,IncN,1
rUTI_GCA_030708535,rUTI,rep_cluster_2335,1
rUTI_GCA_034642615,rUTI,IncFIA,1
rUTI_GCA_034642615,rUTI,IncFIB,1
rUTI_GCA_034642615,rUTI,IncFII,1
rUTI_GCA_034642615,rUTI,rep_cluster_2131,1
rUTI_GCA_034642855,rUTI,IncFIA,1
rUTI_GCA_034642855,rUTI,IncFIB,1
rUTI_GCA_034642855,rUTI,IncFII,1
rUTI_GCA_034642955,rUTI,IncFIB,1
rUTI_GCA_034642955,rUTI,IncFII,1
rUTI_GCA_034642955,rUTI,IncI-gamma/K1,1
rUTI_GCA_034643255,rUTI,rep_cluster_2350,1
rUTI_GCA_034643695,rUTI,IncFIA,1
rUTI_GCA_034643695,rUTI,IncFIB,1
rUTI_GCA_034643695,rUTI,IncFIC,1
rUTI_GCA_034643695,rUTI,IncQ1,1
rUTI_GCA_034644215,rUTI,IncFIB,1
rUTI_GCA_034644215,rUTI,IncFII,1
rUTI_GCA_034644215,rUTI,IncK2/Z,1
rUTI_GCA_034644215,rUTI,IncQ1,1
rUTI_GCA_034644455,rUTI,Col156,1
rUTI_GCA_034644455,rUTI,IncFIA,1
rUTI_GCA_034644455,rUTI,IncFIB,1
