variant,af,filter-pvalue,lrt-pvalue,beta,beta-std-err,intercept,PC1,PC2,PC3,PC4,PC5,PC6,PC7,PC8,PC9,PC10,notes
group_1576,0.0265,0.00803,2.89e-06,3.24,0.838,-0.171,-0.64,-0.394,0.067,1.05,-0.111,1.21,-2.2,-0.505,-1.44,0.199,
group_10162,0.0265,0.00803,2.89e-06,3.24,0.838,-0.171,-0.64,-0.394,0.067,1.05,-0.111,1.21,-2.2,-0.505,-1.44,0.199,
group_539,0.0429,0.000464,2.13e-06,2.79,0.703,-0.183,-0.641,-0.413,0.124,1.07,-0.0542,1.1,-2.14,-0.402,-1.43,0.109,
group_538,0.0429,0.000464,2.13e-06,2.79,0.703,-0.183,-0.641,-0.413,0.124,1.07,-0.0542,1.1,-2.14,-0.402,-1.43,0.109,
group_543,0.0429,0.000464,2.13e-06,2.79,0.703,-0.183,-0.641,-0.413,0.124,1.07,-0.0542,1.1,-2.14,-0.402,-1.43,0.109,
group_534,0.0429,0.000464,2.13e-06,2.79,0.703,-0.183,-0.641,-0.413,0.124,1.07,-0.0542,1.1,-2.14,-0.402,-1.43,0.109,
group_520,0.0429,0.000464,2.13e-06,2.79,0.703,-0.183,-0.641,-0.413,0.124,1.07,-0.0542,1.1,-2.14,-0.402,-1.43,0.109,
group_8337,0.049,0.00742,1.23e-06,2.51,0.573,-0.212,-0.669,-0.369,0.12,1.17,-0.161,1.26,-2.35,-0.491,-1.54,0.125,
group_4771,0.0633,1.37e-06,4.97e-06,2.44,0.656,-0.189,-0.346,0.041,0.0584,0.659,-0.00828,0.774,-1.87,-0.497,-2.09,0.642,
group_7569,0.0633,1.37e-06,4.97e-06,2.44,0.656,-0.189,-0.346,0.041,0.0584,0.659,-0.00828,0.774,-1.87,-0.497,-2.09,0.642,
imm_1~~~imm_2,0.5,0.000824,1.82e-07,2.36,0.526,-1.28,-1.92,-0.648,-0.829,0.857,-0.0544,-0.556,-1.13,-0.0223,-1.43,0.427,
dsbI,0.678,0.000367,1.91e-06,2.09,0.468,-1.51,-1.78,0.183,-0.345,0.313,0.0957,-0.0231,0.0175,-0.531,-1.42,0.453,
dsbL_1~~~dsbL_2~~~dsbL,0.678,0.000367,1.91e-06,2.09,0.468,-1.51,-1.78,0.183,-0.345,0.313,0.0957,-0.0231,0.0175,-0.531,-1.42,0.453,
assT~~~assT_1~~~assT_2,0.678,0.000367,1.91e-06,2.09,0.468,-1.51,-1.78,0.183,-0.345,0.313,0.0957,-0.0231,0.0175,-0.531,-1.42,0.453,
group_11078,0.104,5.73e-08,1.01e-08,2.04,0.413,-0.252,-0.571,-0.357,-0.167,0.897,-0.0376,0.871,-2.03,-0.422,-1.58,0.332,
group_10526,0.0837,7.1e-05,3.88e-07,1.95,0.428,-0.226,-0.683,-0.412,-0.0641,1.04,-0.0606,1.01,-2.14,-0.417,-1.43,0.158,
group_8129,0.0735,0.000894,8.75e-07,1.95,0.435,-0.217,-0.67,-0.408,-0.0854,1.04,-0.0616,1.07,-2.18,-0.516,-1.44,0.3,
dnaB_1~~~dnaC_3~~~dnaB_3~~~dnaB_2,0.0735,0.000894,8.75e-07,1.95,0.435,-0.217,-0.67,-0.408,-0.0854,1.04,-0.0616,1.07,-2.18,-0.516,-1.44,0.3,
group_7900,0.431,0.147,1.26e-08,1.92,0.362,-0.872,-0.875,-1.13,0.969,0.675,-0.707,1.36,-2.17,-1.15,-1.38,-0.514,
group_11725,0.0714,0.00145,1.83e-06,1.91,0.437,-0.21,-0.664,-0.407,-0.0739,1.05,-0.0619,1.06,-2.17,-0.516,-1.44,0.301,
group_10027,0.143,0.000259,5.1e-08,1.89,0.379,-0.342,-0.675,-0.199,0.133,0.971,-0.0413,0.745,-2.04,-1.4,-1.87,-0.134,
group_5801,0.0776,0.000331,2.51e-06,1.86,0.434,-0.21,-0.665,-0.409,-0.0461,1.05,-0.0614,1.01,-2.12,-0.432,-1.43,0.176,
group_10609,0.12,1.23e-06,4.98e-06,1.82,0.445,-0.262,-0.617,-0.226,0.23,0.742,-0.0205,0.45,-1.59,-0.945,-1.77,-0.245,
group_7449,0.0857,0.000161,1.45e-06,1.81,0.411,-0.219,-0.66,-0.42,-0.0633,1.06,-0.0173,0.992,-2.14,-0.421,-1.43,0.166,
ldrD_2,0.147,2.58e-07,7.01e-06,1.72,0.419,-0.307,-0.239,0.265,0.0859,0.331,0.119,0.655,-0.795,-0.988,-2.18,0.0548,
group_8219,0.0918,0.000128,2.08e-06,1.71,0.392,-0.221,-0.641,-0.404,-0.0566,1.05,0.00152,0.973,-2.11,-0.446,-1.45,0.162,
group_5087,0.0918,0.000128,2.08e-06,1.71,0.392,-0.221,-0.641,-0.404,-0.0566,1.05,0.00152,0.973,-2.11,-0.446,-1.45,0.162,
group_9085,0.298,0.000127,1.04e-10,1.66,0.279,-0.561,-1.01,-0.339,0.334,0.856,-0.0893,1.28,-1.92,-0.812,-1.59,0.32,
dltA_1~~~dltA_2,0.267,6.04e-05,3.45e-07,1.6,0.328,-0.516,-1.12,-0.535,0.623,1.01,-0.0932,0.355,-1.63,-0.48,-1.42,-0.1,
intQ_2~~~intQ,0.0939,0.00027,6.41e-06,1.59,0.38,-0.215,-0.622,-0.411,-0.0556,1.06,0.0317,0.956,-2.11,-0.449,-1.45,0.169,
group_6673,0.194,3.81e-08,8.61e-10,1.59,0.274,-0.368,-0.848,-0.372,-0.03,0.902,-0.0782,0.72,-1.98,-0.622,-1.56,0.234,
group_10462,0.165,2.79e-08,8.35e-08,1.58,0.311,-0.319,-0.801,-0.44,-0.0526,0.993,-0.111,0.591,-1.83,-0.0578,-1.39,0.027,
group_596,0.276,0.000154,1.56e-06,1.58,0.342,-0.523,-1.12,-0.537,0.635,1.01,-0.0929,0.328,-1.61,-0.443,-1.41,-0.217,
group_3432,0.276,0.000154,1.54e-06,1.55,0.336,-0.516,-1.11,-0.535,0.625,1.01,-0.0929,0.336,-1.61,-0.456,-1.41,-0.13,
grsB,0.278,0.000235,3.42e-06,1.52,0.339,-0.508,-1.1,-0.532,0.614,1.01,-0.0926,0.338,-1.62,-0.44,-1.41,-0.143,
rcsA_1,0.278,0.000235,3.42e-06,1.52,0.339,-0.508,-1.1,-0.532,0.614,1.01,-0.0926,0.338,-1.62,-0.44,-1.41,-0.143,
mepA_2,0.278,0.000235,3.42e-06,1.52,0.339,-0.508,-1.1,-0.532,0.614,1.01,-0.0926,0.338,-1.62,-0.44,-1.41,-0.143,
mmgB~~~fadB_2~~~hbd,0.278,0.000235,3.42e-06,1.52,0.339,-0.508,-1.1,-0.532,0.614,1.01,-0.0926,0.338,-1.62,-0.44,-1.41,-0.143,
group_2760,0.278,0.000235,3.42e-06,1.52,0.339,-0.508,-1.1,-0.532,0.614,1.01,-0.0926,0.338,-1.62,-0.44,-1.41,-0.143,
flp,0.278,0.000235,3.42e-06,1.52,0.339,-0.508,-1.1,-0.532,0.614,1.01,-0.0926,0.338,-1.62,-0.44,-1.41,-0.143,
sfp,0.278,0.000235,3.42e-06,1.52,0.339,-0.508,-1.1,-0.532,0.614,1.01,-0.0926,0.338,-1.62,-0.44,-1.41,-0.143,
group_2481,0.278,0.000235,3.42e-06,1.52,0.339,-0.508,-1.1,-0.532,0.614,1.01,-0.0926,0.338,-1.62,-0.44,-1.41,-0.143,
ppsE_2~~~pksJ~~~ppsE,0.278,0.000235,3.42e-06,1.52,0.339,-0.508,-1.1,-0.532,0.614,1.01,-0.0926,0.338,-1.62,-0.44,-1.41,-0.143,
pikAV~~~lgrE~~~pikAV_1,0.278,0.000235,3.42e-06,1.52,0.339,-0.508,-1.1,-0.532,0.614,1.01,-0.0926,0.338,-1.62,-0.44,-1.41,-0.143,
dltA_2~~~tycC~~~dltA_3~~~angR~~~lgrD~~~grsB_1,0.278,0.000235,3.42e-06,1.52,0.339,-0.508,-1.1,-0.532,0.614,1.01,-0.0926,0.338,-1.62,-0.44,-1.41,-0.143,
dltC,0.278,0.000235,3.42e-06,1.52,0.339,-0.508,-1.1,-0.532,0.614,1.01,-0.0926,0.338,-1.62,-0.44,-1.41,-0.143,
group_1015,0.278,0.000235,3.42e-06,1.52,0.339,-0.508,-1.1,-0.532,0.614,1.01,-0.0926,0.338,-1.62,-0.44,-1.41,-0.143,
fenF,0.278,0.000235,3.42e-06,1.52,0.339,-0.508,-1.1,-0.532,0.614,1.01,-0.0926,0.338,-1.62,-0.44,-1.41,-0.143,
group_994,0.278,0.000235,3.42e-06,1.52,0.339,-0.508,-1.1,-0.532,0.614,1.01,-0.0926,0.338,-1.62,-0.44,-1.41,-0.143,
group_892,0.278,0.000235,3.42e-06,1.52,0.339,-0.508,-1.1,-0.532,0.614,1.01,-0.0926,0.338,-1.62,-0.44,-1.41,-0.143,
ppsB~~~dltA_2~~~dltA_1~~~srfAB~~~tdh_1,0.278,0.000235,3.42e-06,1.52,0.339,-0.508,-1.1,-0.532,0.614,1.01,-0.0926,0.338,-1.62,-0.44,-1.41,-0.143,
srfAA_1~~~srfAA,0.278,0.000235,3.42e-06,1.52,0.339,-0.508,-1.1,-0.532,0.614,1.01,-0.0926,0.338,-1.62,-0.44,-1.41,-0.143,
aam,0.278,0.000235,3.42e-06,1.52,0.339,-0.508,-1.1,-0.532,0.614,1.01,-0.0926,0.338,-1.62,-0.44,-1.41,-0.143,
group_10205,0.427,5.7e-10,1.87e-12,1.49,0.222,-0.709,-0.952,-0.24,-0.125,0.766,-0.00217,0.879,-1.93,-0.688,-1.35,0.0448,
group_6803,0.235,2e-07,1.11e-08,1.41,0.256,-0.398,-0.825,-0.421,0.0186,1.07,-0.0614,0.893,-1.28,-0.169,-1.6,0.319,
group_5473,0.147,0.000107,2.79e-06,1.37,0.306,-0.27,-0.601,-0.319,-0.341,0.929,-0.07,0.852,-2.15,-0.508,-1.65,0.401,
group_8961,0.196,8.33e-06,1.99e-07,1.36,0.269,-0.337,-0.846,-0.443,-0.014,1.01,-0.1,0.835,-2.06,-0.227,-1.44,0.223,
cbeA_1~~~cbeA_2~~~cbeA_3~~~cbeA_4~~~cbeA~~~cbeA_5,0.196,2.75e-07,7.74e-07,1.36,0.291,-0.323,-0.705,-0.463,0.0796,1.07,-0.015,0.512,-1.22,-0.715,-1.52,-0.179,
group_12043,0.129,0.000259,5.74e-06,1.35,0.314,-0.243,-0.605,-0.414,0.0357,1.02,-0.0262,0.939,-1.89,-0.587,-1.5,0.374,
cbtA~~~cbtA_1~~~cbtA_2~~~cbtA_3,0.604,1.2e-08,1.37e-08,1.32,0.241,-0.868,-0.727,-0.464,-0.449,1.08,0.206,0.476,-1.53,-0.531,-1.79,-0.16,
group_482,0.173,1.95e-05,1.2e-06,1.29,0.279,-0.289,-0.562,-0.427,0.0804,0.982,-0.0345,0.939,-2.12,-0.542,-1.42,0.279,
group_6374,0.243,4.15e-05,7.18e-06,1.27,0.294,-0.371,-0.883,-0.457,0.159,0.972,-0.098,0.348,-1.64,-0.824,-1.45,-0.025,
deoR_2~~~deoR_1,0.392,1.3e-06,9.93e-08,1.26,0.246,-0.566,-0.881,-0.585,-0.351,1.08,0.172,0.402,-1.47,-0.647,-1.48,-0.121,
group_412,0.224,7.86e-07,3.34e-06,1.24,0.277,-0.34,-0.805,-0.427,0.174,0.953,-0.123,0.431,-1.69,-0.578,-1.27,0.126,
group_298,0.292,5.61e-06,2.52e-06,1.23,0.269,-0.417,-0.815,-0.307,0.187,0.933,-0.0977,0.365,-1.61,-0.858,-1.75,0.0162,
group_8601,0.367,2.11e-09,5.55e-09,1.2,0.211,-0.506,-0.548,-0.406,0.142,1.1,-0.126,0.685,-1.76,-0.605,-1.96,0.134,
rrrD~~~rrrD_3~~~rrrD_1~~~rrrD_2,0.19,3.27e-05,6.61e-06,1.15,0.264,-0.285,-0.64,-0.47,0.0689,0.968,-0.104,0.829,-1.86,-0.416,-1.49,0.544,
group_11613,0.68,0.00202,2.52e-06,1.05,0.23,-0.783,-0.665,-0.355,-0.199,1.12,-0.0657,1.05,-2.02,-0.533,-1.77,-0.0781,
